schema_version,seq,wall_time,ros_time,status,global_frame,base_frame,robot_x,robot_y,robot_yaw,goal_x,goal_y,goal_frame,goal_raw_x,goal_raw_y,goal_in_base_x,goal_in_base_y,target_dist,target_angle,obs_dim,coverage_count,empty_group_count,min_pooled_range,normalized_action_linear,normalized_action_angular,cmd_published_linear,cmd_published_angular,experiment_id,experiment_profile,compensation_mode,action_mapping_mode,accel_limiter_mode,cmd_target_linear,cmd_target_angular,cmd_desired_linear,cmd_desired_angular,cmd_compensated_raw_linear,cmd_compensated_raw_angular,compensation_linear_accepted,compensation_angular_accepted,compensation_linear_reason,compensation_angular_reason,front_straightening_active
2,0,2026-07-20T00:19:24.357,1784477964.357248068,NAVIGATING,odom,base_link,0.017481,-0.000654,-0.028273,4.015873,-0.113723,odom,4.015873,-0.113723,3.999990,0.000006,3.999990,0.000001,548,90,0,0.765322,0.993805,-0.990633,0.061317,-0.061317,20260720_001838_030670609_S2L_r1_c1_final_off_live,c1_final_off,off,range,last_cmd_dt,0.896283,-0.832529,0.061317,-0.061317,nan,nan,0,0,off,off,0
2,1,2026-07-20T00:19:24.855,1784477964.855289221,NAVIGATING,odom,base_link,0.094766,-0.024792,-0.192292,4.015873,-0.113723,odom,4.015873,-0.113723,3.865833,0.662065,3.922116,0.169615,548,90,0,0.721682,0.992699,-0.869468,0.895619,-0.764860,20260720_001838_030670609_S2L_r1_c1_final_off_live,c1_final_off,off,range,last_cmd_dt,0.895619,-0.764860,0.895619,-0.764860,nan,nan,0,0,off,off,0
2,2,2026-07-20T00:19:25.356,1784477965.356496811,NAVIGATING,odom,base_link,0.380020,-0.108888,-0.385973,4.015873,-0.113723,odom,4.015873,-0.113723,3.370193,1.364275,3.635856,0.384643,548,90,0,0.687234,0.526939,0.261520,0.762219,0.133338,20260720_001838_030670609_S2L_r1_c1_final_off_live,c1_final_off,off,range,last_cmd_dt,0.616149,0.425334,0.762219,0.133338,nan,nan,0,0,off,off,0
2,3,2026-07-20T00:19:25.905,1784477965.905018568,NAVIGATING,odom,base_link,0.666430,-0.211680,-0.266163,4.015873,-0.113723,odom,4.015873,-0.113723,3.205734,0.975517,3.350875,0.295401,548,90,0,0.267373,-0.999753,-0.061373,-0.300355,0.460295,20260720_001838_030670609_S2L_r1_c1_final_off_live,c1_final_off,off,range,last_cmd_dt,-0.899852,-0.313556,-0.300355,0.460295,nan,nan,0,0,off,off,0
2,4,2026-07-20T00:19:26.405,1784477966.405021667,NAVIGATING,odom,base_link,0.552608,-0.196636,0.021062,4.015873,-0.113723,odom,4.015873,-0.113723,3.464243,0.009955,3.464258,0.002874,548,90,0,0.286311,-0.973706,0.811392,-0.884223,0.732426,20260720_001838_030670609_S2L_r1_c1_final_off_live,c1_final_off,off,range,last_cmd_dt,-0.884223,0.732426,-0.884223,0.732426,nan,nan,0,0,off,off,0
2,5,2026-07-20T00:19:26.955,1784477966.955280542,NAVIGATING,odom,base_link,0.265414,-0.237705,0.305603,4.015873,-0.113723,odom,4.015873,-0.113723,3.613986,-1.010158,3.752508,-0.272558,548,90,0,0.788609,0.813592,-0.828228,0.231250,0.246735,20260720_001838_030670609_S2L_r1_c1_final_off_live,c1_final_off,off,range,last_cmd_dt,0.788149,-0.741829,0.231250,0.246735,nan,nan,0,0,off,off,0
2,6,2026-07-20T00:19:27.456,1784477967.455993652,NAVIGATING,odom,base_link,0.328957,-0.223780,0.340718,4.015873,-0.113723,odom,4.015873,-0.113723,3.511751,-1.128304,3.688559,-0.310876,548,90,0,0.710577,0.784295,0.810784,0.770571,-0.049731,20260720_001838_030670609_S2L_r1_c1_final_off_live,c1_final_off,off,range,last_cmd_dt,0.770571,0.732087,0.770571,-0.049731,nan,nan,0,0,off,off,0
2,7,2026-07-20T00:19:28.005,1784477968.005825996,NAVIGATING,odom,base_link,0.570858,-0.129879,0.354561,4.015873,-0.113723,odom,4.015873,-0.113723,3.236340,-1.180886,3.445053,-0.349872,548,90,0,0.269288,-0.980978,-0.684635,-0.348410,0.373856,20260720_001838_030670609_S2L_r1_c1_final_off_live,c1_final_off,off,range,last_cmd_dt,-0.888586,-0.661635,-0.348410,0.373856,nan,nan,0,0,off,off,0
2,8,2026-07-20T00:19:28.556,1784477968.556764364,NAVIGATING,odom,base_link,0.497506,-0.198484,0.411356,4.015873,-0.113723,odom,4.015873,-0.113723,3.258754,-1.329140,3.519388,-0.387270,548,90,0,1.026991,0.995168,-0.920252,-0.198770,-0.078358,20260720_001838_030670609_S2L_r1_c1_final_off_live,c1_final_off,off,range,last_cmd_dt,0.897101,-0.793222,-0.198770,-0.078358,nan,nan,0,0,off,off,0
2,9,2026-07-20T00:19:29.056,1784477969.056076288,NAVIGATING,odom,base_link,0.427192,-0.190145,0.323627,4.015873,-0.113723,odom,4.015873,-0.113723,3.426690,-1.068771,3.589495,-0.302335,548,90,0,2.000000,0.999528,-0.946890,0.892200,-0.376830,20260720_001838_030670609_S2L_r1_c1_final_off_live,c1_final_off,off,range,last_cmd_dt,0.899717,-0.808099,0.892200,-0.376830,nan,nan,0,0,off,off,0
2,10,2026-07-20T00:19:29.605,1784477969.605529785,NAVIGATING,odom,base_link,0.641406,-0.050193,0.156799,4.015873,-0.113723,odom,4.015873,-0.113723,3.323149,-0.589699,3.375065,-0.175624,548,90,0,0.323247,0.326007,0.826153,0.708183,-0.493041,20260720_001838_030670609_S2L_r1_c1_final_off_live,c1_final_off,off,range,last_cmd_dt,0.495584,0.740670,0.708183,-0.493041,nan,nan,0,0,off,off,0
2,11,2026-07-20T00:19:30.105,1784477970.105745316,NAVIGATING,odom,base_link,0.873323,-0.066836,0.045929,4.015873,-0.113723,odom,4.015873,-0.113723,3.137084,-0.191120,3.142900,-0.060848,548,90,0,0.420320,-0.884693,0.917036,0.010300,0.597450,20260720_001838_030670609_S2L_r1_c1_final_off_live,c1_final_off,off,range,last_cmd_dt,-0.830812,0.791427,0.010300,0.597450,nan,nan,0,0,off,off,0
2,12,2026-07-20T00:19:30.605,1784477970.605834246,NAVIGATING,odom,base_link,0.937803,-0.034116,0.301740,4.015873,-0.113723,odom,4.015873,-0.113723,2.915347,-0.990758,3.079099,-0.327597,548,90,0,0.260675,0.588740,0.855127,0.014588,0.756851,20260720_001838_030670609_S2L_r1_c1_final_off_live,c1_final_off,off,range,last_cmd_dt,0.653232,0.756851,0.014588,0.756851,nan,nan,0,0,off,off,0
2,13,2026-07-20T00:19:31.155,1784477971.155216217,NAVIGATING,odom,base_link,0.897888,-0.056908,0.604791,4.015873,-0.113723,odom,4.015873,-0.113723,2.532615,-1.819593,3.118502,-0.623011,548,90,0,0.263674,0.676664,0.804771,0.165221,0.537190,20260720_001838_030670609_S2L_r1_c1_final_off_live,c1_final_off,off,range,last_cmd_dt,0.705989,0.728728,0.165221,0.537190,nan,nan,0,0,off,off,0
2,14,2026-07-20T00:19:31.655,1784477971.655500412,NAVIGATING,odom,base_link,0.974328,-0.086208,0.776200,4.015873,-0.113723,odom,4.015873,-0.113723,2.151111,-2.150460,3.041670,-0.785247,548,90,0,0.261665,-0.274413,-0.217955,0.132774,-0.052356,20260720_001838_030670609_S2L_r1_c1_final_off_live,c1_final_off,off,range,last_cmd_dt,-0.464626,-0.401003,0.132774,-0.052356,nan,nan,0,0,off,off,0
2,15,2026-07-20T00:19:32.205,1784477972.205240011,NAVIGATING,odom,base_link,1.103481,0.090873,0.892240,4.015873,-0.113723,odom,4.015873,-0.113723,1.668747,-2.395657,2.919570,-0.962375,548,90,0,0.260107,0.998094,-0.332425,0.898857,-0.318081,20260720_001838_030670609_S2L_r1_c1_final_off_live,c1_final_off,off,range,last_cmd_dt,0.898857,-0.464932,0.898857,-0.318081,nan,nan,0,0,off,off,0
2,16,2026-07-20T00:19:32.755,1784477972.754985809,NAVIGATING,odom,base_link,1.301869,0.409747,0.913880,4.015873,-0.113723,odom,4.015873,-0.113723,1.242856,-2.468836,2.764026,-1.104418,548,90,0,0.407393,0.994912,0.057445,0.896947,0.311362,20260720_001838_030670609_S2L_r1_c1_final_off_live,c1_final_off,off,range,last_cmd_dt,0.896947,0.311362,0.896947,0.311362,nan,nan,0,0,off,off,0
2,17,2026-07-20T00:19:33.255,1784477973.255023003,NAVIGATING,odom,base_link,1.508934,0.680850,0.953640,4.015873,-0.113723,odom,4.015873,-0.113723,0.802816,-2.504312,2.629847,-1.260573,548,90,0,0.307240,0.999960,-0.979891,0.899976,-0.826529,20260720_001838_030670609_S2L_r1_c1_final_off_live,c1_final_off,off,range,last_cmd_dt,0.899976,-0.826529,0.899976,-0.826529,nan,nan,0,0,off,off,0
2,18,2026-07-20T00:19:33.755,1784477973.755263567,NAVIGATING,odom,base_link,1.736829,0.952447,0.613336,4.015873,-0.113723,odom,4.015873,-0.113723,1.249961,-2.183656,2.516100,-1.050906,548,90,0,0.548284,0.999937,-0.976107,0.899962,-0.824416,20260720_001838_030670609_S2L_r1_c1_final_off_live,c1_final_off,off,range,last_cmd_dt,0.899962,-0.824416,0.899962,-0.824416,nan,nan,0,0,off,off,0
2,19,2026-07-20T00:19:34.305,1784477974.305715322,NAVIGATING,odom,base_link,2.075122,1.113984,0.250398,4.015873,-0.113723,odom,4.015873,-0.113723,1.576014,-1.670318,2.296471,-0.814439,548,90,0,2.000000,0.998481,-0.989449,0.899089,-0.831868,20260720_001838_030670609_S2L_r1_c1_final_off_live,c1_final_off,off,range,last_cmd_dt,0.899089,-0.831868,0.899089,-0.831868,nan,nan,0,0,off,off,0
2,20,2026-07-20T00:19:34.805,1784477974.805204153,NAVIGATING,odom,base_link,2.413125,1.154796,-0.095457,4.015873,-0.113723,odom,4.015873,-0.113723,1.716357,-1.109983,2.044002,-0.574058,548,90,0,2.000000,0.998652,-0.968225,0.899191,-0.820015,20260720_001838_030670609_S2L_r1_c1_final_off_live,c1_final_off,off,range,last_cmd_dt,0.899191,-0.820015,0.899191,-0.820015,nan,nan,0,0,off,off,0
2,21,2026-07-20T00:19:35.355,1784477975.355235577,NAVIGATING,odom,base_link,2.770073,1.027304,-0.436528,4.015873,-0.113723,odom,4.015873,-0.113723,1.611396,-0.507309,1.689367,-0.305002,548,90,0,0.987830,0.999373,-0.558324,0.899624,-0.610027,20260720_001838_030670609_S2L_r1_c1_final_off_live,c1_final_off,off,range,last_cmd_dt,0.899624,-0.591093,0.899624,-0.610027,nan,nan,0,0,off,off,0
2,22,2026-07-20T00:19:35.905,1784477975.905014992,NAVIGATING,odom,base_link,3.103537,0.830409,-0.725288,4.015873,-0.113723,odom,4.015873,-0.113723,1.309000,-0.101302,1.312914,-0.077235,548,90,0,2.000000,0.998340,-0.372662,0.899004,-0.487404,20260720_001838_030670609_S2L_r1_c1_final_off_live,c1_final_off,off,range,last_cmd_dt,0.899004,-0.487404,0.899004,-0.487404,nan,nan,0,0,off,off,0
2,23,2026-07-20T00:19:36.455,1784477976.455509663,NAVIGATING,odom,base_link,3.368130,0.521381,-0.931255,4.015873,-0.113723,odom,4.015873,-0.113723,0.896179,0.140682,0.907154,0.155709,548,90,0,2.000000,0.997785,0.244988,0.898671,0.011535,20260720_001838_030670609_S2L_r1_c1_final_off_live,c1_final_off,off,range,last_cmd_dt,0.898671,0.416101,0.898671,0.011535,nan,nan,0,0,off,off,0
2,24,2026-07-20T00:19:37.004,1784477977.004848957,NAVIGATING,odom,base_link,3.596421,0.186665,-0.971160,4.015873,-0.113723,odom,4.015873,-0.113723,0.484697,0.176754,0.515920,0.349682,548,90,0,2.000000,0.997891,0.733576,0.898735,0.159424,20260720_001838_030670609_S2L_r1_c1_final_off_live,c1_final_off,off,range,last_cmd_dt,0.898735,0.688968,0.898735,0.159424,nan,nan,0,0,off,off,0
2,25,2026-07-20T00:19:37.499,1784477977.499615908,REACHED,odom,base_link,3.804166,-0.024743,-0.931111,4.015873,-0.113723,odom,4.015873,-0.113723,0.197765,0.116733,0.229646,0.533228,548,-1,-1,nan,0.000000,0.000000,0.000000,0.000000,20260720_001838_030670609_S2L_r1_c1_final_off_live,c1_final_off,off,range,last_cmd_dt,nan,nan,nan,nan,nan,nan,0,0,not_evaluated,not_evaluated,0
2,26,2026-07-20T00:19:37.999,1784477977.999741793,REACHED,odom,base_link,3.870571,0.060147,-0.964453,4.015873,-0.113723,odom,4.015873,-0.113723,0.225679,0.020317,0.226592,0.089786,548,-1,-1,nan,0.000000,0.000000,0.000000,0.000000,20260720_001838_030670609_S2L_r1_c1_final_off_live,c1_final_off,off,range,last_cmd_dt,nan,nan,nan,nan,nan,nan,0,0,not_evaluated,not_evaluated,0
2,27,2026-07-20T00:19:38.549,1784477978.549513578,REACHED,odom,base_link,3.824617,0.033966,-0.969223,4.015873,-0.113723,odom,4.015873,-0.113723,0.230002,0.074097,0.241643,0.311661,548,-1,-1,nan,0.000000,0.000000,0.000000,0.000000,20260720_001838_030670609_S2L_r1_c1_final_off_live,c1_final_off,off,range,last_cmd_dt,nan,nan,nan,nan,nan,nan,0,0,not_evaluated,not_evaluated,0
2,28,2026-07-20T00:19:39.099,1784477979.099564314,REACHED,odom,base_link,3.824894,0.033412,-0.966698,4.015873,-0.113723,odom,4.015873,-0.113723,0.229574,0.073602,0.241085,0.310251,548,-1,-1,nan,0.000000,0.000000,0.000000,0.000000,20260720_001838_030670609_S2L_r1_c1_final_off_live,c1_final_off,off,range,last_cmd_dt,nan,nan,nan,nan,nan,nan,0,0,not_evaluated,not_evaluated,0
2,29,2026-07-20T00:19:39.600,1784477979.600027084,REACHED,odom,base_link,3.826196,0.030423,-0.967676,4.015873,-0.113723,odom,4.015873,-0.113723,0.226302,0.074450,0.238234,0.317833,548,-1,-1,nan,0.000000,0.000000,0.000000,0.000000,20260720_001838_030670609_S2L_r1_c1_final_off_live,c1_final_off,off,range,last_cmd_dt,nan,nan,nan,nan,nan,nan,0,0,not_evaluated,not_evaluated,0
2,30,2026-07-20T00:19:40.149,1784477980.149456263,REACHED,odom,base_link,3.827955,0.026205,-0.967810,4.015873,-0.113723,odom,4.015873,-0.113723,0.221820,0.075425,0.234293,0.327761,548,-1,-1,nan,0.000000,0.000000,0.000000,0.000000,20260720_001838_030670609_S2L_r1_c1_final_off_live,c1_final_off,off,range,last_cmd_dt,nan,nan,nan,nan,nan,nan,0,0,not_evaluated,not_evaluated,0
2,31,2026-07-20T00:19:40.649,1784477980.649477482,REACHED,odom,base_link,3.829210,0.023600,-0.968252,4.015873,-0.113723,odom,4.015873,-0.113723,0.218930,0.075964,0.231735,0.333982,548,-1,-1,nan,0.000000,0.000000,0.000000,0.000000,20260720_001838_030670609_S2L_r1_c1_final_off_live,c1_final_off,off,range,last_cmd_dt,nan,nan,nan,nan,nan,nan,0,0,not_evaluated,not_evaluated,0
2,32,2026-07-20T00:19:41.199,1784477981.199522495,REACHED,odom,base_link,3.830421,0.020958,-0.967948,4.015873,-0.113723,odom,4.015873,-0.113723,0.216090,0.076399,0.229197,0.339834,548,-1,-1,nan,0.000000,0.000000,0.000000,0.000000,20260720_001838_030670609_S2L_r1_c1_final_off_live,c1_final_off,off,range,last_cmd_dt,nan,nan,nan,nan,nan,nan,0,0,not_evaluated,not_evaluated,0
2,33,2026-07-20T00:19:41.750,1784477981.750693321,REACHED,odom,base_link,3.831418,0.018896,-0.968443,4.015873,-0.113723,odom,4.015873,-0.113723,0.213788,0.076852,0.227182,0.345094,548,-1,-1,nan,0.000000,0.000000,0.000000,0.000000,20260720_001838_030670609_S2L_r1_c1_final_off_live,c1_final_off,off,range,last_cmd_dt,nan,nan,nan,nan,nan,nan,0,0,not_evaluated,not_evaluated,0
2,34,2026-07-20T00:19:42.249,1784477982.249496937,REACHED,odom,base_link,3.832003,0.017726,-0.968446,4.015873,-0.113723,odom,4.015873,-0.113723,0.212493,0.077034,0.226025,0.347790,548,-1,-1,nan,0.000000,0.000000,0.000000,0.000000,20260720_001838_030670609_S2L_r1_c1_final_off_live,c1_final_off,off,range,last_cmd_dt,nan,nan,nan,nan,nan,nan,0,0,not_evaluated,not_evaluated,0
2,35,2026-07-20T00:19:42.800,1784477982.800585032,REACHED,odom,base_link,3.832495,0.016391,-0.967583,4.015873,-0.113723,odom,4.015873,-0.113723,0.211180,0.077203,0.224850,0.350486,548,-1,-1,nan,0.000000,0.000000,0.000000,0.000000,20260720_001838_030670609_S2L_r1_c1_final_off_live,c1_final_off,off,range,last_cmd_dt,nan,nan,nan,nan,nan,nan,0,0,not_evaluated,not_evaluated,0
2,36,2026-07-20T00:19:43.349,1784477983.349506140,REACHED,odom,base_link,3.832529,0.015427,-0.967323,4.015873,-0.113723,odom,4.015873,-0.113723,0.210387,0.077666,0.224265,0.353641,548,-1,-1,nan,0.000000,0.000000,0.000000,0.000000,20260720_001838_030670609_S2L_r1_c1_final_off_live,c1_final_off,off,range,last_cmd_dt,nan,nan,nan,nan,nan,nan,0,0,not_evaluated,not_evaluated,0
2,37,2026-07-20T00:19:43.849,1784477983.849804163,REACHED,odom,base_link,3.832116,0.013938,-0.967872,4.015873,-0.113723,odom,4.015873,-0.113723,0.209352,0.078966,0.223750,0.360691,548,-1,-1,nan,0.000000,0.000000,0.000000,0.000000,20260720_001838_030670609_S2L_r1_c1_final_off_live,c1_final_off,off,range,last_cmd_dt,nan,nan,nan,nan,nan,nan,0,0,not_evaluated,not_evaluated,0
2,38,2026-07-20T00:19:44.399,1784477984.399607658,REACHED,odom,base_link,3.832065,0.013200,-0.968224,4.015873,-0.113723,odom,4.015873,-0.113723,0.208746,0.079501,0.223372,0.363889,548,-1,-1,nan,0.000000,0.000000,0.000000,0.000000,20260720_001838_030670609_S2L_r1_c1_final_off_live,c1_final_off,off,range,last_cmd_dt,nan,nan,nan,nan,nan,nan,0,0,not_evaluated,not_evaluated,0
2,39,2026-07-20T00:19:44.899,1784477984.899906397,REACHED,odom,base_link,3.832186,0.012943,-0.967877,4.015873,-0.113723,odom,4.015873,-0.113723,0.208492,0.079474,0.223126,0.364182,548,-1,-1,nan,0.000000,0.000000,0.000000,0.000000,20260720_001838_030670609_S2L_r1_c1_final_off_live,c1_final_off,off,range,last_cmd_dt,nan,nan,nan,nan,nan,nan,0,0,not_evaluated,not_evaluated,0
2,40,2026-07-20T00:19:45.449,1784477985.449462175,REACHED,odom,base_link,3.832300,0.012754,-0.967910,4.015873,-0.113723,odom,4.015873,-0.113723,0.208270,0.079494,0.222925,0.364623,548,-1,-1,nan,0.000000,0.000000,0.000000,0.000000,20260720_001838_030670609_S2L_r1_c1_final_off_live,c1_final_off,off,range,last_cmd_dt,nan,nan,nan,nan,nan,nan,0,0,not_evaluated,not_evaluated,0
2,41,2026-07-20T00:19:45.949,1784477985.949531794,REACHED,odom,base_link,3.832485,0.012452,-0.967809,4.015873,-0.113723,odom,4.015873,-0.113723,0.207923,0.079492,0.222601,0.365167,548,-1,-1,nan,0.000000,0.000000,0.000000,0.000000,20260720_001838_030670609_S2L_r1_c1_final_off_live,c1_final_off,off,range,last_cmd_dt,nan,nan,nan,nan,nan,nan,0,0,not_evaluated,not_evaluated,0
2,42,2026-07-20T00:19:46.499,1784477986.499798536,REACHED,odom,base_link,3.832505,0.012255,-0.967781,4.015873,-0.113723,odom,4.015873,-0.113723,0.207753,0.079581,0.222473,0.365817,548,-1,-1,nan,0.000000,0.000000,0.000000,0.000000,20260720_001838_030670609_S2L_r1_c1_final_off_live,c1_final_off,off,range,last_cmd_dt,nan,nan,nan,nan,nan,nan,0,0,not_evaluated,not_evaluated,0
2,43,2026-07-20T00:19:47.049,1784477987.049455881,REACHED,odom,base_link,3.832856,0.011743,-0.968189,4.015873,-0.113723,odom,4.015873,-0.113723,0.207099,0.079667,0.221894,0.367230,548,-1,-1,nan,0.000000,0.000000,0.000000,0.000000,20260720_001838_030670609_S2L_r1_c1_final_off_live,c1_final_off,off,range,last_cmd_dt,nan,nan,nan,nan,nan,nan,0,0,not_evaluated,not_evaluated,0
2,44,2026-07-20T00:19:47.549,1784477987.549582958,REACHED,odom,base_link,3.832817,0.011637,-0.968110,4.015873,-0.113723,odom,4.015873,-0.113723,0.207041,0.079743,0.221867,0.367646,548,-1,-1,nan,0.000000,0.000000,0.000000,0.000000,20260720_001838_030670609_S2L_r1_c1_final_off_live,c1_final_off,off,range,last_cmd_dt,nan,nan,nan,nan,nan,nan,0,0,not_evaluated,not_evaluated,0
2,45,2026-07-20T00:19:48.099,1784477988.099886894,REACHED,odom,base_link,3.832767,0.011653,-0.967929,4.015873,-0.113723,odom,4.015873,-0.113723,0.207097,0.079738,0.221917,0.367533,548,-1,-1,nan,0.000000,0.000000,0.000000,0.000000,20260720_001838_030670609_S2L_r1_c1_final_off_live,c1_final_off,off,range,last_cmd_dt,nan,nan,nan,nan,nan,nan,0,0,not_evaluated,not_evaluated,0
2,46,2026-07-20T00:19:48.649,1784477988.649444818,REACHED,odom,base_link,3.832953,0.011425,-0.967952,4.015873,-0.113723,odom,4.015873,-0.113723,0.206802,0.079719,0.221635,0.367931,548,-1,-1,nan,0.000000,0.000000,0.000000,0.000000,20260720_001838_030670609_S2L_r1_c1_final_off_live,c1_final_off,off,range,last_cmd_dt,nan,nan,nan,nan,nan,nan,0,0,not_evaluated,not_evaluated,0
2,47,2026-07-20T00:19:49.149,1784477989.149761677,REACHED,odom,base_link,3.833076,0.011277,-0.968019,4.015873,-0.113723,odom,4.015873,-0.113723,0.206604,0.079715,0.221449,0.368236,548,-1,-1,nan,0.000000,0.000000,0.000000,0.000000,20260720_001838_030670609_S2L_r1_c1_final_off_live,c1_final_off,off,range,last_cmd_dt,nan,nan,nan,nan,nan,nan,0,0,not_evaluated,not_evaluated,0
2,48,2026-07-20T00:19:49.699,1784477989.699790239,REACHED,odom,base_link,3.833135,0.011148,-0.967966,4.015873,-0.113723,odom,4.015873,-0.113723,0.206469,0.079729,0.221328,0.368512,548,-1,-1,nan,0.000000,0.000000,0.000000,0.000000,20260720_001838_030670609_S2L_r1_c1_final_off_live,c1_final_off,off,range,last_cmd_dt,nan,nan,nan,nan,nan,nan,0,0,not_evaluated,not_evaluated,0
2,49,2026-07-20T00:19:50.200,1784477990.200186491,REACHED,odom,base_link,3.833097,0.011045,-0.968283,4.015873,-0.113723,odom,4.015873,-0.113723,0.206380,0.079883,0.221301,0.369309,548,-1,-1,nan,0.000000,0.000000,0.000000,0.000000,20260720_001838_030670609_S2L_r1_c1_final_off_live,c1_final_off,off,range,last_cmd_dt,nan,nan,nan,nan,nan,nan,0,0,not_evaluated,not_evaluated,0
2,50,2026-07-20T00:19:50.749,1784477990.749441624,REACHED,odom,base_link,3.833089,0.010926,-0.968487,4.015873,-0.113723,odom,4.015873,-0.113723,0.206270,0.080000,0.221241,0.369979,548,-1,-1,nan,0.000000,0.000000,0.000000,0.000000,20260720_001838_030670609_S2L_r1_c1_final_off_live,c1_final_off,off,range,last_cmd_dt,nan,nan,nan,nan,nan,nan,0,0,not_evaluated,not_evaluated,0
2,51,2026-07-20T00:19:51.249,1784477991.249494553,REACHED,odom,base_link,3.833028,0.010850,-0.968320,4.015873,-0.113723,odom,4.015873,-0.113723,0.206256,0.080059,0.221249,0.370252,548,-1,-1,nan,0.000000,0.000000,0.000000,0.000000,20260720_001838_030670609_S2L_r1_c1_final_off_live,c1_final_off,off,range,last_cmd_dt,nan,nan,nan,nan,nan,nan,0,0,not_evaluated,not_evaluated,0
2,52,2026-07-20T00:19:51.749,1784477991.749659061,REACHED,odom,base_link,3.833070,0.010874,-0.968467,4.015873,-0.113723,odom,4.015873,-0.113723,0.206240,0.080041,0.221227,0.370202,548,-1,-1,nan,0.000000,0.000000,0.000000,0.000000,20260720_001838_030670609_S2L_r1_c1_final_off_live,c1_final_off,off,range,last_cmd_dt,nan,nan,nan,nan,nan,nan,0,0,not_evaluated,not_evaluated,0
2,53,2026-07-20T00:19:52.299,1784477992.299622774,REACHED,odom,base_link,3.833101,0.010877,-0.968663,4.015873,-0.113723,odom,4.015873,-0.113723,0.206210,0.080054,0.221204,0.370309,548,-1,-1,nan,0.000000,0.000000,0.000000,0.000000,20260720_001838_030670609_S2L_r1_c1_final_off_live,c1_final_off,off,range,last_cmd_dt,nan,nan,nan,nan,nan,nan,0,0,not_evaluated,not_evaluated,0
2,54,2026-07-20T00:19:52.849,1784477992.849633932,REACHED,odom,base_link,3.832979,0.010888,-0.968697,4.015873,-0.113723,odom,4.015873,-0.113723,0.206285,0.080156,0.221311,0.370612,548,-1,-1,nan,0.000000,0.000000,0.000000,0.000000,20260720_001838_030670609_S2L_r1_c1_final_off_live,c1_final_off,off,range,last_cmd_dt,nan,nan,nan,nan,nan,nan,0,0,not_evaluated,not_evaluated,0
2,55,2026-07-20T00:19:53.399,1784477993.399466038,REACHED,odom,base_link,3.832887,0.010742,-0.968911,4.015873,-0.113723,odom,4.015873,-0.113723,0.206199,0.080358,0.221304,0.371604,548,-1,-1,nan,0.000000,0.000000,0.000000,0.000000,20260720_001838_030670609_S2L_r1_c1_final_off_live,c1_final_off,off,range,last_cmd_dt,nan,nan,nan,nan,nan,nan,0,0,not_evaluated,not_evaluated,0
2,56,2026-07-20T00:19:53.899,1784477993.899607182,REACHED,odom,base_link,3.832901,0.010629,-0.969076,4.015873,-0.113723,odom,4.015873,-0.113723,0.206084,0.080445,0.221229,0.372158,548,-1,-1,nan,0.000000,0.000000,0.000000,0.000000,20260720_001838_030670609_S2L_r1_c1_final_off_live,c1_final_off,off,range,last_cmd_dt,nan,nan,nan,nan,nan,nan,0,0,not_evaluated,not_evaluated,0
2,57,2026-07-20T00:19:54.399,1784477994.399544954,REACHED,odom,base_link,3.832846,0.010588,-0.968999,4.015873,-0.113723,odom,4.015873,-0.113723,0.206089,0.080497,0.221252,0.372372,548,-1,-1,nan,0.000000,0.000000,0.000000,0.000000,20260720_001838_030670609_S2L_r1_c1_final_off_live,c1_final_off,off,range,last_cmd_dt,nan,nan,nan,nan,nan,nan,0,0,not_evaluated,not_evaluated,0
2,58,2026-07-20T00:19:54.949,1784477994.949456692,REACHED,odom,base_link,3.832901,0.010587,-0.969100,4.015873,-0.113723,odom,4.015873,-0.113723,0.206048,0.080474,0.221205,0.372341,548,-1,-1,nan,0.000000,0.000000,0.000000,0.000000,20260720_001838_030670609_S2L_r1_c1_final_off_live,c1_final_off,off,range,last_cmd_dt,nan,nan,nan,nan,nan,nan,0,0,not_evaluated,not_evaluated,0
2,59,2026-07-20T00:19:55.499,1784477995.499495268,REACHED,odom,base_link,3.832906,0.010717,-0.969244,4.015873,-0.113723,odom,4.015873,-0.113723,0.206141,0.080425,0.221274,0.371985,548,-1,-1,nan,0.000000,0.000000,0.000000,0.000000,20260720_001838_030670609_S2L_r1_c1_final_off_live,c1_final_off,off,range,last_cmd_dt,nan,nan,nan,nan,nan,nan,0,0,not_evaluated,not_evaluated,0
2,60,2026-07-20T00:19:56.049,1784477996.049953222,REACHED,odom,base_link,3.832884,0.010836,-0.969106,4.015873,-0.113723,odom,4.015873,-0.113723,0.206263,0.080348,0.221360,0.371459,548,-1,-1,nan,0.000000,0.000000,0.000000,0.000000,20260720_001838_030670609_S2L_r1_c1_final_off_live,c1_final_off,off,range,last_cmd_dt,nan,nan,nan,nan,nan,nan,0,0,not_evaluated,not_evaluated,0
2,61,2026-07-20T00:19:56.551,1784477996.551501751,REACHED,odom,base_link,3.832953,0.010861,-0.969052,4.015873,-0.113723,odom,4.015873,-0.113723,0.206248,0.080266,0.221316,0.371135,548,-1,-1,nan,0.000000,0.000000,0.000000,0.000000,20260720_001838_030670609_S2L_r1_c1_final_off_live,c1_final_off,off,range,last_cmd_dt,nan,nan,nan,nan,nan,nan,0,0,not_evaluated,not_evaluated,0
2,62,2026-07-20T00:19:57.099,1784477997.099504232,REACHED,odom,base_link,3.833043,0.010972,-0.969042,4.015873,-0.113723,odom,4.015873,-0.113723,0.206290,0.080126,0.221304,0.370480,548,-1,-1,nan,0.000000,0.000000,0.000000,0.000000,20260720_001838_030670609_S2L_r1_c1_final_off_live,c1_final_off,off,range,last_cmd_dt,nan,nan,nan,nan,nan,nan,0,0,not_evaluated,not_evaluated,0
2,63,2026-07-20T00:19:57.649,1784477997.649440765,REACHED,odom,base_link,3.833059,0.011017,-0.968822,4.015873,-0.113723,odom,4.015873,-0.113723,0.206336,0.080042,0.221317,0.370051,548,-1,-1,nan,0.000000,0.000000,0.000000,0.000000,20260720_001838_030670609_S2L_r1_c1_final_off_live,c1_final_off,off,range,last_cmd_dt,nan,nan,nan,nan,nan,nan,0,0,not_evaluated,not_evaluated,0
2,64,2026-07-20T00:19:58.199,1784477998.199481010,REACHED,odom,base_link,3.833046,0.010870,-0.968769,4.015873,-0.113723,odom,4.015873,-0.113723,0.206226,0.080126,0.221245,0.370583,548,-1,-1,nan,0.000000,0.000000,0.000000,0.000000,20260720_001838_030670609_S2L_r1_c1_final_off_live,c1_final_off,off,range,last_cmd_dt,nan,nan,nan,nan,nan,nan,0,0,not_evaluated,not_evaluated,0
2,65,2026-07-20T00:19:58.699,1784477998.699684620,REACHED,odom,base_link,3.833011,0.010860,-0.968967,4.015873,-0.113723,odom,4.015873,-0.113723,0.206222,0.080201,0.221268,0.370907,548,-1,-1,nan,0.000000,0.000000,0.000000,0.000000,20260720_001838_030670609_S2L_r1_c1_final_off_live,c1_final_off,off,range,last_cmd_dt,nan,nan,nan,nan,nan,nan,0,0,not_evaluated,not_evaluated,0
2,66,2026-07-20T00:19:59.249,1784477999.249477625,REACHED,odom,base_link,3.832959,0.010782,-0.968880,4.015873,-0.113723,odom,4.015873,-0.113723,0.206194,0.080270,0.221267,0.371244,548,-1,-1,nan,0.000000,0.000000,0.000000,0.000000,20260720_001838_030670609_S2L_r1_c1_final_off_live,c1_final_off,off,range,last_cmd_dt,nan,nan,nan,nan,nan,nan,0,0,not_evaluated,not_evaluated,0
2,67,2026-07-20T00:19:59.799,1784477999.799645901,REACHED,odom,base_link,3.832899,0.010832,-0.969023,4.015873,-0.113723,odom,4.015873,-0.113723,0.206258,0.080320,0.221345,0.371350,548,-1,-1,nan,0.000000,0.000000,0.000000,0.000000,20260720_001838_030670609_S2L_r1_c1_final_off_live,c1_final_off,off,range,last_cmd_dt,nan,nan,nan,nan,nan,nan,0,0,not_evaluated,not_evaluated,0
2,68,2026-07-20T00:20:00.349,1784478000.349602699,REACHED,odom,base_link,3.832910,0.010963,-0.968945,4.015873,-0.113723,odom,4.015873,-0.113723,0.206366,0.080221,0.221410,0.370756,548,-1,-1,nan,0.000000,0.000000,0.000000,0.000000,20260720_001838_030670609_S2L_r1_c1_final_off_live,c1_final_off,off,range,last_cmd_dt,nan,nan,nan,nan,nan,nan,0,0,not_evaluated,not_evaluated,0
2,69,2026-07-20T00:20:00.849,1784478000.849912405,REACHED,odom,base_link,3.832978,0.010982,-0.968839,4.015873,-0.113723,odom,4.015873,-0.113723,0.206351,0.080132,0.221364,0.370403,548,-1,-1,nan,0.000000,0.000000,0.000000,0.000000,20260720_001838_030670609_S2L_r1_c1_final_off_live,c1_final_off,off,range,last_cmd_dt,nan,nan,nan,nan,nan,nan,0,0,not_evaluated,not_evaluated,0
2,70,2026-07-20T00:20:01.399,1784478001.399571657,REACHED,odom,base_link,3.832948,0.011020,-0.968923,4.015873,-0.113723,odom,4.015873,-0.113723,0.206393,0.080153,0.221410,0.370424,548,-1,-1,nan,0.000000,0.000000,0.000000,0.000000,20260720_001838_030670609_S2L_r1_c1_final_off_live,c1_final_off,off,range,last_cmd_dt,nan,nan,nan,nan,nan,nan,0,0,not_evaluated,not_evaluated,0
2,71,2026-07-20T00:20:01.949,1784478001.949469328,REACHED,odom,base_link,3.832811,0.010966,-0.969154,4.015873,-0.113723,odom,4.015873,-0.113723,0.206408,0.080344,0.221494,0.371206,548,-1,-1,nan,0.000000,0.000000,0.000000,0.000000,20260720_001838_030670609_S2L_r1_c1_final_off_live,c1_final_off,off,range,last_cmd_dt,nan,nan,nan,nan,nan,nan,0,0,not_evaluated,not_evaluated,0
2,72,2026-07-20T00:20:02.449,1784478002.449728727,REACHED,odom,base_link,3.832751,0.010935,-0.969353,4.015873,-0.113723,odom,4.015873,-0.113723,0.206400,0.080452,0.221525,0.371670,548,-1,-1,nan,0.000000,0.000000,0.000000,0.000000,20260720_001838_030670609_S2L_r1_c1_final_off_live,c1_final_off,off,range,last_cmd_dt,nan,nan,nan,nan,nan,nan,0,0,not_evaluated,not_evaluated,0
2,73,2026-07-20T00:20:02.999,1784478002.999536991,REACHED,odom,base_link,3.832628,0.011034,-0.969302,4.015873,-0.113723,odom,4.015873,-0.113723,0.206555,0.080487,0.221683,0.371562,548,-1,-1,nan,0.000000,0.000000,0.000000,0.000000,20260720_001838_030670609_S2L_r1_c1_final_off_live,c1_final_off,off,range,last_cmd_dt,nan,nan,nan,nan,nan,nan,0,0,not_evaluated,not_evaluated,0
2,74,2026-07-20T00:20:03.501,1784478003.501708746,REACHED,odom,base_link,3.832720,0.010980,-0.969198,4.015873,-0.113723,odom,4.015873,-0.113723,0.206467,0.080421,0.221576,0.371431,548,-1,-1,nan,0.000000,0.000000,0.000000,0.000000,20260720_001838_030670609_S2L_r1_c1_final_off_live,c1_final_off,off,range,last_cmd_dt,nan,nan,nan,nan,nan,nan,0,0,not_evaluated,not_evaluated,0
2,75,2026-07-20T00:20:04.049,1784478004.049674749,REACHED,odom,base_link,3.832915,0.010967,-0.968961,4.015873,-0.113723,odom,4.015873,-0.113723,0.206365,0.080218,0.221408,0.370745,548,-1,-1,nan,0.000000,0.000000,0.000000,0.000000,20260720_001838_030670609_S2L_r1_c1_final_off_live,c1_final_off,off,range,last_cmd_dt,nan,nan,nan,nan,nan,nan,0,0,not_evaluated,not_evaluated,0
2,76,2026-07-20T00:20:04.550,1784478004.550605536,REACHED,odom,base_link,3.833000,0.010935,-0.969225,4.015873,-0.113723,odom,4.015873,-0.113723,0.206269,0.080221,0.221320,0.370912,548,-1,-1,nan,0.000000,0.000000,0.000000,0.000000,20260720_001838_030670609_S2L_r1_c1_final_off_live,c1_final_off,off,range,last_cmd_dt,nan,nan,nan,nan,nan,nan,0,0,not_evaluated,not_evaluated,0
2,77,2026-07-20T00:20:05.099,1784478005.099669933,REACHED,odom,base_link,3.833151,0.010901,-0.969350,4.015873,-0.113723,odom,4.015873,-0.113723,0.206146,0.080141,0.221176,0.370777,548,-1,-1,nan,0.000000,0.000000,0.000000,0.000000,20260720_001838_030670609_S2L_r1_c1_final_off_live,c1_final_off,off,range,last_cmd_dt,nan,nan,nan,nan,nan,nan,0,0,not_evaluated,not_evaluated,0
2,78,2026-07-20T00:20:05.649,1784478005.649605036,REACHED,odom,base_link,3.833178,0.010878,-0.969021,4.015873,-0.113723,odom,4.015873,-0.113723,0.206137,0.080064,0.221140,0.370467,548,-1,-1,nan,0.000000,0.000000,0.000000,0.000000,20260720_001838_030670609_S2L_r1_c1_final_off_live,c1_final_off,off,range,last_cmd_dt,nan,nan,nan,nan,nan,nan,0,0,not_evaluated,not_evaluated,0
2,79,2026-07-20T00:20:06.150,1784478006.150002480,REACHED,odom,base_link,3.833128,0.010891,-0.968965,4.015873,-0.113723,odom,4.015873,-0.113723,0.206181,0.080086,0.221189,0.370488,548,-1,-1,nan,0.000000,0.000000,0.000000,0.000000,20260720_001838_030670609_S2L_r1_c1_final_off_live,c1_final_off,off,range,last_cmd_dt,nan,nan,nan,nan,nan,nan,0,0,not_evaluated,not_evaluated,0
2,80,2026-07-20T00:20:06.699,1784478006.699552298,REACHED,odom,base_link,3.833041,0.010884,-0.968720,4.015873,-0.113723,odom,4.015873,-0.113723,0.206244,0.080111,0.221256,0.370493,548,-1,-1,nan,0.000000,0.000000,0.000000,0.000000,20260720_001838_030670609_S2L_r1_c1_final_off_live,c1_final_off,off,range,last_cmd_dt,nan,nan,nan,nan,nan,nan,0,0,not_evaluated,not_evaluated,0
2,81,2026-07-20T00:20:07.249,1784478007.249684334,REACHED,odom,base_link,3.832998,0.010920,-0.968937,4.015873,-0.113723,odom,4.015873,-0.113723,0.206281,0.080171,0.221313,0.370684,548,-1,-1,nan,0.000000,0.000000,0.000000,0.000000,20260720_001838_030670609_S2L_r1_c1_final_off_live,c1_final_off,off,range,last_cmd_dt,nan,nan,nan,nan,nan,nan,0,0,not_evaluated,not_evaluated,0
2,82,2026-07-20T00:20:07.799,1784478007.799644470,REACHED,odom,base_link,3.832931,0.010885,-0.968971,4.015873,-0.113723,odom,4.015873,-0.113723,0.206287,0.080254,0.221348,0.371021,548,-1,-1,nan,0.000000,0.000000,0.000000,0.000000,20260720_001838_030670609_S2L_r1_c1_final_off_live,c1_final_off,off,range,last_cmd_dt,nan,nan,nan,nan,nan,nan,0,0,not_evaluated,not_evaluated,0
2,83,2026-07-20T00:20:08.349,1784478008.349548578,REACHED,odom,base_link,3.832933,0.010803,-0.969117,4.015873,-0.113723,odom,4.015873,-0.113723,0.206207,0.080328,0.221300,0.371465,548,-1,-1,nan,0.000000,0.000000,0.000000,0.000000,20260720_001838_030670609_S2L_r1_c1_final_off_live,c1_final_off,off,range,last_cmd_dt,nan,nan,nan,nan,nan,nan,0,0,not_evaluated,not_evaluated,0
2,84,2026-07-20T00:20:08.849,1784478008.849468231,REACHED,odom,base_link,3.832951,0.010824,-0.969045,4.015873,-0.113723,odom,4.015873,-0.113723,0.206220,0.080287,0.221298,0.371271,548,-1,-1,nan,0.000000,0.000000,0.000000,0.000000,20260720_001838_030670609_S2L_r1_c1_final_off_live,c1_final_off,off,range,last_cmd_dt,nan,nan,nan,nan,nan,nan,0,0,not_evaluated,not_evaluated,0
2,85,2026-07-20T00:20:09.399,1784478009.399567366,REACHED,odom,base_link,3.832984,0.010793,-0.969071,4.015873,-0.113723,odom,4.015873,-0.113723,0.206173,0.080282,0.221253,0.371327,548,-1,-1,nan,0.000000,0.000000,0.000000,0.000000,20260720_001838_030670609_S2L_r1_c1_final_off_live,c1_final_off,off,range,last_cmd_dt,nan,nan,nan,nan,nan,nan,0,0,not_evaluated,not_evaluated,0
2,86,2026-07-20T00:20:09.899,1784478009.899599552,REACHED,odom,base_link,3.832930,0.010894,-0.968848,4.015873,-0.113723,odom,4.015873,-0.113723,0.206305,0.080223,0.221354,0.370865,548,-1,-1,nan,0.000000,0.000000,0.000000,0.000000,20260720_001838_030670609_S2L_r1_c1_final_off_live,c1_final_off,off,range,last_cmd_dt,nan,nan,nan,nan,nan,nan,0,0,not_evaluated,not_evaluated,0
2,87,2026-07-20T00:20:10.449,1784478010.449572563,REACHED,odom,base_link,3.832882,0.011035,-0.968947,4.015873,-0.113723,odom,4.015873,-0.113723,0.206441,0.080204,0.221474,0.370561,548,-1,-1,nan,0.000000,0.000000,0.000000,0.000000,20260720_001838_030670609_S2L_r1_c1_final_off_live,c1_final_off,off,range,last_cmd_dt,nan,nan,nan,nan,nan,nan,0,0,not_evaluated,not_evaluated,0
2,88,2026-07-20T00:20:10.999,1784478010.999481678,REACHED,odom,base_link,3.832823,0.011087,-0.968970,4.015873,-0.113723,odom,4.015873,-0.113723,0.206515,0.080227,0.221551,0.370539,548,-1,-1,nan,0.000000,0.000000,0.000000,0.000000,20260720_001838_030670609_S2L_r1_c1_final_off_live,c1_final_off,off,range,last_cmd_dt,nan,nan,nan,nan,nan,nan,0,0,not_evaluated,not_evaluated,0
2,89,2026-07-20T00:20:11.499,1784478011.499639988,REACHED,odom,base_link,3.832851,0.011127,-0.969044,4.015873,-0.113723,odom,4.015873,-0.113723,0.206527,0.080197,0.221551,0.370391,548,-1,-1,nan,0.000000,0.000000,0.000000,0.000000,20260720_001838_030670609_S2L_r1_c1_final_off_live,c1_final_off,off,range,last_cmd_dt,nan,nan,nan,nan,nan,nan,0,0,not_evaluated,not_evaluated,0
2,90,2026-07-20T00:20:11.999,1784478011.999800920,REACHED,odom,base_link,3.832878,0.011201,-0.969177,4.015873,-0.113723,odom,4.015873,-0.113723,0.206561,0.080160,0.221570,0.370179,548,-1,-1,nan,0.000000,0.000000,0.000000,0.000000,20260720_001838_030670609_S2L_r1_c1_final_off_live,c1_final_off,off,range,last_cmd_dt,nan,nan,nan,nan,nan,nan,0,0,not_evaluated,not_evaluated,0
2,91,2026-07-20T00:20:12.549,1784478012.549595833,REACHED,odom,base_link,3.832960,0.011118,-0.969394,4.015873,-0.113723,odom,4.015873,-0.113723,0.206429,0.080185,0.221455,0.370500,548,-1,-1,nan,0.000000,0.000000,0.000000,0.000000,20260720_001838_030670609_S2L_r1_c1_final_off_live,c1_final_off,off,range,last_cmd_dt,nan,nan,nan,nan,nan,nan,0,0,not_evaluated,not_evaluated,0
2,92,2026-07-20T00:20:13.099,1784478013.099456549,REACHED,odom,base_link,3.833039,0.011040,-0.969151,4.015873,-0.113723,odom,4.015873,-0.113723,0.206340,0.080114,0.221347,0.370346,548,-1,-1,nan,0.000000,0.000000,0.000000,0.000000,20260720_001838_030670609_S2L_r1_c1_final_off_live,c1_final_off,off,range,last_cmd_dt,nan,nan,nan,nan,nan,nan,0,0,not_evaluated,not_evaluated,0
2,93,2026-07-20T00:20:13.599,1784478013.599596262,REACHED,odom,base_link,3.833002,0.011088,-0.969185,4.015873,-0.113723,odom,4.015873,-0.113723,0.206398,0.080124,0.221404,0.370293,548,-1,-1,nan,0.000000,0.000000,0.000000,0.000000,20260720_001838_030670609_S2L_r1_c1_final_off_live,c1_final_off,off,range,last_cmd_dt,nan,nan,nan,nan,nan,nan,0,0,not_evaluated,not_evaluated,0
2,94,2026-07-20T00:20:14.149,1784478014.149433851,REACHED,odom,base_link,3.832936,0.010914,-0.969226,4.015873,-0.113723,odom,4.015873,-0.113723,0.206288,0.080285,0.221361,0.371153,548,-1,-1,nan,0.000000,0.000000,0.000000,0.000000,20260720_001838_030670609_S2L_r1_c1_final_off_live,c1_final_off,off,range,last_cmd_dt,nan,nan,nan,nan,nan,nan,0,0,not_evaluated,not_evaluated,0
2,95,2026-07-20T00:20:14.649,1784478014.649522305,REACHED,odom,base_link,3.832938,0.010880,-0.969238,4.015873,-0.113723,odom,4.015873,-0.113723,0.206258,0.080306,0.221340,0.371289,548,-1,-1,nan,0.000000,0.000000,0.000000,0.000000,20260720_001838_030670609_S2L_r1_c1_final_off_live,c1_final_off,off,range,last_cmd_dt,nan,nan,nan,nan,nan,nan,0,0,not_evaluated,not_evaluated,0
2,96,2026-07-20T00:20:15.199,1784478015.199562311,REACHED,odom,base_link,3.833019,0.010895,-0.969539,4.015873,-0.113723,odom,4.015873,-0.113723,0.206200,0.080292,0.221281,0.371325,548,-1,-1,nan,0.000000,0.000000,0.000000,0.000000,20260720_001838_030670609_S2L_r1_c1_final_off_live,c1_final_off,off,range,last_cmd_dt,nan,nan,nan,nan,nan,nan,0,0,not_evaluated,not_evaluated,0
2,97,2026-07-20T00:20:15.700,1784478015.700155735,REACHED,odom,base_link,3.833094,0.010841,-0.969611,4.015873,-0.113723,odom,4.015873,-0.113723,0.206107,0.080276,0.221188,0.371409,548,-1,-1,nan,0.000000,0.000000,0.000000,0.000000,20260720_001838_030670609_S2L_r1_c1_final_off_live,c1_final_off,off,range,last_cmd_dt,nan,nan,nan,nan,nan,nan,0,0,not_evaluated,not_evaluated,0
2,98,2026-07-20T00:20:16.249,1784478016.249412775,REACHED,odom,base_link,3.833036,0.010892,-0.969287,4.015873,-0.113723,odom,4.015873,-0.113723,0.206208,0.080228,0.221265,0.371043,548,-1,-1,nan,0.000000,0.000000,0.000000,0.000000,20260720_001838_030670609_S2L_r1_c1_final_off_live,c1_final_off,off,range,last_cmd_dt,nan,nan,nan,nan,nan,nan,0,0,not_evaluated,not_evaluated,0
2,99,2026-07-20T00:20:16.750,1784478016.750078201,REACHED,odom,base_link,3.833037,0.010885,-0.969114,4.015873,-0.113723,odom,4.015873,-0.113723,0.206216,0.080196,0.221261,0.370894,548,-1,-1,nan,0.000000,0.000000,0.000000,0.000000,20260720_001838_030670609_S2L_r1_c1_final_off_live,c1_final_off,off,range,last_cmd_dt,nan,nan,nan,nan,nan,nan,0,0,not_evaluated,not_evaluated,0
2,100,2026-07-20T00:20:17.299,1784478017.299381971,REACHED,odom,base_link,3.833046,0.010860,-0.968980,4.015873,-0.113723,odom,4.015873,-0.113723,0.206201,0.080175,0.221239,0.370831,548,-1,-1,nan,0.000000,0.000000,0.000000,0.000000,20260720_001838_030670609_S2L_r1_c1_final_off_live,c1_final_off,off,range,last_cmd_dt,nan,nan,nan,nan,nan,nan,0,0,not_evaluated,not_evaluated,0
2,101,2026-07-20T00:20:17.799,1784478017.799733877,REACHED,odom,base_link,3.832991,0.010845,-0.968780,4.015873,-0.113723,odom,4.015873,-0.113723,0.206235,0.080187,0.221276,0.370826,548,-1,-1,nan,0.000000,0.000000,0.000000,0.000000,20260720_001838_030670609_S2L_r1_c1_final_off_live,c1_final_off,off,range,last_cmd_dt,nan,nan,nan,nan,nan,nan,0,0,not_evaluated,not_evaluated,0
2,102,2026-07-20T00:20:18.349,1784478018.349613905,REACHED,odom,base_link,3.833061,0.010872,-0.968753,4.015873,-0.113723,odom,4.015873,-0.113723,0.206221,0.080108,0.221234,0.370518,548,-1,-1,nan,0.000000,0.000000,0.000000,0.000000,20260720_001838_030670609_S2L_r1_c1_final_off_live,c1_final_off,off,range,last_cmd_dt,nan,nan,nan,nan,nan,nan,0,0,not_evaluated,not_evaluated,0
2,103,2026-07-20T00:20:18.899,1784478018.899545431,REACHED,odom,base_link,3.833087,0.010819,-0.968943,4.015873,-0.113723,odom,4.015873,-0.113723,0.206147,0.080156,0.221182,0.370840,548,-1,-1,nan,0.000000,0.000000,0.000000,0.000000,20260720_001838_030670609_S2L_r1_c1_final_off_live,c1_final_off,off,range,last_cmd_dt,nan,nan,nan,nan,nan,nan,0,0,not_evaluated,not_evaluated,0
2,104,2026-07-20T00:20:19.399,1784478019.399582148,REACHED,odom,base_link,3.833059,0.010922,-0.968910,4.015873,-0.113723,odom,4.015873,-0.113723,0.206250,0.080114,0.221263,0.370495,548,-1,-1,nan,0.000000,0.000000,0.000000,0.000000,20260720_001838_030670609_S2L_r1_c1_final_off_live,c1_final_off,off,range,last_cmd_dt,nan,nan,nan,nan,nan,nan,0,0,not_evaluated,not_evaluated,0
2,105,2026-07-20T00:20:19.949,1784478019.949499846,REACHED,odom,base_link,3.833089,0.010901,-0.968992,4.015873,-0.113723,odom,4.015873,-0.113723,0.206209,0.080118,0.221226,0.370578,548,-1,-1,nan,0.000000,0.000000,0.000000,0.000000,20260720_001838_030670609_S2L_r1_c1_final_off_live,c1_final_off,off,range,last_cmd_dt,nan,nan,nan,nan,nan,nan,0,0,not_evaluated,not_evaluated,0
2,106,2026-07-20T00:20:20.449,1784478020.449418068,REACHED,odom,base_link,3.833043,0.010938,-0.968959,4.015873,-0.113723,odom,4.015873,-0.113723,0.206268,0.080128,0.221285,0.370524,548,-1,-1,nan,0.000000,0.000000,0.000000,0.000000,20260720_001838_030670609_S2L_r1_c1_final_off_live,c1_final_off,off,range,last_cmd_dt,nan,nan,nan,nan,nan,nan,0,0,not_evaluated,not_evaluated,0
2,107,2026-07-20T00:20:20.949,1784478020.949621677,REACHED,odom,base_link,3.832995,0.010963,-0.969073,4.015873,-0.113723,odom,4.015873,-0.113723,0.206307,0.080177,0.221339,0.370668,548,-1,-1,nan,0.000000,0.000000,0.000000,0.000000,20260720_001838_030670609_S2L_r1_c1_final_off_live,c1_final_off,off,range,last_cmd_dt,nan,nan,nan,nan,nan,nan,0,0,not_evaluated,not_evaluated,0
2,108,2026-07-20T00:20:21.499,1784478021.499459028,REACHED,odom,base_link,3.833028,0.010866,-0.969238,4.015873,-0.113723,odom,4.015873,-0.113723,0.206195,0.080239,0.221257,0.371112,548,-1,-1,nan,0.000000,0.000000,0.000000,0.000000,20260720_001838_030670609_S2L_r1_c1_final_off_live,c1_final_off,off,range,last_cmd_dt,nan,nan,nan,nan,nan,nan,0,0,not_evaluated,not_evaluated,0
2,109,2026-07-20T00:20:21.999,1784478021.999501705,REACHED,odom,base_link,3.833117,0.010906,-0.969189,4.015873,-0.113723,odom,4.015873,-0.113723,0.206182,0.080133,0.221206,0.370686,548,-1,-1,nan,0.000000,0.000000,0.000000,0.000000,20260720_001838_030670609_S2L_r1_c1_final_off_live,c1_final_off,off,range,last_cmd_dt,nan,nan,nan,nan,nan,nan,0,0,not_evaluated,not_evaluated,0
2,110,2026-07-20T00:20:22.549,1784478022.549411297,REACHED,odom,base_link,3.833089,0.010834,-0.969558,4.015873,-0.113723,odom,4.015873,-0.113723,0.206109,0.080273,0.221189,0.371394,548,-1,-1,nan,0.000000,0.000000,0.000000,0.000000,20260720_001838_030670609_S2L_r1_c1_final_off_live,c1_final_off,off,range,last_cmd_dt,nan,nan,nan,nan,nan,nan,0,0,not_evaluated,not_evaluated,0
2,111,2026-07-20T00:20:23.049,1784478023.049641848,REACHED,odom,base_link,3.833170,0.010791,-0.969724,4.015873,-0.113723,odom,4.015873,-0.113723,0.206014,0.080265,0.221097,0.371516,548,-1,-1,nan,0.000000,0.000000,0.000000,0.000000,20260720_001838_030670609_S2L_r1_c1_final_off_live,c1_final_off,off,range,last_cmd_dt,nan,nan,nan,nan,nan,nan,0,0,not_evaluated,not_evaluated,0
2,112,2026-07-20T00:20:23.599,1784478023.599434853,REACHED,odom,base_link,3.833131,0.010792,-0.969589,4.015873,-0.113723,odom,4.015873,-0.113723,0.206048,0.080269,0.221131,0.371478,548,-1,-1,nan,0.000000,0.000000,0.000000,0.000000,20260720_001838_030670609_S2L_r1_c1_final_off_live,c1_final_off,off,range,last_cmd_dt,nan,nan,nan,nan,nan,nan,0,0,not_evaluated,not_evaluated,0
2,113,2026-07-20T00:20:24.099,1784478024.099507093,REACHED,odom,base_link,3.833121,0.010819,-0.969754,4.015873,-0.113723,odom,4.015873,-0.113723,0.206062,0.080295,0.221154,0.371565,548,-1,-1,nan,0.000000,0.000000,0.000000,0.000000,20260720_001838_030670609_S2L_r1_c1_final_off_live,c1_final_off,off,range,last_cmd_dt,nan,nan,nan,nan,nan,nan,0,0,not_evaluated,not_evaluated,0
2,114,2026-07-20T00:20:24.600,1784478024.600162745,REACHED,odom,base_link,3.833197,0.010769,-0.970022,4.015873,-0.113723,odom,4.015873,-0.113723,0.205957,0.080316,0.221063,0.371827,548,-1,-1,nan,0.000000,0.000000,0.000000,0.000000,20260720_001838_030670609_S2L_r1_c1_final_off_live,c1_final_off,off,range,last_cmd_dt,nan,nan,nan,nan,nan,nan,0,0,not_evaluated,not_evaluated,0
2,115,2026-07-20T00:20:25.154,1784478025.154031992,REACHED,odom,base_link,3.833156,0.010744,-0.970254,4.015873,-0.113723,odom,4.015873,-0.113723,0.205940,0.080412,0.221083,0.372258,548,-1,-1,nan,0.000000,0.000000,0.000000,0.000000,20260720_001838_030670609_S2L_r1_c1_final_off_live,c1_final_off,off,range,last_cmd_dt,nan,nan,nan,nan,nan,nan,0,0,not_evaluated,not_evaluated,0
2,116,2026-07-20T00:20:25.699,1784478025.699454784,REACHED,odom,base_link,3.833190,0.010791,-0.970342,4.015873,-0.113723,odom,4.015873,-0.113723,0.205954,0.080376,0.221082,0.372083,548,-1,-1,nan,0.000000,0.000000,0.000000,0.000000,20260720_001838_030670609_S2L_r1_c1_final_off_live,c1_final_off,off,range,last_cmd_dt,nan,nan,nan,nan,nan,nan,0,0,not_evaluated,not_evaluated,0
2,117,2026-07-20T00:20:26.199,1784478026.199758291,REACHED,odom,base_link,3.833147,0.010759,-0.970652,4.015873,-0.113723,odom,4.015873,-0.113723,0.205926,0.080493,0.221099,0.372622,548,-1,-1,nan,0.000000,0.000000,0.000000,0.000000,20260720_001838_030670609_S2L_r1_c1_final_off_live,c1_final_off,off,range,last_cmd_dt,nan,nan,nan,nan,nan,nan,0,0,not_evaluated,not_evaluated,0
2,118,2026-07-20T00:20:26.749,1784478026.749454498,REACHED,odom,base_link,3.835420,0.035098,-0.933561,4.015873,-0.113723,odom,4.015873,-0.113723,0.226979,0.056493,0.233904,0.243936,548,-1,-1,nan,0.000000,0.000000,0.000000,0.000000,20260720_001838_030670609_S2L_r1_c1_final_off_live,c1_final_off,off,range,last_cmd_dt,nan,nan,nan,nan,nan,nan,0,0,not_evaluated,not_evaluated,0
2,119,2026-07-20T00:20:27.299,1784478027.299439192,REACHED,odom,base_link,3.835869,0.035203,-0.930658,4.015873,-0.113723,odom,4.015873,-0.113723,0.226959,0.055411,0.233625,0.239461,548,-1,-1,nan,0.000000,0.000000,0.000000,0.000000,20260720_001838_030670609_S2L_r1_c1_final_off_live,c1_final_off,off,range,last_cmd_dt,nan,nan,nan,nan,nan,nan,0,0,not_evaluated,not_evaluated,0
2,120,2026-07-20T00:20:27.799,1784478027.799442530,REACHED,odom,base_link,3.836063,0.035129,-0.930128,4.015873,-0.113723,odom,4.015873,-0.113723,0.226812,0.055179,0.233428,0.238646,548,-1,-1,nan,0.000000,0.000000,0.000000,0.000000,20260720_001838_030670609_S2L_r1_c1_final_off_live,c1_final_off,off,range,last_cmd_dt,nan,nan,nan,nan,nan,nan,0,0,not_evaluated,not_evaluated,0
