scenario,seed,method,context_stage,monitor_trial,cmd_vx,cmd_vy,cmd_wz,measured_vx,measured_vy,measured_wz,predicted_vx,predicted_vy,predicted_wz,normalized_nis,cusum,alarm,valid,safety_events
mixed_context_shift,6601,passive,pre_shift,1,-0.3,0.0,-0.35,-0.31770320932399704,0.028788499994964713,-0.36808305475868025,-0.3127444370686225,0.002494756761639352,-0.306585507288354,0.29816637248622874,0.0,False,True,
mixed_context_shift,6602,passive,pre_shift,1,-0.3,0.0,-0.35,-0.3010209917735969,0.03529887560503946,-0.3531412486868581,-0.3101208108608118,0.0004331776109704779,-0.31140086464983274,0.24225708996953788,0.0,False,True,
mixed_context_shift,6603,passive,pre_shift,1,-0.3,0.0,-0.35,-0.2732081545090616,0.05067811358343437,-0.29830406546520144,-0.29188996064056305,0.0005404447961544362,-0.29796266238440633,0.31005734876901553,0.0,False,True,
mixed_context_shift,6604,passive,pre_shift,1,-0.3,0.0,-0.35,-0.29829301977136086,0.03080475523698303,-0.37000161247907,-0.2887215893160585,-0.0010417718141177272,-0.32534961395531925,0.23449726682588365,0.0,False,True,
mixed_context_shift,6605,passive,pre_shift,1,-0.3,0.0,-0.35,-0.29019386159843696,0.01850259801888648,-0.3712269764054497,-0.3008942692692129,-0.006275251560585607,-0.2952439880199517,0.4131412967473523,0.0,False,True,
mixed_context_shift,6606,passive,pre_shift,1,-0.3,0.0,-0.35,-0.2981695792795359,0.012838191411007022,-0.35062811117219655,-0.3108244261547717,-0.014429589618938268,-0.30036004486779794,0.24137279831561198,0.0,False,True,
mixed_context_shift,6607,passive,pre_shift,1,-0.3,0.0,-0.35,-0.3310956756596161,0.042151450374295386,-0.39272447107442277,-0.3010158159349394,-0.0026808267109509495,-0.29650177109089904,0.8546197516851151,0.0,False,True,
mixed_context_shift,6608,passive,pre_shift,1,-0.3,0.0,-0.35,-0.29940707754968404,0.03335800273088668,-0.34394437852032067,-0.3083368392092861,-0.009671188679163672,-0.2987961972521328,0.3250185260709943,0.0,False,True,
mixed_context_shift,6609,passive,pre_shift,1,-0.3,0.0,-0.35,-0.33204873920567946,0.03861385119121046,-0.3690185442829973,-0.3167776054586937,0.002683617816231688,-0.3105663971474227,0.36375731476777046,0.0,False,True,
mixed_context_shift,6610,passive,pre_shift,1,-0.3,0.0,-0.35,-0.321389693195082,0.05302353511504293,-0.3889773458419393,-0.30953854646515766,-0.0017116401976044074,-0.29495977906510756,0.8388357404261263,0.0,False,True,
mixed_context_shift,6611,passive,pre_shift,1,-0.3,0.0,-0.35,-0.2950869747810329,0.03654188530386038,-0.32699267975467966,-0.3109416471832364,0.00287699918298625,-0.3121797089292899,0.15959438793511896,0.0,False,True,
mixed_context_shift,6612,passive,pre_shift,1,-0.3,0.0,-0.35,-0.3127635621506693,0.029808656300202647,-0.35973746391832245,-0.3073336733149682,-0.004059210393044896,-0.2971611384469141,0.3543656561868879,0.0,False,True,
mixed_context_shift,6613,passive,pre_shift,1,-0.3,0.0,-0.35,-0.1478289992541428,-0.0006199297379859009,-0.2147190638940468,-0.295032999678847,-0.00945248311344187,-0.2922470385554587,2.6068492184141454,1.1068492184141454,False,True,
mixed_context_shift,6614,passive,pre_shift,1,-0.3,0.0,-0.35,-0.29363138848602366,0.04551519485055629,-0.36334192591849296,-0.3073302480666393,0.0019438269493121077,-0.2846708058432617,0.5618428361848907,0.0,False,True,
mixed_context_shift,6615,passive,pre_shift,1,-0.3,0.0,-0.35,-0.30798419076979633,0.05782408523730406,-0.33743393940831423,-0.29890766682719677,0.0015894614584038593,-0.29037007788397634,0.46419670434329113,0.0,False,True,
mixed_context_shift,6616,passive,pre_shift,1,-0.3,0.0,-0.35,-0.30410104152506123,0.020466083376152095,-0.37897783259887113,-0.3119206720080422,-0.010836340708831034,-0.32252075338502617,0.2971369652925521,0.0,False,True,
mixed_context_shift,6617,passive,pre_shift,1,-0.3,0.0,-0.35,-0.32290597049717223,0.021301996591847974,-0.3893665056393506,-0.3038336857510342,-0.002823251728069675,-0.2944663802413682,0.6272289175845575,0.0,False,True,
mixed_context_shift,6618,passive,pre_shift,1,-0.3,0.0,-0.35,-0.30446880162324785,0.010243454608317451,-0.35636155919401896,-0.3143268757213498,0.0003683227973163803,-0.3137036208182246,0.12323941338699884,0.0,False,True,
mixed_context_shift,6619,passive,pre_shift,1,-0.3,0.0,-0.35,-0.272730546410346,0.0208729700927408,-0.34489726849758523,-0.3001127626809546,-0.0013858798019317515,-0.29838265898808275,0.2588267985127735,0.0,False,True,
mixed_context_shift,6620,passive,pre_shift,1,-0.3,0.0,-0.35,-0.29351582021318146,0.023257963109913453,-0.3345732739032645,-0.2884836241432844,0.0034236802611469852,-0.30583006994974143,0.09267743315697818,0.0,False,True,
mixed_context_shift,6601,passive,pre_shift,2,-0.3,0.0,0.35,-0.056425275693769504,0.01963090602601142,-0.057409069410032765,-0.31610951473947674,-0.0012273894896013442,0.32078867693964164,16.135575223595005,14.635575223595005,False,True,
mixed_context_shift,6602,passive,pre_shift,2,-0.3,0.0,0.35,-0.028686119981968496,0.016699405415804478,-0.04982230505108385,-0.30567869501154366,-0.01059781349835981,0.3488155675505389,18.27885213376931,16.77885213376931,False,True,
mixed_context_shift,6603,passive,pre_shift,2,-0.3,0.0,0.35,-0.020052929238576357,0.010321627746970794,-0.03394280847246766,-0.29561975819567754,-0.0037600523191051753,0.3147140375551857,15.915106766662788,14.415106766662788,False,True,
mixed_context_shift,6604,passive,pre_shift,2,-0.3,0.0,0.35,-0.022769961726835573,0.00922889479369613,-0.022201258229227756,-0.2597997721034359,0.0034190691386937924,0.31314129828012566,12.985408610182928,11.485408610182928,False,True,
mixed_context_shift,6605,passive,pre_shift,2,-0.3,0.0,0.35,-0.013735866524628439,0.010068523526196914,-0.008693304592889162,-0.2992829650441699,-0.005986273638682168,0.29758858589117443,14.890976525346495,13.390976525346495,False,True,
mixed_context_shift,6606,passive,pre_shift,2,-0.3,0.0,0.35,-0.02480497298784738,0.01715534349049473,-0.04330146544769975,-0.3086461909782915,-0.005291105384634525,0.30385521277321853,16.415161905527167,14.915161905527167,False,True,
mixed_context_shift,6607,passive,pre_shift,2,-0.3,0.0,0.35,-0.01572092037283661,0.0067762937891374464,-0.015082505628260306,-0.29954527176817836,-0.005246096049193799,0.29742284048220446,14.996702085426806,13.496702085426806,False,True,
mixed_context_shift,6608,passive,pre_shift,2,-0.3,0.0,0.35,-0.015549305286361484,0.013607414405484904,-0.033665480070652405,-0.30265525200037663,-0.01096101854204555,0.3379675057910558,17.571662778902553,16.071662778902553,False,True,
mixed_context_shift,6609,passive,pre_shift,2,-0.3,0.0,0.35,-0.03558011934062977,0.010462784856653974,-0.053000246299823514,-0.3151894003431848,-0.01092105777205656,0.34320865802581724,18.281370367474132,16.781370367474132,False,True,
mixed_context_shift,6610,passive,pre_shift,2,-0.3,0.0,0.35,-0.015238249101216784,0.007413769131671105,0.0027854529783310606,-0.3143706046715039,0.0007869279999188308,0.2931206146873517,15.192632592879493,13.692632592879493,False,True,
mixed_context_shift,6611,passive,pre_shift,2,-0.3,0.0,0.35,-0.010881714591344464,0.008974782436564905,-0.021825642840879556,-0.3023091211545735,0.0018833523426780919,0.3269841666005729,16.19076850880951,14.690768508809509,False,True,
mixed_context_shift,6612,passive,pre_shift,2,-0.3,0.0,0.35,-0.014503636423156958,0.007614417368335769,0.0011122617729899965,-0.3074224427036064,0.0007122587518701364,0.29428868449996903,14.877717207972948,13.377717207972948,False,True,
mixed_context_shift,6613,passive,pre_shift,2,-0.3,0.0,0.35,-0.014692026696979062,0.012650468795993916,-0.014478389616473476,-0.2873535266412121,9.526472919892444e-05,0.28669539585084075,13.869449430482291,13.476298648896437,False,True,
mixed_context_shift,6614,passive,pre_shift,2,-0.3,0.0,0.35,-0.20551604024206802,-0.01367245223144487,0.18697493946632204,-0.3116624984888254,-0.000996351513619957,0.2917211120068015,1.7736079713257074,0.27360797132570736,False,True,
mixed_context_shift,6615,passive,pre_shift,2,-0.3,0.0,0.35,-0.013725899258684482,0.00919916566254047,-0.0231841326717588,-0.3020150819349028,0.004223665346368524,0.29094247495576064,15.338630961008148,13.838630961008148,False,True,
mixed_context_shift,6616,passive,pre_shift,2,-0.3,0.0,0.35,-0.01347486100099078,0.009737944537456663,-0.002986893218200911,-0.303114891189074,-0.008208167812773356,0.33607783454175505,16.303324761522276,14.803324761522276,False,True,
mixed_context_shift,6617,passive,pre_shift,2,-0.3,0.0,0.35,-0.018778762954725487,0.005359453247990748,-0.0009428815148195438,-0.3011960793626663,-0.005695386462781974,0.29960453800617964,14.45578498832168,12.95578498832168,False,True,
mixed_context_shift,6618,passive,pre_shift,2,-0.3,0.0,0.35,-0.03455118182926718,0.015043619438211945,-0.05355118121286353,-0.3119192947273387,-0.008188978336114091,0.33168950239093614,17.640319552087114,16.140319552087114,False,True,
mixed_context_shift,6619,passive,pre_shift,2,-0.3,0.0,0.35,-0.013988313845623027,0.012187301368052777,-0.016482016846203512,-0.3026280406309193,0.00905135815329983,0.2947038614059694,14.711428936278049,13.211428936278049,False,True,
mixed_context_shift,6620,passive,pre_shift,2,-0.3,0.0,0.35,-0.016131503114553893,0.011604263480004463,-0.02555132857024782,-0.27303726177667564,0.014628635190613559,0.2883622900080285,13.365061273686479,11.865061273686479,False,True,
mixed_context_shift,6601,passive,pre_shift,3,0.2,-0.18,-0.3,0.17284971171024516,-0.19578662387205947,-0.2048557550379404,0.2029977611328543,-0.18041727893856171,-0.2596994112016665,0.29887426707565395,13.434449490670659,False,True,
mixed_context_shift,6602,passive,pre_shift,3,0.2,-0.18,-0.3,0.18601605580644,-0.2143168204711125,-0.2647627743177276,0.20237511733115987,-0.18936477924847764,-0.2732995123423999,0.10225200941507834,15.381104143184388,False,True,
mixed_context_shift,6603,passive,pre_shift,3,0.2,-0.18,-0.3,0.18042047559331068,-0.15963194595621186,-0.21299515830216056,0.20871849967172051,-0.16366011043485945,-0.25279546831839883,0.18101309351535488,13.096119860178144,False,True,
mixed_context_shift,6604,passive,pre_shift,3,0.2,-0.18,-0.3,0.18039543779055983,-0.20194504946221184,-0.26459310376371187,0.18372951534033044,-0.1942694653763332,-0.2687510717003316,0.008702627213291384,9.994111237396218,False,True,
mixed_context_shift,6605,passive,pre_shift,3,0.2,-0.18,-0.3,0.16785475467536098,-0.18631969398895182,-0.27288847155124957,0.19800091015096163,-0.1779813606370145,-0.2591803368135861,0.11972855659061939,12.010705081937115,False,True,
mixed_context_shift,6606,passive,pre_shift,3,0.2,-0.18,-0.3,0.20783890313728046,-0.22575594826236114,-0.2347936199013992,0.21098749686273544,-0.1991584925707254,-0.25359114722515963,0.09914749423472659,13.514309399761894,False,True,
mixed_context_shift,6607,passive,pre_shift,3,0.2,-0.18,-0.3,0.16449076771683246,-0.20471156552709804,-0.28110362876687556,0.1997685495578158,-0.18193501122849406,-0.260126318793826,0.22086907651272555,12.217571161939532,False,True,
mixed_context_shift,6608,passive,pre_shift,3,0.2,-0.18,-0.3,0.18497382317997726,-0.1797072134676768,-0.24179847466068388,0.20464317546624114,-0.17967013958219022,-0.26432514298147197,0.0719644600117839,14.643627238914338,False,True,
mixed_context_shift,6609,passive,pre_shift,3,0.2,-0.18,-0.3,0.1628777886839686,-0.20983863020299964,-0.284623681181968,0.1969455197091908,-0.18192909098215185,-0.2804076431675136,0.21569003921082439,15.497060406684955,False,True,
mixed_context_shift,6610,passive,pre_shift,3,0.2,-0.18,-0.3,0.1701676937539841,-0.17257742711065294,-0.24255229033051207,0.2046037621058982,-0.17544970644144614,-0.255572423421325,0.14179299946193638,12.334425592341429,False,True,
mixed_context_shift,6611,passive,pre_shift,3,0.2,-0.18,-0.3,0.17382155977275832,-0.17561521637181754,-0.21970979165499,0.20324675712317872,-0.17488819547779738,-0.2678874564097833,0.2281489304110145,13.418917439220523,False,True,
mixed_context_shift,6612,passive,pre_shift,3,0.2,-0.18,-0.3,0.1783590621046185,-0.20070679910143835,-0.2572697597231283,0.20035054486837417,-0.1854482807293038,-0.253226168201104,0.08036220345257544,11.958079411425523,False,True,
mixed_context_shift,6613,passive,pre_shift,3,0.2,-0.18,-0.3,0.20136159570535314,-0.19816548600072198,-0.27090148497535343,0.20677664749059713,-0.18337023053506227,-0.2568124278396385,0.038463135650728515,12.014761784547165,False,True,
mixed_context_shift,6614,passive,pre_shift,3,0.2,-0.18,-0.3,0.16943951545979152,-0.1821640755826009,-0.27327965661232445,0.2025227851838967,-0.1771962613556136,-0.2594226273426672,0.13572460165432906,0.0,False,True,
mixed_context_shift,6615,passive,pre_shift,3,0.2,-0.18,-0.3,0.17901804568498197,-0.14674862558881513,-0.20730923361310932,0.21074722413064573,-0.16653660357596914,-0.2458092315065304,0.238507342226659,12.577138303234808,False,True,
mixed_context_shift,6616,passive,pre_shift,3,0.2,-0.18,-0.3,0.19748595068778194,-0.2188523079206207,-0.24643987252894592,0.2048486612915172,-0.19542753722033576,-0.2793390745754198,0.1284504026021959,13.431775164124472,False,True,
mixed_context_shift,6617,passive,pre_shift,3,0.2,-0.18,-0.3,0.16118955100749127,-0.2129188301113294,-0.29886546006953885,0.19696434457645207,-0.18435096689477076,-0.2680338116129617,0.28623797618895636,11.742022964510637,False,True,
mixed_context_shift,6618,passive,pre_shift,3,0.2,-0.18,-0.3,0.16329565375535143,-0.19910669860175645,-0.22680426538362716,0.20281888540286902,-0.18541838524915535,-0.2728249645771459,0.3153066657979638,14.955626217885078,False,True,
mixed_context_shift,6619,passive,pre_shift,3,0.2,-0.18,-0.3,0.193247401691788,-0.17916943373168095,-0.2228023754769954,0.2115417799945106,-0.17463866411819762,-0.2515931656660119,0.08657172812453012,11.79800066440258,False,True,
mixed_context_shift,6620,passive,pre_shift,3,0.2,-0.18,-0.3,0.19905081540018624,-0.1746898860351634,-0.24383771642276156,0.2041034330558187,-0.17224040398968335,-0.25081208481037676,0.0062803051389113,10.37134157882539,False,True,
mixed_context_shift,6601,passive,pre_shift,4,0.2,-0.18,0.3,0.1804357398311071,-0.15459073188002048,0.3493222518201307,0.20407934741398726,-0.1740060517411579,0.2971421421575723,0.25782481849695954,12.192274309167619,False,True,
mixed_context_shift,6602,passive,pre_shift,4,0.2,-0.18,0.3,0.2128560393801793,-0.2113821929332301,0.38881151306306644,0.20515184010177026,-0.1888654526857171,0.3045686588525121,0.4673868035627253,14.348490946747113,False,True,
mixed_context_shift,6603,passive,pre_shift,4,0.2,-0.18,0.3,0.2287193774488857,-0.15950926526995915,0.36334425421657196,0.215233090724931,-0.1568317251839429,0.2949728681627606,0.29002157304211307,11.886141433220256,False,True,
mixed_context_shift,6604,passive,pre_shift,4,0.2,-0.18,0.3,0.2409245753163771,-0.22537869367705732,0.3228965237110537,0.2158694960289419,-0.19228139064782887,0.28872040201320437,0.2536621161334596,8.747773353529677,False,True,
mixed_context_shift,6605,passive,pre_shift,4,0.2,-0.18,0.3,0.2018321551170181,-0.13529469806165173,0.31225340876972907,0.20618103439729277,-0.17434188698140266,0.28025147171976617,0.22348826042993555,10.73419334236705,False,True,
mixed_context_shift,6606,passive,pre_shift,4,0.2,-0.18,0.3,0.2457415103549901,-0.19038609540825957,0.38293205603235025,0.22552637025588876,-0.18753749237719916,0.29981251800766817,0.444984023645079,12.459293423406972,False,True,
mixed_context_shift,6607,passive,pre_shift,4,0.2,-0.18,0.3,0.21924273036658262,-0.18102298114921322,0.35355847408060964,0.20611487994511288,-0.17541919029385122,0.2767396362329631,0.36330876608421675,11.080879928023748,False,True,
mixed_context_shift,6608,passive,pre_shift,4,0.2,-0.18,0.3,0.21799111619917994,-0.1566709928998526,0.3452763361714961,0.21586317211578093,-0.16930281463316624,0.2973005901431828,0.1495567646105618,13.2931840035249,False,True,
mixed_context_shift,6609,passive,pre_shift,4,0.2,-0.18,0.3,0.21365271909524297,-0.22194858201245918,0.3604132219976529,0.1987222818864156,-0.1810510312477924,0.2883360341600831,0.5060559753499582,14.503116382034914,False,True,
mixed_context_shift,6610,passive,pre_shift,4,0.2,-0.18,0.3,0.23608506983322622,-0.1669164495889371,0.3500745562919901,0.20444203868594593,-0.1623791917121304,0.2728673747594719,0.45735816376937016,11.2917837561108,False,True,
mixed_context_shift,6611,passive,pre_shift,4,0.2,-0.18,0.3,0.1923818258943919,-0.1389342745278526,0.33295711954138035,0.20167275465292817,-0.1638952682840841,0.2839198646444116,0.21153601214459292,12.130453451365117,False,True,
mixed_context_shift,6612,passive,pre_shift,4,0.2,-0.18,0.3,0.22566211403005007,-0.19700733959229527,0.3217990433987466,0.20979782888608015,-0.18245281683823728,0.28333902138218675,0.13564910029129826,10.59372851171682,False,True,
mixed_context_shift,6613,passive,pre_shift,4,0.2,-0.18,0.3,0.22810753265527317,-0.21496071471972203,0.3250017484540478,0.20701089658318475,-0.18035430840104535,0.28211586513189885,0.28265967251809027,10.797421457065255,False,True,
mixed_context_shift,6614,passive,pre_shift,4,0.2,-0.18,0.3,0.1789872728671893,-0.14119231823190004,0.28909971658768924,0.1983496898535275,-0.16025227227777133,0.2603385685252026,0.12805212745638164,0.0,False,True,
mixed_context_shift,6615,passive,pre_shift,4,0.2,-0.18,0.3,0.21975810487482608,-0.15633774427191427,0.3418728454764023,0.21060030900168653,-0.15785842957890314,0.2867929426029865,0.18416076950890245,11.26129907274371,False,True,
mixed_context_shift,6616,passive,pre_shift,4,0.2,-0.18,0.3,0.22865656334372822,-0.19548189712267217,0.3279960534419214,0.20479596058007257,-0.16783381405304718,0.29082377244446184,0.22411338774819836,12.155888551872671,False,True,
mixed_context_shift,6617,passive,pre_shift,4,0.2,-0.18,0.3,0.21579535928114865,-0.20057680342583506,0.31300799122424605,0.197829055281255,-0.17505144541125756,0.2589394114256041,0.275608188351603,10.51763115286224,False,True,
mixed_context_shift,6618,passive,pre_shift,4,0.2,-0.18,0.3,0.2144056186594513,-0.20494366868283703,0.38512471706777746,0.20891837976102925,-0.18168402033269157,0.2971898538839197,0.5036711683334101,13.959297386218488,False,True,
mixed_context_shift,6619,passive,pre_shift,4,0.2,-0.18,0.3,0.22500440330903448,-0.15026626678408997,0.32098167653733645,0.21834145226912308,-0.15808431096196413,0.2845327845757571,0.08772033747834125,10.38572100188092,False,True,
mixed_context_shift,6620,passive,pre_shift,4,0.2,-0.18,0.3,0.24108802105487492,-0.14462157098073705,0.3086776404331435,0.21650357691564145,-0.1560600241188035,0.29020946648512985,0.09964055780456928,8.97098213662996,False,True,
mixed_context_shift,6601,passive,post_shift,1,-0.3,0.0,-0.35,-0.09280665411310177,0.0183514626253016,-0.1798295019452371,-0.3127444370686225,0.002494756761639352,-0.306585507288354,6.262853702107187,16.955128011274805,False,True,
mixed_context_shift,6602,passive,post_shift,1,-0.3,0.0,-0.35,-0.09521623194597173,0.02329898733976232,-0.1429004211174147,-0.3101208108608118,0.0004331776109704779,-0.31140086464983274,6.779996950432975,19.628487897180086,False,True,
mixed_context_shift,6603,passive,post_shift,1,-0.3,0.0,-0.35,-0.13698101712625305,0.02356433071620071,-0.12307122349116749,-0.29188996064056305,0.0005404447961544362,-0.29796266238440633,4.458528266163475,14.844669699383731,False,True,
mixed_context_shift,6604,passive,post_shift,1,-0.3,0.0,-0.35,-0.08325122964800931,0.013658718626452857,-0.15031378452770758,-0.2887215893160585,-0.0010417718141177272,-0.32534961395531925,6.419394162538775,13.667167516068453,False,True,
mixed_context_shift,6605,passive,post_shift,1,-0.3,0.0,-0.35,-0.11461448326939966,0.015818482760577877,-0.17356885909936756,-0.3008942692692129,-0.006275251560585607,-0.2952439880199517,4.711595341918834,13.945788684285883,False,True,
mixed_context_shift,6606,passive,post_shift,1,-0.3,0.0,-0.35,-0.08273705415927211,0.009846713802008628,-0.19205310725556296,-0.3108244261547717,-0.014429589618938268,-0.30036004486779794,6.43941863889883,17.3987120623058,False,True,
mixed_context_shift,6607,passive,post_shift,1,-0.3,0.0,-0.35,-0.13572134581473416,0.01777788853738822,-0.17285865154841934,-0.3010158159349394,-0.0026808267109509495,-0.29650177109089904,3.9111304428189757,13.492010370842724,False,True,
mixed_context_shift,6608,passive,post_shift,1,-0.3,0.0,-0.35,-0.1021997563957925,0.012176338438015088,-0.1529793492196603,-0.3083368392092861,-0.009671188679163672,-0.2987961972521328,5.926766891401488,17.719950894926388,False,True,
mixed_context_shift,6609,passive,post_shift,1,-0.3,0.0,-0.35,-0.1523607433789282,0.030632656077109688,-0.1369766053996765,-0.3167776054586937,0.002683617816231688,-0.3105663971474227,4.779365523792484,17.7824819058274,False,True,
mixed_context_shift,6610,passive,post_shift,1,-0.3,0.0,-0.35,-0.14297587555831112,0.013952245789236914,-0.1501858749647067,-0.30953854646515766,-0.0017116401976044074,-0.29495977906510756,4.2623032649814565,14.054087021092256,False,True,
mixed_context_shift,6611,passive,post_shift,1,-0.3,0.0,-0.35,-0.11084545012056704,0.008293581768224515,-0.10467198860583364,-0.3109416471832364,0.00287699918298625,-0.3121797089292899,6.793671204807098,17.424124656172214,False,True,
mixed_context_shift,6612,passive,post_shift,1,-0.3,0.0,-0.35,-0.15270820961595044,0.023103889088562382,-0.18459732249738092,-0.3073336733149682,-0.004059210393044896,-0.2971611384469141,3.421398014851588,12.515126526568409,False,True,
mixed_context_shift,6613,passive,post_shift,1,-0.3,0.0,-0.35,-0.11365248067787855,0.02897381401648204,-0.13583669949243427,-0.295032999678847,-0.00945248311344187,-0.2922470385554587,5.191796938996409,14.489218396061663,True,True,
mixed_context_shift,6614,passive,post_shift,1,-0.3,0.0,-0.35,-0.1057775740045867,-0.0017822882464403264,-0.19260020228042718,-0.3073302480666393,0.0019438269493121077,-0.2846708058432617,4.937651011629891,3.4376510116298906,False,True,
mixed_context_shift,6615,passive,post_shift,1,-0.3,0.0,-0.35,-0.14121782243354,0.0222878219688416,-0.06717439464316521,-0.29890766682719677,0.0015894614584038593,-0.29037007788397634,5.668301389571499,15.42960046231521,False,True,
mixed_context_shift,6616,passive,post_shift,1,-0.3,0.0,-0.35,-0.062152724417235246,0.0029313449779383542,-0.19201864631412907,-0.3119206720080422,-0.010836340708831034,-0.32252075338502617,7.813774667467683,18.469663219340354,False,True,
mixed_context_shift,6617,passive,post_shift,1,-0.3,0.0,-0.35,-0.11204723099051007,0.01106472201122424,-0.17297729558220526,-0.3038336857510342,-0.002823251728069675,-0.2944663802413682,4.904383324498625,13.922014477360865,False,True,
mixed_context_shift,6618,passive,post_shift,1,-0.3,0.0,-0.35,-0.11480829583457236,0.010878455432138447,-0.14494723060057166,-0.3143268757213498,0.0003683227973163803,-0.3137036208182246,6.023436723202663,18.482734109421152,False,True,
mixed_context_shift,6619,passive,post_shift,1,-0.3,0.0,-0.35,-0.09038944688502343,-0.004067509749327461,-0.16923584992964438,-0.3001127626809546,-0.0013858798019317515,-0.29838265898808275,5.730494688376944,14.616215690257864,False,True,
mixed_context_shift,6620,passive,post_shift,1,-0.3,0.0,-0.35,-0.11449571508397482,0.009750265624330776,-0.14582538164452147,-0.2884836241432844,0.0034236802611469852,-0.30583006994974143,4.80766072255961,12.27864285918957,False,True,
mixed_context_shift,6601,passive,post_shift,2,-0.3,0.0,0.35,-0.08009777780486074,0.005502629927306871,0.14646647980699903,-0.31610951473947674,-0.0012273894896013442,0.32078867693964164,7.986205021477904,23.44133303275271,True,True,
mixed_context_shift,6602,passive,post_shift,2,-0.3,0.0,0.35,-0.12067436742164235,-0.007155864779142555,0.15378059406095448,-0.30567869501154366,-0.01059781349835981,0.3488155675505389,6.03846263154871,24.166950528728798,True,True,
mixed_context_shift,6603,passive,post_shift,2,-0.3,0.0,0.35,-0.1056616559451196,-0.0233734718903768,0.16712399209208323,-0.29561975819567754,-0.0037600523191051753,0.3147140375551857,5.3226205021536375,18.66729020153737,True,True,
mixed_context_shift,6604,passive,post_shift,2,-0.3,0.0,0.35,-0.09972171943590623,-0.01696286006707522,0.1254915356941581,-0.2597997721034359,0.0034190691386937924,0.31314129828012566,5.005625232155835,17.17279274822429,True,True,
mixed_context_shift,6605,passive,post_shift,2,-0.3,0.0,0.35,-0.10039277657221653,-0.01781955362976258,0.11038990949924347,-0.2992829650441699,-0.005986273638682168,0.29758858589117443,6.554856953675124,19.000645637961007,True,True,
mixed_context_shift,6606,passive,post_shift,2,-0.3,0.0,0.35,-0.11555230345688457,-0.009797381182328719,0.13908096872435854,-0.3086461909782915,-0.005291105384634525,0.30385521277321853,5.7779983117719125,21.676710374077715,True,True,
mixed_context_shift,6607,passive,post_shift,2,-0.3,0.0,0.35,-0.08626029710048826,-0.01613313230376161,0.1021043570789736,-0.29954527176817836,-0.005246096049193799,0.29742284048220446,7.441701062765497,19.43371143360822,True,True,
mixed_context_shift,6608,passive,post_shift,2,-0.3,0.0,0.35,-0.11516956088419551,-0.027455562377433865,0.17904989756734005,-0.30265525200037663,-0.01096101854204555,0.3379675057910558,5.248106206143366,21.468057101069753,True,True,
mixed_context_shift,6609,passive,post_shift,2,-0.3,0.0,0.35,-0.10090245510175687,-0.014383844163810331,0.15133108887271254,-0.3151894003431848,-0.01092105777205656,0.34320865802581724,7.18562297642183,23.46810488224923,True,True,
mixed_context_shift,6610,passive,post_shift,2,-0.3,0.0,0.35,-0.10323631834429783,-0.0025464013591172834,0.06103696735089216,-0.3143706046715039,0.0007869279999188308,0.2931206146873517,8.277506064732748,20.831593085825006,True,True,
mixed_context_shift,6611,passive,post_shift,2,-0.3,0.0,0.35,-0.08745197864365854,-0.005014279964055085,0.14704334428497384,-0.3023091211545735,0.0018833523426780919,0.3269841666005729,6.609754040155767,22.53387869632798,True,True,
mixed_context_shift,6612,passive,post_shift,2,-0.3,0.0,0.35,-0.10014160631585765,0.0054747190212841405,0.07941634920199087,-0.3074224427036064,0.0007122587518701364,0.29428868449996903,7.642423907789183,18.657550434357592,True,True,
mixed_context_shift,6613,passive,post_shift,2,-0.3,0.0,0.35,-0.11301753490106824,-0.01333854899638502,0.09182233357296538,-0.2873535266412121,9.526472919892444e-05,0.28669539585084075,3.0070344169483927,15.996252813010056,False,True,
mixed_context_shift,6614,passive,post_shift,2,-0.3,0.0,0.35,-0.13959092901049108,-0.0038196014700134302,0.16557769003021516,-0.3116624984888254,-0.000996351513619957,0.2917211120068015,4.174554481098851,6.112205492728742,True,True,
mixed_context_shift,6615,passive,post_shift,2,-0.3,0.0,0.35,-0.12281570138468705,-0.014903194077860381,0.13049310146318746,-0.3020150819349028,0.004223665346368524,0.29094247495576064,5.185173162064394,19.114773624379605,True,True,
mixed_context_shift,6616,passive,post_shift,2,-0.3,0.0,0.35,-0.11130842769902277,-0.002919294520214801,0.10285772003256777,-0.303114891189074,-0.008208167812773356,0.33607783454175505,7.3471068717607,24.316770091101056,True,True,
mixed_context_shift,6617,passive,post_shift,2,-0.3,0.0,0.35,-0.08835185053967498,-0.018196796748136432,0.08146742325949269,-0.3011960793626663,-0.005695386462781974,0.29960453800617964,7.959357413333833,20.381371890694698,True,True,
mixed_context_shift,6618,passive,post_shift,2,-0.3,0.0,0.35,-0.0970752900213887,-0.007366892511831349,0.08633343425094904,-0.3119192947273387,-0.008188978336114091,0.33168950239093614,8.790573492528981,25.773307601950133,True,True,
mixed_context_shift,6619,passive,post_shift,2,-0.3,0.0,0.35,-0.11887673751929335,-0.0014362019594223925,0.11244012742668598,-0.3026280406309193,0.00905135815329983,0.2947038614059694,5.612406679037416,18.72862236929528,True,True,
mixed_context_shift,6620,passive,post_shift,2,-0.3,0.0,0.35,-0.10708926276869735,0.005109100998137715,0.1544318405248814,-0.27303726177667564,0.014628635190613559,0.2883622900080285,4.183189133986871,14.961831993176443,True,True,
mixed_context_shift,6601,passive,post_shift,3,0.2,-0.18,-0.3,0.06845386650027949,-0.06587625837293253,-0.08679993100705877,0.2029977611328543,-0.18041727893856171,-0.2596994112016665,2.5569981967293187,24.498331229482027,False,True,
mixed_context_shift,6602,passive,post_shift,3,0.2,-0.18,-0.3,0.08429552861384354,-0.07680962275872033,-0.0768057050975731,0.20237511733115987,-0.18936477924847764,-0.2732995123423999,2.598565558721577,25.265516087450376,False,False,BASE_HEIGHT_LIMIT
mixed_context_shift,6603,passive,post_shift,3,0.2,-0.18,-0.3,0.05709308540702174,-0.05979333372242634,-0.05077669820703427,0.20871849967172051,-0.16366011043485945,-0.25279546831839883,3.0721222805619814,20.23941248209935,False,True,
mixed_context_shift,6604,passive,post_shift,3,0.2,-0.18,-0.3,0.06521401597196166,-0.06376845998260662,-0.06656566428546447,0.18372951534033044,-0.1942694653763332,-0.2687510717003316,2.896847875090662,18.56964062331495,False,True,
mixed_context_shift,6605,passive,post_shift,3,0.2,-0.18,-0.3,0.07574490038584733,-0.06050204976670592,-0.07198076007477774,0.19800091015096163,-0.1779813606370145,-0.2591803368135861,2.600074864033703,20.10072050199471,False,True,
mixed_context_shift,6606,passive,post_shift,3,0.2,-0.18,-0.3,0.09114444758438536,-0.07447558374488103,-0.07198364386657526,0.21098749686273544,-0.1991584925707254,-0.25359114722515963,2.5722088989063367,22.74891927298405,False,True,
mixed_context_shift,6607,passive,post_shift,3,0.2,-0.18,-0.3,0.040041910072427384,-0.05691490123145396,-0.0678792010217825,0.1997685495578158,-0.18193501122849406,-0.260126318793826,3.3251125969629167,21.258824030571137,False,True,
mixed_context_shift,6608,passive,post_shift,3,0.2,-0.18,-0.3,0.08239141716664021,-0.0640089525961658,-0.07283780806491957,0.20464317546624114,-0.17967013958219022,-0.26432514298147197,2.6499827387023758,22.61803983977213,False,True,
mixed_context_shift,6609,passive,post_shift,3,0.2,-0.18,-0.3,0.04766338780590111,-0.06197892566916816,-0.09247623031565727,0.1969455197091908,-0.18192909098215185,-0.2804076431675136,3.0351956428784668,25.003300525127695,False,True,
mixed_context_shift,6610,passive,post_shift,3,0.2,-0.18,-0.3,0.05978421866924459,-0.06672294906110575,-0.03162904778908956,0.2046037621058982,-0.17544970644144614,-0.255572423421325,3.327247439674125,22.65884052549913,False,True,
mixed_context_shift,6611,passive,post_shift,3,0.2,-0.18,-0.3,0.07405340111568007,-0.06614342185018364,-0.05278954980689449,0.20324675712317872,-0.17488819547779738,-0.2678874564097833,2.90750896152511,23.94138765785309,False,True,
mixed_context_shift,6612,passive,post_shift,3,0.2,-0.18,-0.3,0.06683953688534518,-0.07231596237428065,-0.07234982444053624,0.20035054486837417,-0.1854482807293038,-0.253226168201104,2.644893568504878,19.80244400286247,False,False,BASE_HEIGHT_LIMIT
mixed_context_shift,6613,passive,post_shift,3,0.2,-0.18,-0.3,0.09186353009306436,-0.060694292015416394,-0.054725232703997956,0.20677664749059713,-0.18337023053506227,-0.2568124278396385,2.7406914226399692,17.236944235650025,False,True,
mixed_context_shift,6614,passive,post_shift,3,0.2,-0.18,-0.3,0.07895012543891904,-0.08140103713891872,-0.0832966485825409,0.2025227851838967,-0.1771962613556136,-0.2594226273426672,2.2594710980881128,6.871676590816854,False,True,
mixed_context_shift,6615,passive,post_shift,3,0.2,-0.18,-0.3,0.07705417156391975,-0.059221742162448195,-0.016385130887349816,0.21074722413064573,-0.16653660357596914,-0.2458092315065304,3.2354952389546487,20.850268863334254,False,True,
mixed_context_shift,6616,passive,post_shift,3,0.2,-0.18,-0.3,0.09290210832163524,-0.07807773411605584,-0.09175672361806873,0.2048486612915172,-0.19542753722033576,-0.2793390745754198,2.4170191061059563,25.233789197207013,False,True,
mixed_context_shift,6617,passive,post_shift,3,0.2,-0.18,-0.3,0.047057394626132114,-0.05156579357133095,-0.08796339906807983,0.19696434457645207,-0.18435096689477076,-0.2680338116129617,3.113702766974922,21.99507465766962,False,True,
mixed_context_shift,6618,passive,post_shift,3,0.2,-0.18,-0.3,0.07157310455479825,-0.06484476019871516,-0.061070494175675075,0.20281888540286902,-0.18541838524915535,-0.2728249645771459,3.087481947099389,27.36078954904952,False,True,
mixed_context_shift,6619,passive,post_shift,3,0.2,-0.18,-0.3,0.082997037880689,-0.07302178381484499,-0.06081957218654005,0.2115417799945106,-0.17463866411819762,-0.2515931656660119,2.528490441715419,19.7571128110107,False,True,
mixed_context_shift,6620,passive,post_shift,3,0.2,-0.18,-0.3,0.07755474226354953,-0.06553733176703458,-0.08661325212818351,0.2041034330558187,-0.17224040398968335,-0.25081208481037676,2.2796162093117798,15.741448202488222,False,False,BASE_HEIGHT_LIMIT
mixed_context_shift,6601,passive,post_shift,4,0.2,-0.18,0.3,-0.0064861271238180794,-0.048185984678808136,0.19645107956789973,0.20407934741398726,-0.1740060517411579,0.2971421421575723,3.1914878141570573,26.189819043639083,False,True,
mixed_context_shift,6602,passive,post_shift,4,0.2,-0.18,0.3,0.05573899537910743,-0.05813334540908988,0.09055098805817818,0.20515184010177026,-0.1888654526857171,0.3045686588525121,3.3170951350468414,27.082611222497217,False,True,
mixed_context_shift,6603,passive,post_shift,4,0.2,-0.18,0.3,0.1372402445799688,-0.032914155330795995,0.13804046859343425,0.215233090724931,-0.1568317251839429,0.2949728681627606,1.796474917728595,20.535887399827946,False,True,
mixed_context_shift,6604,passive,post_shift,4,0.2,-0.18,0.3,0.09026892107545655,-0.0536813501583023,0.018462394269826553,0.2158694960289419,-0.19228139064782887,0.28872040201320437,3.980932097802348,21.050572721117298,False,True,
mixed_context_shift,6605,passive,post_shift,4,0.2,-0.18,0.3,0.1081980642006501,-0.0529714760036162,0.05515430115568343,0.20618103439729277,-0.17434188698140266,0.28025147171976617,2.746120339374882,21.346840841369595,False,True,
mixed_context_shift,6606,passive,post_shift,4,0.2,-0.18,0.3,0.13497572340768318,-0.0546546088868315,0.17553891147199727,0.22552637025588876,-0.18753749237719916,0.29981251800766817,1.7156338969459763,22.964553169930028,False,True,
mixed_context_shift,6607,passive,post_shift,4,0.2,-0.18,0.3,0.10737850463132644,-0.04427799584278918,0.0593387709865632,0.20611487994511288,-0.17541919029385122,0.2767396362329631,2.78053238185625,22.539356412427388,False,True,
mixed_context_shift,6608,passive,post_shift,4,0.2,-0.18,0.3,0.11988609494763715,-0.040766749318519924,0.12591329138886304,0.21586317211578093,-0.16930281463316624,0.2973005901431828,2.152329112714125,23.270368952486255,False,True,
mixed_context_shift,6609,passive,post_shift,4,0.2,-0.18,0.3,0.08540007654187748,-0.06533759483039354,0.08981082236572877,0.1987222818864156,-0.1810510312477924,0.2883360341600831,2.4918861778228436,25.99518670295054,False,True,
mixed_context_shift,6610,passive,post_shift,4,0.2,-0.18,0.3,0.10647976375029003,-0.04504034987188815,0.07187624723469696,0.20444203868594593,-0.1623791917121304,0.2728673747594719,2.389604771100459,23.54844529659959,False,True,
mixed_context_shift,6611,passive,post_shift,4,0.2,-0.18,0.3,0.07661124637679412,-0.031167670403483717,0.11520487755151144,0.20167275465292817,-0.1638952682840841,0.2839198646444116,2.2836525455050136,24.725040203358105,False,True,
mixed_context_shift,6612,passive,post_shift,4,0.2,-0.18,0.3,0.12364793654637873,-0.06108793703467671,0.0916141735328511,0.20979782888608015,-0.18245281683823728,0.28333902138218675,2.2094142023346897,20.511858205197157,False,True,
mixed_context_shift,6613,passive,post_shift,4,0.2,-0.18,0.3,0.09173321588236437,-0.062231440714814616,0.023443821905709143,0.20701089658318475,-0.18035430840104535,0.28211586513189885,3.3951265990793082,19.132070834729333,False,True,
mixed_context_shift,6614,passive,post_shift,4,0.2,-0.18,0.3,0.05502372195313315,-0.020252123131210005,0.12608346850312024,0.1983496898535275,-0.16025227227777133,0.2603385685252026,2.4975181612913038,7.869194752108157,False,True,
mixed_context_shift,6615,passive,post_shift,4,0.2,-0.18,0.3,0.10258747786474155,-0.05298556564278192,0.10302351142920368,0.21060030900168653,-0.15785842957890314,0.2867929426029865,2.148333591428976,21.49860245476323,False,True,
mixed_context_shift,6616,passive,post_shift,4,0.2,-0.18,0.3,0.08543061403251052,-0.045089791839973296,0.0775736086380393,0.20479596058007257,-0.16783381405304718,0.29082377244446184,2.8240320510941,26.557821248301114,False,True,
mixed_context_shift,6617,passive,post_shift,4,0.2,-0.18,0.3,0.09395359706397255,-0.047717735896637685,0.04879041932710842,0.197829055281255,-0.17505144541125756,0.2589394114256041,2.688902026013015,23.183976683682634,False,True,
mixed_context_shift,6618,passive,post_shift,4,0.2,-0.18,0.3,0.09492894199571093,-0.04598606397769969,0.06752750836540153,0.20891837976102925,-0.18168402033269157,0.2971898538839197,3.1632535932586645,29.024043142308187,False,True,
mixed_context_shift,6619,passive,post_shift,4,0.2,-0.18,0.3,0.11449820754628444,-0.02936581036836939,0.12111803367500697,0.21834145226912308,-0.15808431096196413,0.2845327845757571,2.1405389360224194,20.39765174703312,False,True,
mixed_context_shift,6620,passive,post_shift,4,0.2,-0.18,0.3,0.12692026099608036,-0.06032938355137125,0.12224483898096146,0.21650357691564145,-0.1560600241188035,0.29020946648512985,1.7059507940854244,15.947398996573646,False,True,
mixed_context_shift,6601,passive,post_shift,5,0.2,0.18,-0.3,0.03107662470623982,0.003456814864258781,-0.031075446619774367,0.17185867476717212,0.1342377493189651,-0.26247021672289333,3.8586410991415647,28.548460142780648,False,True,
mixed_context_shift,6602,passive,post_shift,5,0.2,0.18,-0.3,0.03599140950336877,0.012321527621011196,-0.05489271304312655,0.18795438118419852,0.15473049834306057,-0.2926829062568561,4.320670306731836,29.903281529229055,False,True,
mixed_context_shift,6603,passive,post_shift,5,0.2,0.18,-0.3,-0.0016994766477679622,0.025454574906920054,-0.07404112241521227,0.1723025024096772,0.11479386155803857,-0.27869346118818006,3.570138044644692,22.60602544447264,False,True,
mixed_context_shift,6604,passive,post_shift,5,0.2,0.18,-0.3,0.007373375676389765,0.006254005501580091,-0.06150921657203925,0.17386834719880961,0.16514474929647469,-0.2841859218946179,4.198197298754926,23.748770019872225,False,True,
mixed_context_shift,6605,passive,post_shift,5,0.2,0.18,-0.3,0.02525894332370819,0.0372424011195801,-0.10695912622894711,0.18126221769462025,0.14970225462248235,-0.27839059672549016,3.0564215637348977,22.903262405104492,False,True,
mixed_context_shift,6606,passive,post_shift,5,0.2,0.18,-0.3,0.03588497115898056,0.0190242091203735,-0.0659481931538002,0.19938346202723234,0.1535868061725867,-0.2842911662810566,3.747640930633351,25.21219410056338,False,True,
mixed_context_shift,6607,passive,post_shift,5,0.2,0.18,-0.3,-0.006366670632597023,-0.004607497417707894,-0.0848297607267115,0.16550850594565752,0.14240389978114762,-0.2750279895201367,4.090213113099976,25.129569525527366,False,True,
mixed_context_shift,6608,passive,post_shift,5,0.2,0.18,-0.3,0.000470901315828926,0.012474309997096726,-0.09904773416516018,0.17922956919946265,0.16149044315331806,-0.28886393235145746,3.82620160291999,25.596570555406245,False,True,
mixed_context_shift,6609,passive,post_shift,5,0.2,0.18,-0.3,0.012284535152439876,0.0051950538610246585,-0.09266132992420895,0.17894382720845306,0.14186755149258337,-0.2846448395383829,3.8174089015869908,28.31259560453753,False,True,
mixed_context_shift,6610,passive,post_shift,5,0.2,0.18,-0.3,8.579638875804496e-05,0.014820271958674943,-0.04756695709166443,0.17608549151954028,0.14384580659069976,-0.27204891657878905,4.362607589966259,26.411052886565848,False,True,
mixed_context_shift,6611,passive,post_shift,5,0.2,0.18,-0.3,0.08663582556394632,0.06705283852678993,-0.07169228650058655,0.18417804721204642,0.13507181974802956,-0.2707500484440923,1.9784781051313995,25.203518308489507,False,True,
mixed_context_shift,6612,passive,post_shift,5,0.2,0.18,-0.3,0.011270590156292467,0.007966995774563062,-0.08478051565440149,0.1903985508251092,0.14329885798890696,-0.2827617102016628,4.111833712145503,23.12369191734266,False,True,
mixed_context_shift,6613,passive,post_shift,5,0.2,0.18,-0.3,0.09977430827589265,0.09096167067128134,-0.124232297055049,0.1987435580703271,0.1441076653579164,-0.2920269609540005,1.5361051272105912,19.168175961939923,False,True,
mixed_context_shift,6614,passive,post_shift,5,0.2,0.18,-0.3,0.017513978505931168,-0.004839140681661115,-0.0930298320392955,0.17185735559675153,0.15232425336369346,-0.2736635721332229,3.7720700422607645,10.141264794368922,False,True,
mixed_context_shift,6615,passive,post_shift,5,0.2,0.18,-0.3,0.0011680334731794873,0.007628620813543561,-0.04879320681466803,0.17395272495961348,0.1319398390472026,-0.2678222383305849,4.176756084782271,24.1753585395455,False,True,
mixed_context_shift,6616,passive,post_shift,5,0.2,0.18,-0.3,0.04697170399512354,0.03436435173940574,-0.07954981923560729,0.19668576452765107,0.13905259996993585,-0.30498105899209316,3.2715760306956962,28.329397278996808,False,True,
mixed_context_shift,6617,passive,post_shift,5,0.2,0.18,-0.3,0.002469941639310857,0.005200879554909342,-0.08327138542750674,0.15924924398233767,0.1375354537786933,-0.2740910091975954,3.6041876393060277,25.28816432298866,False,True,
mixed_context_shift,6618,passive,post_shift,5,0.2,0.18,-0.3,0.022200460921030354,0.0069941208074246405,-0.0005262604660790383,0.1667882698325245,0.13071109318110288,-0.2700375710800475,4.5257558904454624,32.04979903275365,False,True,
mixed_context_shift,6619,passive,post_shift,5,0.2,0.18,-0.3,0.03577554482090156,0.028943889459794904,-0.07034956379025549,0.18048255223462722,0.11283718197203102,-0.28447113332245005,3.099671254905117,21.997323001938238,False,True,
mixed_context_shift,6620,passive,post_shift,5,0.2,0.18,-0.3,0.03402470374762992,0.04650228796994355,-0.10457848749935415,0.18207109954507847,0.11816333407292179,-0.2883822310687697,2.6409257467993106,17.088324743372958,False,True,
