scenario,tier,seed,phase,trial,source,cmd_vx,cmd_vy,cmd_wz,measured_vx,measured_vy,measured_wz,predicted_vx,predicted_vy,predicted_wz,predicted_std_vx,predicted_std_vy,predicted_std_wz,valid,reason_codes,steady_ratio,safety_events
tier_b_friction_payload,B,5301,calibration,1,seed_design,-0.4,0.0,0.0,-0.35296760446358455,-0.02567435788719665,-0.025690253348870137,nan,nan,nan,nan,nan,nan,True,,1.0,
tier_b_friction_payload,B,5302,calibration,1,seed_design,-0.4,0.0,0.0,-0.3528983299736978,-0.02569772424349208,-0.02572215587172743,nan,nan,nan,nan,nan,nan,True,,1.0,
tier_b_friction_payload,B,5303,calibration,1,seed_design,-0.4,0.0,0.0,-0.35460876582823975,-0.024672720425072795,-0.02434590464005062,nan,nan,nan,nan,nan,nan,True,,1.0,
tier_b_friction_payload,B,5304,calibration,1,seed_design,-0.4,0.0,0.0,-0.35290336661908395,-0.02570281149880163,-0.025918577102848287,nan,nan,nan,nan,nan,nan,True,,1.0,
tier_b_friction_payload,B,5305,calibration,1,seed_design,-0.4,0.0,0.0,-0.35301694496931973,-0.0256884666374337,-0.0255768808464014,nan,nan,nan,nan,nan,nan,True,,1.0,
tier_b_friction_payload,B,5306,calibration,1,seed_design,-0.4,0.0,0.0,-0.35288196178163056,-0.02565326603597554,-0.02581241560507474,nan,nan,nan,nan,nan,nan,True,,1.0,
tier_b_friction_payload,B,5307,calibration,1,seed_design,-0.4,0.0,0.0,-0.3529432490531443,-0.025691684548435272,-0.02565893592044639,nan,nan,nan,nan,nan,nan,True,,1.0,
tier_b_friction_payload,B,5308,calibration,1,seed_design,-0.4,0.0,0.0,-0.35290344586053035,-0.025697088118884236,-0.025717513455324848,nan,nan,nan,nan,nan,nan,True,,1.0,
tier_b_friction_payload,B,5309,calibration,1,seed_design,-0.4,0.0,0.0,-0.35287241737785985,-0.02568820686643246,-0.02575356554460231,nan,nan,nan,nan,nan,nan,True,,1.0,
tier_b_friction_payload,B,5310,calibration,1,seed_design,-0.4,0.0,0.0,-0.352961184156916,-0.02569158268627799,-0.025664743404087816,nan,nan,nan,nan,nan,nan,True,,1.0,
tier_b_friction_payload,B,5311,calibration,1,seed_design,-0.4,0.0,0.0,-0.3528903658673222,-0.025689028404546028,-0.02573770763519852,nan,nan,nan,nan,nan,nan,True,,1.0,
tier_b_friction_payload,B,5312,calibration,1,seed_design,-0.4,0.0,0.0,-0.35291454479973,-0.02568679569561144,-0.02571182993793582,nan,nan,nan,nan,nan,nan,True,,1.0,
tier_b_friction_payload,B,5313,calibration,1,seed_design,-0.4,0.0,0.0,-0.35288838385104776,-0.025669823200370395,-0.02593485626667615,nan,nan,nan,nan,nan,nan,True,,1.0,
tier_b_friction_payload,B,5314,calibration,1,seed_design,-0.4,0.0,0.0,-0.35290374368653143,-0.025686160037922356,-0.02594297402417406,nan,nan,nan,nan,nan,nan,True,,1.0,
tier_b_friction_payload,B,5315,calibration,1,seed_design,-0.4,0.0,0.0,-0.35452392272396016,-0.02468528980799633,-0.024450052023078667,nan,nan,nan,nan,nan,nan,True,,1.0,
tier_b_friction_payload,B,5316,calibration,1,seed_design,-0.4,0.0,0.0,-0.35293812691120624,-0.025693643920311753,-0.025695613182407352,nan,nan,nan,nan,nan,nan,True,,1.0,
tier_b_friction_payload,B,5317,calibration,1,seed_design,-0.4,0.0,0.0,-0.3529458563592624,-0.025690766290400013,-0.02571130049891749,nan,nan,nan,nan,nan,nan,True,,1.0,
tier_b_friction_payload,B,5318,calibration,1,seed_design,-0.4,0.0,0.0,-0.3529185961891174,-0.02565006507525871,-0.02592559637612594,nan,nan,nan,nan,nan,nan,True,,1.0,
tier_b_friction_payload,B,5319,calibration,1,seed_design,-0.4,0.0,0.0,-0.35289462800230154,-0.025682980903724388,-0.02573050134245839,nan,nan,nan,nan,nan,nan,True,,1.0,
tier_b_friction_payload,B,5320,calibration,1,seed_design,-0.4,0.0,0.0,-0.35357215451737767,-0.025781030346962004,-0.025064512383339812,nan,nan,nan,nan,nan,nan,True,,1.0,
tier_b_friction_payload,B,5301,calibration,2,seed_design,0.4,0.0,0.0,0.4213239848410824,0.01996510739984191,-0.008858510713746695,nan,nan,nan,nan,nan,nan,True,,1.0,
tier_b_friction_payload,B,5302,calibration,2,seed_design,0.4,0.0,0.0,0.42194332241347077,0.019142442150756684,-0.009461615670679775,nan,nan,nan,nan,nan,nan,True,,1.0,
tier_b_friction_payload,B,5303,calibration,2,seed_design,0.4,0.0,0.0,0.4239014434408438,0.01885981632748796,-0.009868724947485927,nan,nan,nan,nan,nan,nan,True,,1.0,
tier_b_friction_payload,B,5304,calibration,2,seed_design,0.4,0.0,0.0,0.422847239909599,0.020268423919345614,-0.009486004899582949,nan,nan,nan,nan,nan,nan,True,,1.0,
tier_b_friction_payload,B,5305,calibration,2,seed_design,0.4,0.0,0.0,0.42225592509925053,0.01847368321478387,-0.007617233183291094,nan,nan,nan,nan,nan,nan,True,,1.0,
tier_b_friction_payload,B,5306,calibration,2,seed_design,0.4,0.0,0.0,0.42109829888502803,0.019662670062836052,-0.008655423475226307,nan,nan,nan,nan,nan,nan,True,,1.0,
tier_b_friction_payload,B,5307,calibration,2,seed_design,0.4,0.0,0.0,0.423135293730541,0.018839787388959004,-0.010520090373988765,nan,nan,nan,nan,nan,nan,True,,1.0,
tier_b_friction_payload,B,5308,calibration,2,seed_design,0.4,0.0,0.0,0.4213545358223926,0.019937103429605692,-0.008797390909776447,nan,nan,nan,nan,nan,nan,True,,1.0,
tier_b_friction_payload,B,5309,calibration,2,seed_design,0.4,0.0,0.0,0.4218061876501799,0.018039579610523496,-0.0086729315623612,nan,nan,nan,nan,nan,nan,True,,1.0,
tier_b_friction_payload,B,5310,calibration,2,seed_design,0.4,0.0,0.0,0.4213130093602511,0.019950978927489448,-0.008858862309418278,nan,nan,nan,nan,nan,nan,True,,1.0,
tier_b_friction_payload,B,5311,calibration,2,seed_design,0.4,0.0,0.0,0.4213682379906361,0.019986141182443302,-0.008670766801792094,nan,nan,nan,nan,nan,nan,True,,1.0,
tier_b_friction_payload,B,5312,calibration,2,seed_design,0.4,0.0,0.0,0.421783266635595,0.018028256220789858,-0.008584921347011228,nan,nan,nan,nan,nan,nan,True,,1.0,
tier_b_friction_payload,B,5313,calibration,2,seed_design,0.4,0.0,0.0,0.42391789975732713,0.01883383673332962,-0.009782550947881805,nan,nan,nan,nan,nan,nan,True,,1.0,
tier_b_friction_payload,B,5314,calibration,2,seed_design,0.4,0.0,0.0,0.4217884172198783,0.01803324299298987,-0.008810032918386208,nan,nan,nan,nan,nan,nan,True,,1.0,
tier_b_friction_payload,B,5315,calibration,2,seed_design,0.4,0.0,0.0,0.4231405164258105,0.01882899111529793,-0.010497301031796932,nan,nan,nan,nan,nan,nan,True,,1.0,
tier_b_friction_payload,B,5316,calibration,2,seed_design,0.4,0.0,0.0,0.42395000328557436,0.01882789241009719,-0.009818381411750737,nan,nan,nan,nan,nan,nan,True,,1.0,
tier_b_friction_payload,B,5317,calibration,2,seed_design,0.4,0.0,0.0,0.42311631055940113,0.018852564083967023,-0.010522209753859462,nan,nan,nan,nan,nan,nan,True,,1.0,
tier_b_friction_payload,B,5318,calibration,2,seed_design,0.4,0.0,0.0,0.4231305405606194,0.0188388403318508,-0.010519126815332513,nan,nan,nan,nan,nan,nan,True,,1.0,
tier_b_friction_payload,B,5319,calibration,2,seed_design,0.4,0.0,0.0,0.4213397461399886,0.020005716661665205,-0.008713055716439893,nan,nan,nan,nan,nan,nan,True,,1.0,
tier_b_friction_payload,B,5320,calibration,2,seed_design,0.4,0.0,0.0,0.4221304416013246,0.016927388241547,-0.0054812662428888985,nan,nan,nan,nan,nan,nan,True,,1.0,
tier_b_friction_payload,B,5301,calibration,3,seed_design,0.0,-0.25,0.0,0.018829524696832908,-0.26304632506277187,0.0008849381079184167,nan,nan,nan,nan,nan,nan,True,,1.0,
tier_b_friction_payload,B,5302,calibration,3,seed_design,0.0,-0.25,0.0,0.018857877345171508,-0.26263929128664143,8.673157547387196e-05,nan,nan,nan,nan,nan,nan,True,,1.0,
tier_b_friction_payload,B,5303,calibration,3,seed_design,0.0,-0.25,0.0,0.018949930579221685,-0.26315329258649073,0.0007334115448217981,nan,nan,nan,nan,nan,nan,True,,1.0,
tier_b_friction_payload,B,5304,calibration,3,seed_design,0.0,-0.25,0.0,0.018833297179387837,-0.2630231381624068,0.0008366882330637404,nan,nan,nan,nan,nan,nan,True,,1.0,
tier_b_friction_payload,B,5305,calibration,3,seed_design,0.0,-0.25,0.0,0.018839821818101125,-0.2630294899801955,0.0009457903639628325,nan,nan,nan,nan,nan,nan,True,,1.0,
tier_b_friction_payload,B,5306,calibration,3,seed_design,0.0,-0.25,0.0,0.018993588691803467,-0.26310513766200033,-0.000153372192728228,nan,nan,nan,nan,nan,nan,True,,1.0,
tier_b_friction_payload,B,5307,calibration,3,seed_design,0.0,-0.25,0.0,0.018846169537934852,-0.263038952339104,0.0009114343402169816,nan,nan,nan,nan,nan,nan,True,,1.0,
tier_b_friction_payload,B,5308,calibration,3,seed_design,0.0,-0.25,0.0,0.018832096747550417,-0.2630367663253513,0.0008882743628941876,nan,nan,nan,nan,nan,nan,True,,1.0,
tier_b_friction_payload,B,5309,calibration,3,seed_design,0.0,-0.25,0.0,0.019001777816950127,-0.26310198944501983,-0.00015630937701263366,nan,nan,nan,nan,nan,nan,True,,1.0,
tier_b_friction_payload,B,5310,calibration,3,seed_design,0.0,-0.25,0.0,0.01883532219231414,-0.26303647439384603,0.0009438574204783572,nan,nan,nan,nan,nan,nan,True,,1.0,
tier_b_friction_payload,B,5311,calibration,3,seed_design,0.0,-0.25,0.0,0.018842014031176867,-0.26303350944206444,0.0009390417338721688,nan,nan,nan,nan,nan,nan,True,,1.0,
tier_b_friction_payload,B,5312,calibration,3,seed_design,0.0,-0.25,0.0,0.01898981588637836,-0.2631037732914804,-0.00019686969031320324,nan,nan,nan,nan,nan,nan,True,,1.0,
tier_b_friction_payload,B,5313,calibration,3,seed_design,0.0,-0.25,0.0,0.019006333368908515,-0.2630119588534118,0.0008895029807137575,nan,nan,nan,nan,nan,nan,True,,1.0,
tier_b_friction_payload,B,5314,calibration,3,seed_design,0.0,-0.25,0.0,0.01885979369777664,-0.26303299746332165,0.000936887151479421,nan,nan,nan,nan,nan,nan,True,,1.0,
tier_b_friction_payload,B,5315,calibration,3,seed_design,0.0,-0.25,0.0,0.018836338060736042,-0.26303065556675054,0.0009149405857670204,nan,nan,nan,nan,nan,nan,True,,1.0,
tier_b_friction_payload,B,5316,calibration,3,seed_design,0.0,-0.25,0.0,0.01901321942379548,-0.26299886644342246,0.0008911556506161264,nan,nan,nan,nan,nan,nan,True,,1.0,
tier_b_friction_payload,B,5317,calibration,3,seed_design,0.0,-0.25,0.0,0.0189599830941109,-0.26331668895546206,6.229861808632724e-05,nan,nan,nan,nan,nan,nan,True,,1.0,
tier_b_friction_payload,B,5318,calibration,3,seed_design,0.0,-0.25,0.0,0.01883749627010952,-0.263019683109617,0.0008496436164574868,nan,nan,nan,nan,nan,nan,True,,1.0,
tier_b_friction_payload,B,5319,calibration,3,seed_design,0.0,-0.25,0.0,0.018828669189210095,-0.26303599702243224,0.0009081016752928279,nan,nan,nan,nan,nan,nan,True,,1.0,
tier_b_friction_payload,B,5320,calibration,3,seed_design,0.0,-0.25,0.0,0.018841182513333426,-0.2630209510964553,0.0009353722888958211,nan,nan,nan,nan,nan,nan,True,,1.0,
tier_b_friction_payload,B,5301,calibration,4,seed_design,0.0,0.25,0.0,0.001250265243120018,0.2256118718768042,0.0025079470883355836,nan,nan,nan,nan,nan,nan,True,,1.0,
tier_b_friction_payload,B,5302,calibration,4,seed_design,0.0,0.25,0.0,0.005077605697444903,0.23047497893740898,-0.00327415476620942,nan,nan,nan,nan,nan,nan,True,,1.0,
tier_b_friction_payload,B,5303,calibration,4,seed_design,0.0,0.25,0.0,0.000384426422011461,0.22293779730885482,0.0038709643118767967,nan,nan,nan,nan,nan,nan,True,,1.0,
tier_b_friction_payload,B,5304,calibration,4,seed_design,0.0,0.25,0.0,0.005359966239197532,0.22869675544594487,-0.0011692804215443437,nan,nan,nan,nan,nan,nan,True,,1.0,
tier_b_friction_payload,B,5305,calibration,4,seed_design,0.0,0.25,0.0,0.005069757460675295,0.22888019357807957,-0.0009328251105870808,nan,nan,nan,nan,nan,nan,True,,1.0,
tier_b_friction_payload,B,5306,calibration,4,seed_design,0.0,0.25,0.0,0.001372618305396251,0.22402949913233447,0.0009203603578894419,nan,nan,nan,nan,nan,nan,True,,1.0,
tier_b_friction_payload,B,5307,calibration,4,seed_design,0.0,0.25,0.0,0.0013859908095274348,0.22392295406557797,0.0011606957765664973,nan,nan,nan,nan,nan,nan,True,,1.0,
tier_b_friction_payload,B,5308,calibration,4,seed_design,0.0,0.25,0.0,0.003306696473650367,0.22998959356970752,-0.0010113731542876867,nan,nan,nan,nan,nan,nan,True,,1.0,
tier_b_friction_payload,B,5309,calibration,4,seed_design,0.0,0.25,0.0,0.004233624756402267,0.22828746977872413,0.0006902676694742132,nan,nan,nan,nan,nan,nan,True,,1.0,
tier_b_friction_payload,B,5310,calibration,4,seed_design,0.0,0.25,0.0,0.003367796043206239,0.22946255698025747,-0.0010872408164379391,nan,nan,nan,nan,nan,nan,True,,1.0,
tier_b_friction_payload,B,5311,calibration,4,seed_design,0.0,0.25,0.0,0.006243122999837806,0.22891118516882542,-0.003488473520473281,nan,nan,nan,nan,nan,nan,True,,1.0,
tier_b_friction_payload,B,5312,calibration,4,seed_design,0.0,0.25,0.0,0.005318538574136142,0.23085986510929238,-0.0028407848654958064,nan,nan,nan,nan,nan,nan,True,,1.0,
tier_b_friction_payload,B,5313,calibration,4,seed_design,0.0,0.25,0.0,0.0012169083024124337,0.2221137268761866,0.011320520716312931,nan,nan,nan,nan,nan,nan,True,,1.0,
tier_b_friction_payload,B,5314,calibration,4,seed_design,0.0,0.25,0.0,0.003462243156206726,0.22965214192235064,-0.0024436964261900893,nan,nan,nan,nan,nan,nan,True,,1.0,
tier_b_friction_payload,B,5315,calibration,4,seed_design,0.0,0.25,0.0,-0.000930157230820989,0.23089980773329857,0.028721945824087085,nan,nan,nan,nan,nan,nan,True,,1.0,
tier_b_friction_payload,B,5316,calibration,4,seed_design,0.0,0.25,0.0,0.0026531153770979203,0.23744736487240067,0.014078838774505421,nan,nan,nan,nan,nan,nan,True,,1.0,
tier_b_friction_payload,B,5317,calibration,4,seed_design,0.0,0.25,0.0,0.002304889846901226,0.22470414007713205,0.005815523062491512,nan,nan,nan,nan,nan,nan,True,,1.0,
tier_b_friction_payload,B,5318,calibration,4,seed_design,0.0,0.25,0.0,0.003211975452015199,0.22825228824600624,-0.0005116982353100572,nan,nan,nan,nan,nan,nan,True,,1.0,
tier_b_friction_payload,B,5319,calibration,4,seed_design,0.0,0.25,0.0,0.0012846237906561338,0.22575422456913358,0.0020256848525161426,nan,nan,nan,nan,nan,nan,True,,1.0,
tier_b_friction_payload,B,5320,calibration,4,seed_design,0.0,0.25,0.0,0.008362217815486019,0.23415850443403843,-0.0037403519312232225,nan,nan,nan,nan,nan,nan,True,,1.0,
tier_b_friction_payload,B,5301,calibration,5,seed_design,0.0,0.0,-0.7,-0.01359875749441078,0.0013972663302295003,-0.020027295699164456,nan,nan,nan,nan,nan,nan,True,,1.0,
tier_b_friction_payload,B,5302,calibration,5,seed_design,0.0,0.0,-0.7,-0.014738340235094995,0.0014236607552951918,-0.019148150280560612,nan,nan,nan,nan,nan,nan,True,,1.0,
tier_b_friction_payload,B,5303,calibration,5,seed_design,0.0,0.0,-0.7,-0.013696437796493377,0.0011507625975471804,-0.019413355695424427,nan,nan,nan,nan,nan,nan,True,,1.0,
tier_b_friction_payload,B,5304,calibration,5,seed_design,0.0,0.0,-0.7,-0.015025284817261309,0.0015876563558762397,-0.018765188785678434,nan,nan,nan,nan,nan,nan,True,,1.0,
tier_b_friction_payload,B,5305,calibration,5,seed_design,0.0,0.0,-0.7,-0.013428834593675896,0.001382295826234564,-0.02024776589008409,nan,nan,nan,nan,nan,nan,True,,1.0,
tier_b_friction_payload,B,5306,calibration,5,seed_design,0.0,0.0,-0.7,-0.013642690508849477,0.0013644909856144764,-0.01988617986767784,nan,nan,nan,nan,nan,nan,True,,1.0,
tier_b_friction_payload,B,5307,calibration,5,seed_design,0.0,0.0,-0.7,-0.014895419826255632,0.001335855608639368,-0.01812730487192988,nan,nan,nan,nan,nan,nan,True,,1.0,
tier_b_friction_payload,B,5308,calibration,5,seed_design,0.0,0.0,-0.7,-0.014742063043223126,0.0014176175875622624,-0.019585572152498627,nan,nan,nan,nan,nan,nan,True,,1.0,
tier_b_friction_payload,B,5309,calibration,5,seed_design,0.0,0.0,-0.7,-0.014629561583883451,0.0015156710938883874,-0.01927727900450491,nan,nan,nan,nan,nan,nan,True,,1.0,
tier_b_friction_payload,B,5310,calibration,5,seed_design,0.0,0.0,-0.7,-0.014736604034681617,0.0014955898584058064,-0.01895045351077394,nan,nan,nan,nan,nan,nan,True,,1.0,
tier_b_friction_payload,B,5311,calibration,5,seed_design,0.0,0.0,-0.7,-0.013545714804545014,0.0013362780053199777,-0.020009599682579985,nan,nan,nan,nan,nan,nan,True,,1.0,
tier_b_friction_payload,B,5312,calibration,5,seed_design,0.0,0.0,-0.7,-0.014745583322338607,0.0014732956645024413,-0.01889193135584676,nan,nan,nan,nan,nan,nan,True,,1.0,
tier_b_friction_payload,B,5313,calibration,5,seed_design,0.0,0.0,-0.7,-0.01489858461693087,0.0014475095237003982,-0.018362535936349227,nan,nan,nan,nan,nan,nan,True,,1.0,
tier_b_friction_payload,B,5314,calibration,5,seed_design,0.0,0.0,-0.7,-0.014766956458262093,0.0014149857542710676,-0.01903180301212922,nan,nan,nan,nan,nan,nan,True,,1.0,
tier_b_friction_payload,B,5315,calibration,5,seed_design,0.0,0.0,-0.7,-0.013656906924851223,0.0015469587511592303,-0.020089220500131448,nan,nan,nan,nan,nan,nan,True,,1.0,
tier_b_friction_payload,B,5316,calibration,5,seed_design,0.0,0.0,-0.7,-0.01350849298427135,0.0013406141078355206,-0.02007077263396495,nan,nan,nan,nan,nan,nan,True,,1.0,
tier_b_friction_payload,B,5317,calibration,5,seed_design,0.0,0.0,-0.7,-0.014892455779486344,0.0014634833049577299,-0.018875667690101447,nan,nan,nan,nan,nan,nan,True,,1.0,
tier_b_friction_payload,B,5318,calibration,5,seed_design,0.0,0.0,-0.7,-0.013985754643946987,0.0010290306517717154,-0.022162653687470734,nan,nan,nan,nan,nan,nan,True,,1.0,
tier_b_friction_payload,B,5319,calibration,5,seed_design,0.0,0.0,-0.7,-0.014739476949913967,0.0014104968242936334,-0.018928238590127686,nan,nan,nan,nan,nan,nan,True,,1.0,
tier_b_friction_payload,B,5320,calibration,5,seed_design,0.0,0.0,-0.7,-0.014756227828178285,0.0014094936748236585,-0.019111805820809367,nan,nan,nan,nan,nan,nan,True,,1.0,
tier_b_friction_payload,B,5301,calibration,6,seed_design,0.0,0.0,0.7,0.02455090164340915,0.00078746567923463,0.06735044037993902,nan,nan,nan,nan,nan,nan,True,,1.0,
tier_b_friction_payload,B,5302,calibration,6,seed_design,0.0,0.0,0.7,0.021705525073800126,0.0025274913593797263,0.061006290512221735,nan,nan,nan,nan,nan,nan,True,,0.8857142857142857,
tier_b_friction_payload,B,5303,calibration,6,seed_design,0.0,0.0,0.7,0.024021572656049563,0.0008301834084848673,0.06858845874526928,nan,nan,nan,nan,nan,nan,True,,0.8857142857142857,
tier_b_friction_payload,B,5304,calibration,6,seed_design,0.0,0.0,0.7,0.023895903333154264,0.001967935424609554,0.06302585869215012,nan,nan,nan,nan,nan,nan,True,,0.8857142857142857,
tier_b_friction_payload,B,5305,calibration,6,seed_design,0.0,0.0,0.7,0.02376745782468317,0.0015354367885286981,0.06594159624577131,nan,nan,nan,nan,nan,nan,True,,0.9428571428571428,
tier_b_friction_payload,B,5306,calibration,6,seed_design,0.0,0.0,0.7,0.02442195215464342,0.0007037610536321566,0.06791446574729494,nan,nan,nan,nan,nan,nan,True,,1.0,
tier_b_friction_payload,B,5307,calibration,6,seed_design,0.0,0.0,0.7,0.024491383420160714,0.0008302416029742997,0.06724216582534802,nan,nan,nan,nan,nan,nan,True,,1.0,
tier_b_friction_payload,B,5308,calibration,6,seed_design,0.0,0.0,0.7,0.024553925228889013,0.0007882823501575257,0.06739024670085339,nan,nan,nan,nan,nan,nan,True,,1.0,
tier_b_friction_payload,B,5309,calibration,6,seed_design,0.0,0.0,0.7,0.02450725134939055,0.0008324580676948444,0.06723470918561819,nan,nan,nan,nan,nan,nan,True,,1.0,
tier_b_friction_payload,B,5310,calibration,6,seed_design,0.0,0.0,0.7,0.024655172119264997,0.00039876557970801833,0.07051558118967026,nan,nan,nan,nan,nan,nan,True,,1.0,
tier_b_friction_payload,B,5311,calibration,6,seed_design,0.0,0.0,0.7,0.02376590224172742,0.0023656262693191312,0.06121949320388848,nan,nan,nan,nan,nan,nan,True,,0.9428571428571428,
tier_b_friction_payload,B,5312,calibration,6,seed_design,0.0,0.0,0.7,0.02453902632595769,0.00086226992648796,0.0671069177008008,nan,nan,nan,nan,nan,nan,True,,1.0,
tier_b_friction_payload,B,5313,calibration,6,seed_design,0.0,0.0,0.7,0.024186213859307953,0.0019215907547846833,0.06253009079598937,nan,nan,nan,nan,nan,nan,True,,0.8857142857142857,
tier_b_friction_payload,B,5314,calibration,6,seed_design,0.0,0.0,0.7,0.024563295088298968,0.0008447275598870777,0.06713508179225042,nan,nan,nan,nan,nan,nan,True,,1.0,
tier_b_friction_payload,B,5315,calibration,6,seed_design,0.0,0.0,0.7,0.024720676606863768,0.0003421478227906687,0.07064685346175847,nan,nan,nan,nan,nan,nan,True,,1.0,
tier_b_friction_payload,B,5316,calibration,6,seed_design,0.0,0.0,0.7,0.024855088338691263,0.0005523727077119971,0.06818359870733232,nan,nan,nan,nan,nan,nan,True,,1.0,
tier_b_friction_payload,B,5317,calibration,6,seed_design,0.0,0.0,0.7,0.02253134931438298,0.0008523870112163895,0.06943877906068685,nan,nan,nan,nan,nan,nan,True,,1.0,
tier_b_friction_payload,B,5318,calibration,6,seed_design,0.0,0.0,0.7,0.022436093153171622,0.0013738573350011104,0.06741886493902516,nan,nan,nan,nan,nan,nan,True,,0.8857142857142857,
tier_b_friction_payload,B,5319,calibration,6,seed_design,0.0,0.0,0.7,0.02447891279857095,0.0007553700723713923,0.06767420534571637,nan,nan,nan,nan,nan,nan,True,,1.0,
tier_b_friction_payload,B,5320,calibration,6,seed_design,0.0,0.0,0.7,0.022111215637348886,0.0018812681409929506,0.06420900864280417,nan,nan,nan,nan,nan,nan,True,,0.9428571428571428,
tier_b_friction_payload,B,5301,calibration,7,active,0.3000273123383522,0.22389015275985003,-0.34620773196220395,0.31018547225508314,0.2415290255640963,-0.34539678047297123,nan,nan,nan,nan,nan,nan,True,,1.0,
tier_b_friction_payload,B,5302,calibration,7,active,0.3000273123383522,0.22389015275985003,-0.34620773196220395,0.3018144542229599,0.22613001933130347,-0.3478433939419017,nan,nan,nan,nan,nan,nan,True,,1.0,
tier_b_friction_payload,B,5303,calibration,7,active,0.3000273123383522,0.22389015275985003,-0.34620773196220395,0.3109594877307346,0.24385076702542036,-0.3469316418455772,nan,nan,nan,nan,nan,nan,True,,1.0,
tier_b_friction_payload,B,5304,calibration,7,active,0.3000273123383522,0.22389015275985003,-0.34620773196220395,0.3031635547993509,0.2180828725191384,-0.34366996323072296,nan,nan,nan,nan,nan,nan,True,,1.0,
tier_b_friction_payload,B,5305,calibration,7,active,0.3000273123383522,0.22389015275985003,-0.34620773196220395,0.3111112009951356,0.24317585409453676,-0.3471916875776393,nan,nan,nan,nan,nan,nan,True,,1.0,
tier_b_friction_payload,B,5306,calibration,7,active,0.3000273123383522,0.22389015275985003,-0.34620773196220395,0.303231356967865,0.22947628694103375,-0.3463424052338188,nan,nan,nan,nan,nan,nan,True,,1.0,
tier_b_friction_payload,B,5307,calibration,7,active,0.3000273123383522,0.22389015275985003,-0.34620773196220395,0.31216459918007056,0.24248171596759188,-0.34583707348086123,nan,nan,nan,nan,nan,nan,True,,1.0,
tier_b_friction_payload,B,5308,calibration,7,active,0.3000273123383522,0.22389015275985003,-0.34620773196220395,0.3075521045978604,0.24095555055993703,-0.3521101739993399,nan,nan,nan,nan,nan,nan,True,,1.0,
tier_b_friction_payload,B,5309,calibration,7,active,0.3000273123383522,0.22389015275985003,-0.34620773196220395,0.31166373685279514,0.23821758245503175,-0.3433537008518472,nan,nan,nan,nan,nan,nan,True,,1.0,
tier_b_friction_payload,B,5310,calibration,7,active,0.3000273123383522,0.22389015275985003,-0.34620773196220395,0.3115410828544983,0.24812238179603707,-0.3502754927298275,nan,nan,nan,nan,nan,nan,True,,1.0,
tier_b_friction_payload,B,5311,calibration,7,active,0.3000273123383522,0.22389015275985003,-0.34620773196220395,0.3117955063046566,0.24442689392295866,-0.3441069741765321,nan,nan,nan,nan,nan,nan,True,,1.0,
tier_b_friction_payload,B,5312,calibration,7,active,0.3000273123383522,0.22389015275985003,-0.34620773196220395,0.3092417199028338,0.24784902348988275,-0.3514955799059437,nan,nan,nan,nan,nan,nan,True,,1.0,
tier_b_friction_payload,B,5313,calibration,7,active,0.3000273123383522,0.22389015275985003,-0.34620773196220395,0.30825721529500866,0.2454317169971747,-0.35003139374481135,nan,nan,nan,nan,nan,nan,True,,1.0,
tier_b_friction_payload,B,5314,calibration,7,active,0.3000273123383522,0.22389015275985003,-0.34620773196220395,0.31217034096470936,0.24249339733180514,-0.34584788430252594,nan,nan,nan,nan,nan,nan,True,,1.0,
tier_b_friction_payload,B,5315,calibration,7,active,0.3000273123383522,0.22389015275985003,-0.34620773196220395,0.3166099235902031,0.25076309258710455,-0.35220846337581413,nan,nan,nan,nan,nan,nan,True,,1.0,
tier_b_friction_payload,B,5316,calibration,7,active,0.3000273123383522,0.22389015275985003,-0.34620773196220395,0.30835782112076177,0.24552304723524268,-0.3497238357614669,nan,nan,nan,nan,nan,nan,True,,1.0,
tier_b_friction_payload,B,5317,calibration,7,active,0.3000273123383522,0.22389015275985003,-0.34620773196220395,0.30790746550399467,0.24429045133092867,-0.3480469575125216,nan,nan,nan,nan,nan,nan,True,,1.0,
tier_b_friction_payload,B,5318,calibration,7,active,0.3000273123383522,0.22389015275985003,-0.34620773196220395,0.3175479405737336,0.2474657997158614,-0.3533105657499501,nan,nan,nan,nan,nan,nan,True,,1.0,
tier_b_friction_payload,B,5319,calibration,7,active,0.3000273123383522,0.22389015275985003,-0.34620773196220395,0.31053369732929975,0.2435489724956477,-0.3478127395808941,nan,nan,nan,nan,nan,nan,True,,1.0,
tier_b_friction_payload,B,5320,calibration,7,active,0.3000273123383522,0.22389015275985003,-0.34620773196220395,0.31675395850873417,0.24693334459849756,-0.3503383017885468,nan,nan,nan,nan,nan,nan,True,,1.0,
tier_b_friction_payload,B,5301,calibration,8,active,0.3710706926882267,-0.18641672283411026,0.16206159889698024,0.4055997280186262,-0.21118877896317326,0.18965486722115807,nan,nan,nan,nan,nan,nan,True,,1.0,
tier_b_friction_payload,B,5302,calibration,8,active,0.3710706926882267,-0.18641672283411026,0.16206159889698024,0.40568513359447145,-0.2111610536720388,0.18958603063616183,nan,nan,nan,nan,nan,nan,True,,1.0,
tier_b_friction_payload,B,5303,calibration,8,active,0.3710706926882267,-0.18641672283411026,0.16206159889698024,0.40553888044436154,-0.21115161597634735,0.18922030754224048,nan,nan,nan,nan,nan,nan,True,,1.0,
tier_b_friction_payload,B,5304,calibration,8,active,0.3710706926882267,-0.18641672283411026,0.16206159889698024,0.405649908078511,-0.21115196972656047,0.18975110592831218,nan,nan,nan,nan,nan,nan,True,,1.0,
tier_b_friction_payload,B,5305,calibration,8,active,0.3710706926882267,-0.18641672283411026,0.16206159889698024,0.4055648794048954,-0.21116932875044298,0.18968940438119244,nan,nan,nan,nan,nan,nan,True,,1.0,
tier_b_friction_payload,B,5306,calibration,8,active,0.3710706926882267,-0.18641672283411026,0.16206159889698024,0.4052176788403919,-0.21094042751541017,0.18719466088793438,nan,nan,nan,nan,nan,nan,True,,1.0,
tier_b_friction_payload,B,5307,calibration,8,active,0.3710706926882267,-0.18641672283411026,0.16206159889698024,0.4055782199324953,-0.21120009425002895,0.18988028239397706,nan,nan,nan,nan,nan,nan,True,,1.0,
tier_b_friction_payload,B,5308,calibration,8,active,0.3710706926882267,-0.18641672283411026,0.16206159889698024,0.4056590367003254,-0.21114197210236618,0.18958085091086768,nan,nan,nan,nan,nan,nan,True,,1.0,
tier_b_friction_payload,B,5309,calibration,8,active,0.3710706926882267,-0.18641672283411026,0.16206159889698024,0.40521748719885303,-0.21092695015913449,0.18718856736482462,nan,nan,nan,nan,nan,nan,True,,1.0,
tier_b_friction_payload,B,5310,calibration,8,active,0.3710706926882267,-0.18641672283411026,0.16206159889698024,0.40566898747677377,-0.2111563862396443,0.18959226582236782,nan,nan,nan,nan,nan,nan,True,,1.0,
tier_b_friction_payload,B,5311,calibration,8,active,0.3710706926882267,-0.18641672283411026,0.16206159889698024,0.40555567268785175,-0.21117448234097436,0.18963665577453562,nan,nan,nan,nan,nan,nan,True,,1.0,
tier_b_friction_payload,B,5312,calibration,8,active,0.3710706926882267,-0.18641672283411026,0.16206159889698024,0.40555759464323043,-0.21117432753412985,0.18963835415205735,nan,nan,nan,nan,nan,nan,True,,1.0,
tier_b_friction_payload,B,5313,calibration,8,active,0.3710706926882267,-0.18641672283411026,0.16206159889698024,0.40549300064254695,-0.21115943307777404,0.18918922100917093,nan,nan,nan,nan,nan,nan,True,,1.0,
tier_b_friction_payload,B,5314,calibration,8,active,0.3710706926882267,-0.18641672283411026,0.16206159889698024,0.4052208370592339,-0.2109388202980438,0.1872093514025282,nan,nan,nan,nan,nan,nan,True,,1.0,
tier_b_friction_payload,B,5315,calibration,8,active,0.3710706926882267,-0.18641672283411026,0.16206159889698024,0.4055817138902266,-0.21120276990684192,0.18988016417038417,nan,nan,nan,nan,nan,nan,True,,1.0,
tier_b_friction_payload,B,5316,calibration,8,active,0.3710706926882267,-0.18641672283411026,0.16206159889698024,0.40550138817173076,-0.21115387326317758,0.1892121903700227,nan,nan,nan,nan,nan,nan,True,,1.0,
tier_b_friction_payload,B,5317,calibration,8,active,0.3710706926882267,-0.18641672283411026,0.16206159889698024,0.4055890436727569,-0.21120340632927895,0.18987935214390153,nan,nan,nan,nan,nan,nan,True,,1.0,
tier_b_friction_payload,B,5318,calibration,8,active,0.3710706926882267,-0.18641672283411026,0.16206159889698024,0.4057576904948056,-0.211240652718291,0.18979938892200865,nan,nan,nan,nan,nan,nan,True,,1.0,
tier_b_friction_payload,B,5319,calibration,8,active,0.3710706926882267,-0.18641672283411026,0.16206159889698024,0.40556554590075916,-0.21118870445298557,0.18971177614697157,nan,nan,nan,nan,nan,nan,True,,1.0,
tier_b_friction_payload,B,5320,calibration,8,active,0.3710706926882267,-0.18641672283411026,0.16206159889698024,0.40566132505235386,-0.21116053935027645,0.1897461360434959,nan,nan,nan,nan,nan,nan,True,,1.0,
tier_b_friction_payload,B,5301,calibration,9,active,0.23179839402437208,0.24744165176525712,0.38570660334080453,0.21743996172837113,0.22071915189147173,0.37183762077388605,nan,nan,nan,nan,nan,nan,True,,0.7714285714285715,
tier_b_friction_payload,B,5302,calibration,9,active,0.23179839402437208,0.24744165176525712,0.38570660334080453,0.2187815766178025,0.2198188062500875,0.37176526588431424,nan,nan,nan,nan,nan,nan,True,,0.8,
tier_b_friction_payload,B,5303,calibration,9,active,0.23179839402437208,0.24744165176525712,0.38570660334080453,0.21854532228145532,0.22129859548868314,0.37526900187090995,nan,nan,nan,nan,nan,nan,True,,0.7714285714285715,
tier_b_friction_payload,B,5304,calibration,9,active,0.23179839402437208,0.24744165176525712,0.38570660334080453,0.20647976397069465,0.1990151632949067,0.3409821659434699,nan,nan,nan,nan,nan,nan,True,,1.0,
tier_b_friction_payload,B,5305,calibration,9,active,0.23179839402437208,0.24744165176525712,0.38570660334080453,0.2188344508068088,0.22091171203141594,0.3725839878875674,nan,nan,nan,nan,nan,nan,True,,0.7714285714285715,
tier_b_friction_payload,B,5306,calibration,9,active,0.23179839402437208,0.24744165176525712,0.38570660334080453,0.21885204843818176,0.22092295452291058,0.37248768590032943,nan,nan,nan,nan,nan,nan,True,,0.7714285714285715,
tier_b_friction_payload,B,5307,calibration,9,active,0.23179839402437208,0.24744165176525712,0.38570660334080453,0.21936740377839198,0.220786084308694,0.37572643145239815,nan,nan,nan,nan,nan,nan,True,,0.7714285714285715,
tier_b_friction_payload,B,5308,calibration,9,active,0.23179839402437208,0.24744165176525712,0.38570660334080453,0.21803121195546835,0.21670473733186102,0.3677441749862281,nan,nan,nan,nan,nan,nan,True,,0.7714285714285715,
tier_b_friction_payload,B,5309,calibration,9,active,0.23179839402437208,0.24744165176525712,0.38570660334080453,0.21885056212420606,0.22091968993341096,0.37248967906358366,nan,nan,nan,nan,nan,nan,True,,0.7714285714285715,
tier_b_friction_payload,B,5310,calibration,9,active,0.23179839402437208,0.24744165176525712,0.38570660334080453,0.21903472602067778,0.2217779365868984,0.3746643441454632,nan,nan,nan,nan,nan,nan,True,,0.7714285714285715,
tier_b_friction_payload,B,5311,calibration,9,active,0.23179839402437208,0.24744165176525712,0.38570660334080453,0.21912161283219997,0.2218138465201054,0.3746294374547876,nan,nan,nan,nan,nan,nan,True,,0.7714285714285715,
tier_b_friction_payload,B,5312,calibration,9,active,0.23179839402437208,0.24744165176525712,0.38570660334080453,0.21913816766965552,0.22167390735434744,0.3746912509006696,nan,nan,nan,nan,nan,nan,True,,0.7714285714285715,
tier_b_friction_payload,B,5313,calibration,9,active,0.23179839402437208,0.24744165176525712,0.38570660334080453,0.18582896932096052,0.18047088144551873,0.3129171056346401,nan,nan,nan,nan,nan,nan,True,,0.6571428571428571,
tier_b_friction_payload,B,5314,calibration,9,active,0.23179839402437208,0.24744165176525712,0.38570660334080453,0.2188199374962278,0.22091787474124588,0.37247852440444745,nan,nan,nan,nan,nan,nan,True,,0.7714285714285715,
tier_b_friction_payload,B,5315,calibration,9,active,0.23179839402437208,0.24744165176525712,0.38570660334080453,0.21949505405932235,0.22093296853622238,0.3758930580102016,nan,nan,nan,nan,nan,nan,True,,0.7714285714285715,
tier_b_friction_payload,B,5316,calibration,9,active,0.23179839402437208,0.24744165176525712,0.38570660334080453,0.20768009399538626,0.20100332424042203,0.3476464416645875,nan,nan,nan,nan,nan,nan,True,,1.0,
tier_b_friction_payload,B,5317,calibration,9,active,0.23179839402437208,0.24744165176525712,0.38570660334080453,0.21923656453991844,0.21832962186644378,0.3689011968147926,nan,nan,nan,nan,nan,nan,True,,0.7714285714285715,
tier_b_friction_payload,B,5318,calibration,9,active,0.23179839402437208,0.24744165176525712,0.38570660334080453,0.2193393300070499,0.22077820381075633,0.3756788166761975,nan,nan,nan,nan,nan,nan,True,,0.7714285714285715,
tier_b_friction_payload,B,5319,calibration,9,active,0.23179839402437208,0.24744165176525712,0.38570660334080453,0.21905941410304908,0.2216810113316436,0.3748620861861657,nan,nan,nan,nan,nan,nan,True,,0.7714285714285715,
tier_b_friction_payload,B,5320,calibration,9,active,0.23179839402437208,0.24744165176525712,0.38570660334080453,0.21964481737885516,0.21960578367053984,0.3703465852877567,nan,nan,nan,nan,nan,nan,True,,0.7714285714285715,
tier_b_friction_payload,B,5301,calibration,10,active,0.19589326754212377,-0.14828704530373216,-0.4857647256925702,0.17747646095251554,-0.1089559422903694,-0.42067294542161104,nan,nan,nan,nan,nan,nan,True,,1.0,
tier_b_friction_payload,B,5302,calibration,10,active,0.19589326754212377,-0.14828704530373216,-0.4857647256925702,0.17961736639931658,-0.10836619979691238,-0.4242792962610583,nan,nan,nan,nan,nan,nan,True,,1.0,
tier_b_friction_payload,B,5303,calibration,10,active,0.19589326754212377,-0.14828704530373216,-0.4857647256925702,0.17698700494893668,-0.1073407926087341,-0.4216021295278208,nan,nan,nan,nan,nan,nan,True,,1.0,
tier_b_friction_payload,B,5304,calibration,10,active,0.19589326754212377,-0.14828704530373216,-0.4857647256925702,0.1785930379416925,-0.10725922372355322,-0.4221051156007682,nan,nan,nan,nan,nan,nan,True,,1.0,
tier_b_friction_payload,B,5305,calibration,10,active,0.19589326754212377,-0.14828704530373216,-0.4857647256925702,0.17821331148956288,-0.10906565948776156,-0.42113817321096814,nan,nan,nan,nan,nan,nan,True,,1.0,
tier_b_friction_payload,B,5306,calibration,10,active,0.19589326754212377,-0.14828704530373216,-0.4857647256925702,0.1772336403127185,-0.10861266161254442,-0.4198219767062945,nan,nan,nan,nan,nan,nan,True,,1.0,
tier_b_friction_payload,B,5307,calibration,10,active,0.19589326754212377,-0.14828704530373216,-0.4857647256925702,0.17690315510272128,-0.10724169117977031,-0.42158916290895315,nan,nan,nan,nan,nan,nan,True,,1.0,
tier_b_friction_payload,B,5308,calibration,10,active,0.19589326754212377,-0.14828704530373216,-0.4857647256925702,0.17962948167329515,-0.10841305584096167,-0.424359177899736,nan,nan,nan,nan,nan,nan,True,,1.0,
tier_b_friction_payload,B,5309,calibration,10,active,0.19589326754212377,-0.14828704530373216,-0.4857647256925702,0.1795884568086745,-0.10841915571581771,-0.4244150878809931,nan,nan,nan,nan,nan,nan,True,,1.0,
tier_b_friction_payload,B,5310,calibration,10,active,0.19589326754212377,-0.14828704530373216,-0.4857647256925702,0.17799275485378535,-0.10897258182328104,-0.42133240598909266,nan,nan,nan,nan,nan,nan,True,,1.0,
tier_b_friction_payload,B,5311,calibration,10,active,0.19589326754212377,-0.14828704530373216,-0.4857647256925702,0.1772330235025358,-0.10860637884801788,-0.41991021973852205,nan,nan,nan,nan,nan,nan,True,,1.0,
tier_b_friction_payload,B,5312,calibration,10,active,0.19589326754212377,-0.14828704530373216,-0.4857647256925702,0.17720678552720526,-0.10861621468076194,-0.4198985874161236,nan,nan,nan,nan,nan,nan,True,,1.0,
tier_b_friction_payload,B,5313,calibration,10,active,0.19589326754212377,-0.14828704530373216,-0.4857647256925702,0.17822381219386785,-0.1069072046029932,-0.42074311324615127,nan,nan,nan,nan,nan,nan,True,,1.0,
tier_b_friction_payload,B,5314,calibration,10,active,0.19589326754212377,-0.14828704530373216,-0.4857647256925702,0.17721456265876426,-0.10861737985041187,-0.4199124873661726,nan,nan,nan,nan,nan,nan,True,,1.0,
tier_b_friction_payload,B,5315,calibration,10,active,0.19589326754212377,-0.14828704530373216,-0.4857647256925702,0.17452642812112182,-0.10135039986435719,-0.41249044020168907,nan,nan,nan,nan,nan,nan,True,,1.0,
tier_b_friction_payload,B,5316,calibration,10,active,0.19589326754212377,-0.14828704530373216,-0.4857647256925702,0.1782222630386516,-0.10692310053740263,-0.4208431922432452,nan,nan,nan,nan,nan,nan,True,,1.0,
tier_b_friction_payload,B,5317,calibration,10,active,0.19589326754212377,-0.14828704530373216,-0.4857647256925702,0.17630854553386124,-0.1053705061791155,-0.4171951616347796,nan,nan,nan,nan,nan,nan,True,,1.0,
tier_b_friction_payload,B,5318,calibration,10,active,0.19589326754212377,-0.14828704530373216,-0.4857647256925702,0.17799884204462715,-0.10643380651928938,-0.4207623494032656,nan,nan,nan,nan,nan,nan,True,,1.0,
tier_b_friction_payload,B,5319,calibration,10,active,0.19589326754212377,-0.14828704530373216,-0.4857647256925702,0.17737338155102364,-0.1087259911628989,-0.4204854625832733,nan,nan,nan,nan,nan,nan,True,,1.0,
tier_b_friction_payload,B,5320,calibration,10,active,0.19589326754212377,-0.14828704530373216,-0.4857647256925702,0.1785664538555211,-0.10723737222642714,-0.42196170889804324,nan,nan,nan,nan,nan,nan,True,,1.0,
tier_b_friction_payload,B,5301,calibration,11,active,0.32752536460757253,-0.020608528051525354,0.35027211252599955,0.33551275110960926,-0.015435026190792218,0.3259252258447151,nan,nan,nan,nan,nan,nan,True,,1.0,
tier_b_friction_payload,B,5302,calibration,11,active,0.32752536460757253,-0.020608528051525354,0.35027211252599955,0.33582331606238613,-0.015428476056547895,0.32745401211636666,nan,nan,nan,nan,nan,nan,True,,1.0,
tier_b_friction_payload,B,5303,calibration,11,active,0.32752536460757253,-0.020608528051525354,0.35027211252599955,0.3348660203248226,-0.014917794464391424,0.3251187441809794,nan,nan,nan,nan,nan,nan,True,,1.0,
tier_b_friction_payload,B,5304,calibration,11,active,0.32752536460757253,-0.020608528051525354,0.35027211252599955,0.33613917793493836,-0.016637095794778445,0.3188326375622696,nan,nan,nan,nan,nan,nan,True,,1.0,
tier_b_friction_payload,B,5305,calibration,11,active,0.32752536460757253,-0.020608528051525354,0.35027211252599955,0.33639976811621913,-0.01613786246525039,0.32599485913941056,nan,nan,nan,nan,nan,nan,True,,1.0,
tier_b_friction_payload,B,5306,calibration,11,active,0.32752536460757253,-0.020608528051525354,0.35027211252599955,0.33623350114917355,-0.01606880647750514,0.3259400804465205,nan,nan,nan,nan,nan,nan,True,,1.0,
tier_b_friction_payload,B,5307,calibration,11,active,0.32752536460757253,-0.020608528051525354,0.35027211252599955,0.3375043228599181,-0.01355295941719673,0.3191978331927227,nan,nan,nan,nan,nan,nan,True,,1.0,
tier_b_friction_payload,B,5308,calibration,11,active,0.32752536460757253,-0.020608528051525354,0.35027211252599955,0.33499279420370726,-0.014694019737921874,0.32545565958112666,nan,nan,nan,nan,nan,nan,True,,1.0,
tier_b_friction_payload,B,5309,calibration,11,active,0.32752536460757253,-0.020608528051525354,0.35027211252599955,0.3413582278085281,-0.018738491699548776,0.3247623258121211,nan,nan,nan,nan,nan,nan,True,,1.0,
tier_b_friction_payload,B,5310,calibration,11,active,0.32752536460757253,-0.020608528051525354,0.35027211252599955,0.33574878617158127,-0.01563514278874526,0.3254567541202961,nan,nan,nan,nan,nan,nan,True,,1.0,
tier_b_friction_payload,B,5311,calibration,11,active,0.32752536460757253,-0.020608528051525354,0.35027211252599955,0.3355898761528814,-0.015554337078144293,0.3256129993956288,nan,nan,nan,nan,nan,nan,True,,1.0,
tier_b_friction_payload,B,5312,calibration,11,active,0.32752536460757253,-0.020608528051525354,0.35027211252599955,0.3357457436026762,-0.01562738016221973,0.32540704063723963,nan,nan,nan,nan,nan,nan,True,,1.0,
tier_b_friction_payload,B,5313,calibration,11,active,0.32752536460757253,-0.020608528051525354,0.35027211252599955,0.33561481964176987,-0.015962121438928466,0.32611508722675076,nan,nan,nan,nan,nan,nan,True,,1.0,
tier_b_friction_payload,B,5314,calibration,11,active,0.32752536460757253,-0.020608528051525354,0.35027211252599955,0.33557871020534025,-0.015493241366787477,0.3255516008037855,nan,nan,nan,nan,nan,nan,True,,1.0,
tier_b_friction_payload,B,5315,calibration,11,active,0.32752536460757253,-0.020608528051525354,0.35027211252599955,0.33629845738901243,-0.01571099969482661,0.3206481373032323,nan,nan,nan,nan,nan,nan,True,,1.0,
tier_b_friction_payload,B,5316,calibration,11,active,0.32752536460757253,-0.020608528051525354,0.35027211252599955,0.3359094353558654,-0.01614550436878504,0.32604042299611574,nan,nan,nan,nan,nan,nan,True,,1.0,
tier_b_friction_payload,B,5317,calibration,11,active,0.32752536460757253,-0.020608528051525354,0.35027211252599955,0.3044914485862926,0.017586644270979068,0.2982767642645395,nan,nan,nan,nan,nan,nan,True,,1.0,
tier_b_friction_payload,B,5318,calibration,11,active,0.32752536460757253,-0.020608528051525354,0.35027211252599955,0.33504475352990676,-0.015766095069739135,0.3267248994103283,nan,nan,nan,nan,nan,nan,True,,1.0,
tier_b_friction_payload,B,5319,calibration,11,active,0.32752536460757253,-0.020608528051525354,0.35027211252599955,0.33525666642463586,-0.015071990765375484,0.3247490428151068,nan,nan,nan,nan,nan,nan,True,,1.0,
tier_b_friction_payload,B,5320,calibration,11,active,0.32752536460757253,-0.020608528051525354,0.35027211252599955,0.33551619547384565,-0.016995077798261458,0.32142126591489706,nan,nan,nan,nan,nan,nan,True,,1.0,
tier_b_friction_payload,B,5301,calibration,12,active,0.24388523846864707,-0.2443305472843349,0.3020924683660269,0.262682898575088,-0.28344097756114517,0.3383680894392418,nan,nan,nan,nan,nan,nan,True,,1.0,
tier_b_friction_payload,B,5302,calibration,12,active,0.24388523846864707,-0.2443305472843349,0.3020924683660269,0.262498570968225,-0.2834151885052273,0.33810634150146185,nan,nan,nan,nan,nan,nan,True,,1.0,
tier_b_friction_payload,B,5303,calibration,12,active,0.24388523846864707,-0.2443305472843349,0.3020924683660269,0.2624553348285543,-0.28367878408287517,0.33912945949635775,nan,nan,nan,nan,nan,nan,True,,1.0,
tier_b_friction_payload,B,5304,calibration,12,active,0.24388523846864707,-0.2443305472843349,0.3020924683660269,0.2619630818085545,-0.28354169899435017,0.3384902946359942,nan,nan,nan,nan,nan,nan,True,,1.0,
tier_b_friction_payload,B,5305,calibration,12,active,0.24388523846864707,-0.2443305472843349,0.3020924683660269,0.2626120986355808,-0.28363992887206163,0.3389290127738707,nan,nan,nan,nan,nan,nan,True,,1.0,
tier_b_friction_payload,B,5306,calibration,12,active,0.24388523846864707,-0.2443305472843349,0.3020924683660269,0.26259614047805074,-0.28363794455002816,0.338892200191932,nan,nan,nan,nan,nan,nan,True,,1.0,
tier_b_friction_payload,B,5307,calibration,12,active,0.24388523846864707,-0.2443305472843349,0.3020924683660269,0.26259511127133944,-0.28364448445907614,0.33890022916377194,nan,nan,nan,nan,nan,nan,True,,1.0,
tier_b_friction_payload,B,5308,calibration,12,active,0.24388523846864707,-0.2443305472843349,0.3020924683660269,0.26268509036028337,-0.28344121244005954,0.33831644217672585,nan,nan,nan,nan,nan,nan,True,,1.0,
tier_b_friction_payload,B,5309,calibration,12,active,0.24388523846864707,-0.2443305472843349,0.3020924683660269,0.26247259044570137,-0.28341337791819393,0.3381117503786639,nan,nan,nan,nan,nan,nan,True,,1.0,
tier_b_friction_payload,B,5310,calibration,12,active,0.24388523846864707,-0.2443305472843349,0.3020924683660269,0.2626033488662496,-0.28364735599255825,0.33893463839160165,nan,nan,nan,nan,nan,nan,True,,1.0,
tier_b_friction_payload,B,5311,calibration,12,active,0.24388523846864707,-0.2443305472843349,0.3020924683660269,0.2626040722455425,-0.2836445900400952,0.3389314743518713,nan,nan,nan,nan,nan,nan,True,,1.0,
tier_b_friction_payload,B,5312,calibration,12,active,0.24388523846864707,-0.2443305472843349,0.3020924683660269,0.26119831455393183,-0.28196907207506144,0.3352503111206433,nan,nan,nan,nan,nan,nan,True,,1.0,
tier_b_friction_payload,B,5313,calibration,12,active,0.24388523846864707,-0.2443305472843349,0.3020924683660269,0.26267653515799977,-0.2837565252981202,0.3388253432138933,nan,nan,nan,nan,nan,nan,True,,1.0,
tier_b_friction_payload,B,5314,calibration,12,active,0.24388523846864707,-0.2443305472843349,0.3020924683660269,0.262609300466829,-0.2836416819003186,0.3389240514686681,nan,nan,nan,nan,nan,nan,True,,1.0,
tier_b_friction_payload,B,5315,calibration,12,active,0.24388523846864707,-0.2443305472843349,0.3020924683660269,0.2625943668916292,-0.28363871366160365,0.33890620545391864,nan,nan,nan,nan,nan,nan,True,,1.0,
tier_b_friction_payload,B,5316,calibration,12,active,0.24388523846864707,-0.2443305472843349,0.3020924683660269,0.26260891286217325,-0.2836415714450919,0.3388315709996509,nan,nan,nan,nan,nan,nan,True,,1.0,
tier_b_friction_payload,B,5317,calibration,12,active,0.24388523846864707,-0.2443305472843349,0.3020924683660269,0.2622160868011414,-0.2834629526005722,0.3384405412370444,nan,nan,nan,nan,nan,nan,True,,1.0,
tier_b_friction_payload,B,5318,calibration,12,active,0.24388523846864707,-0.2443305472843349,0.3020924683660269,0.26216619322988627,-0.28346831429971314,0.33846157186960896,nan,nan,nan,nan,nan,nan,True,,1.0,
tier_b_friction_payload,B,5319,calibration,12,active,0.24388523846864707,-0.2443305472843349,0.3020924683660269,0.2627044682612403,-0.2834402899917099,0.3383226095947274,nan,nan,nan,nan,nan,nan,True,,1.0,
tier_b_friction_payload,B,5320,calibration,12,active,0.24388523846864707,-0.2443305472843349,0.3020924683660269,0.2619698582621365,-0.283559503332431,0.3384861902404882,nan,nan,nan,nan,nan,nan,True,,1.0,
tier_b_friction_payload,B,5301,validation,1,held_out_fixed,-0.3,0.0,-0.35,-0.26872867229318376,0.07150721162089858,-0.37380639427012197,-0.29464959150214964,-0.005492743020234944,-0.29742014954216117,0.055502351743499406,0.05549384336527036,0.07537123776616575,True,,1.0,
tier_b_friction_payload,B,5302,validation,1,held_out_fixed,-0.3,0.0,-0.35,-0.2689609900071042,0.07168546173849001,-0.3742493718163435,-0.2941427575721787,-0.00459227930827171,-0.2974589965588993,0.055502316882705224,0.055494493417626446,0.07537182539951022,True,,1.0,
tier_b_friction_payload,B,5303,validation,1,held_out_fixed,-0.3,0.0,-0.35,-0.266606092726599,0.0742132238427641,-0.3774769461761626,-0.29511626559288145,-0.005456400030570226,-0.29768601126074296,0.055502885074931174,0.05549399684888456,0.0753717054096427,True,,1.0,
tier_b_friction_payload,B,5304,validation,1,held_out_fixed,-0.3,0.0,-0.35,-0.2689016433969218,0.07175453369697096,-0.37425083493814604,-0.2940852343035239,-0.003683617942076256,-0.29708837231540713,0.05550207552159926,0.0554942626937452,0.07537128955514008,True,,1.0,
tier_b_friction_payload,B,5305,validation,1,held_out_fixed,-0.3,0.0,-0.35,-0.26886849995844925,0.07280968535825827,-0.3741420677251113,-0.29469415753933753,-0.005578704414877771,-0.29772330428724153,0.05550206737526835,0.05549401753625438,0.07537185349241958,True,,1.0,
tier_b_friction_payload,B,5306,validation,1,held_out_fixed,-0.3,0.0,-0.35,-0.2687224481112628,0.07160651335759569,-0.3738401413747856,-0.2941926215583449,-0.00476813549692414,-0.2973402054355656,0.055502077527807246,0.055493885627636505,0.07537099752375574,True,,1.0,
tier_b_friction_payload,B,5307,validation,1,held_out_fixed,-0.3,0.0,-0.35,-0.266875610992686,0.07487416227872326,-0.3770975161512534,-0.29493189211742693,-0.005542989517359953,-0.2973263853788369,0.05550211047670548,0.05549379437738293,0.07537074285809645,True,,1.0,
tier_b_friction_payload,B,5308,validation,1,held_out_fixed,-0.3,0.0,-0.35,-0.2690030288013083,0.07102546194974636,-0.373848840768825,-0.2946317136769546,-0.005352981981850206,-0.2970082336867079,0.05550224933218002,0.05549396006434642,0.0753709004269798,True,,1.0,
tier_b_friction_payload,B,5309,validation,1,held_out_fixed,-0.3,0.0,-0.35,-0.26897131347402825,0.07127280873016313,-0.3741146812069357,-0.29479453554158563,-0.005276587734423927,-0.2973687421658951,0.055502192299563435,0.05549382490077679,0.07537099811828724,True,,1.0,
tier_b_friction_payload,B,5310,validation,1,held_out_fixed,-0.3,0.0,-0.35,-0.26891019112447107,0.0715460332165336,-0.3741062048226266,-0.2948686593824908,-0.005869235993636055,-0.2969934854213499,0.0555020560212437,0.05549337060810911,0.07536997626827678,True,,1.0,
tier_b_friction_payload,B,5311,validation,1,held_out_fixed,-0.3,0.0,-0.35,-0.2689133565491065,0.07153308615200998,-0.3740925427983203,-0.2946848441026703,-0.005766367622525786,-0.29778130657225294,0.05550214804101374,0.05549400940768403,0.0753715726259535,True,,1.0,
tier_b_friction_payload,B,5312,validation,1,held_out_fixed,-0.3,0.0,-0.35,-0.26881669823970117,0.07180281743625896,-0.3738758209669892,-0.29466362844942684,-0.005862764638314522,-0.297098520173699,0.05550206476819296,0.055493788712384966,0.07537095382202984,True,,1.0,
tier_b_friction_payload,B,5313,validation,1,held_out_fixed,-0.3,0.0,-0.35,-0.2647461789883193,0.07331122605158216,-0.3783520280313424,-0.2940338117717066,-0.0049667706833565915,-0.29619807477758214,0.05550228395366703,0.055494313118338544,0.07537178531451125,True,,1.0,
tier_b_friction_payload,B,5314,validation,1,held_out_fixed,-0.3,0.0,-0.35,-0.2688914799073059,0.07159184095543471,-0.3740087346810051,-0.2948732622484797,-0.005490644892331619,-0.2973367883006193,0.05550196678844092,0.05549380644079497,0.07537063921508538,True,,1.0,
tier_b_friction_payload,B,5315,validation,1,held_out_fixed,-0.3,0.0,-0.35,-0.26896608481385703,0.07275989218358342,-0.3739818372540241,-0.2954187088314171,-0.005906064866974889,-0.29693950667805635,0.055502780874987695,0.055493511819201286,0.07537004870733002,True,,1.0,
tier_b_friction_payload,B,5316,validation,1,held_out_fixed,-0.3,0.0,-0.35,-0.2668215703826163,0.07458546187834227,-0.3767302031458418,-0.2943998425846351,-0.005259063195374893,-0.29670894287108945,0.05550199120917026,0.055493526283550795,0.07537023962855528,True,,1.0,
tier_b_friction_payload,B,5317,validation,1,held_out_fixed,-0.3,0.0,-0.35,-0.26483789209578723,0.0730835168760631,-0.37825034297644633,-0.29494154261806943,-0.005257072978954394,-0.2968611971428383,0.05550192758668358,0.055493488250432974,0.07537022395903081,True,,1.0,
tier_b_friction_payload,B,5318,validation,1,held_out_fixed,-0.3,0.0,-0.35,-0.2606270103350208,0.06351235501304582,-0.37439468329007963,-0.2951014502682545,-0.005919408970940512,-0.29768773722492836,0.05550201564199968,0.05549402073610832,0.0753716111296937,True,,1.0,
tier_b_friction_payload,B,5319,validation,1,held_out_fixed,-0.3,0.0,-0.35,-0.26899837147260175,0.07177352943213476,-0.37429313028812206,-0.2947885576072169,-0.0056337868885877026,-0.29712002589936026,0.05550210369581901,0.05549357796353175,0.07537042714327613,True,,1.0,
tier_b_friction_payload,B,5320,validation,1,held_out_fixed,-0.3,0.0,-0.35,-0.26889918137037844,0.07155924408352139,-0.3740861943303705,-0.2951922139644397,-0.005792445533542762,-0.2973819999320842,0.05550163405982529,0.055494024997053734,0.07537152923901194,True,,1.0,
tier_b_friction_payload,B,5301,validation,2,held_out_fixed,-0.3,0.0,0.35,-0.05169953211599713,0.012559455945606385,-0.05902152560411567,-0.28981314870872615,-0.0026522176302060385,0.28826759840023375,0.05527683963923077,0.055269233583931876,0.07520029394300112,True,,1.0,
tier_b_friction_payload,B,5302,validation,2,held_out_fixed,-0.3,0.0,0.35,-0.05165757426643832,0.01248464825397816,-0.05896273179594586,-0.2898813979567668,-0.0020780234342422503,0.28867905730189686,0.05527558633459159,0.055270133574267515,0.07520194170321211,True,,1.0,
tier_b_friction_payload,B,5303,validation,2,held_out_fixed,-0.3,0.0,0.35,-0.05144525987191692,0.012406663348898679,-0.05942372867256911,-0.29026291254604647,-0.0025057573744074048,0.2891252167402767,0.05527625653201825,0.05526971376442072,0.07520202547403572,True,,1.0,
tier_b_friction_payload,B,5304,validation,2,held_out_fixed,-0.3,0.0,0.35,-0.051722954089138615,0.012557252703360656,-0.05865298683186475,-0.28911258594401607,-0.0009205206761065896,0.2898239908393077,0.05527536254493928,0.05526922738779251,0.07520161758516856,True,,1.0,
tier_b_friction_payload,B,5305,validation,2,held_out_fixed,-0.3,0.0,0.35,-0.051779345653850874,0.012553569883411825,-0.059090218094017606,-0.2900358244446993,-0.002579043966580823,0.2888003597920849,0.0552754078228442,0.05526964505372941,0.07520220634860794,True,,1.0,
tier_b_friction_payload,B,5306,validation,2,held_out_fixed,-0.3,0.0,0.35,-0.05278544826968064,0.012654800944851816,-0.06010791913493671,-0.28968263987003046,-0.002332944605476628,0.28826492837546686,0.05527520563691912,0.055268646939931956,0.07519972113042171,True,,1.0,
tier_b_friction_payload,B,5307,validation,2,held_out_fixed,-0.3,0.0,0.35,-0.051812598705484096,0.012535476162777105,-0.059259837350842566,-0.2899620434291078,-0.0027161423245581386,0.2882590052242293,0.05527549987925849,0.05526894132277371,0.07519959976379371,True,,1.0,
tier_b_friction_payload,B,5308,validation,2,held_out_fixed,-0.3,0.0,0.35,-0.05170318737038447,0.012542103502557833,-0.05859525319866731,-0.28969446381933533,-0.0024869611370804093,0.28859593519027477,0.055275356077308956,0.05526880316895539,0.07519956199009364,True,,1.0,
tier_b_friction_payload,B,5309,validation,2,held_out_fixed,-0.3,0.0,0.35,-0.051784192310508466,0.01251770379303017,-0.05906171439729283,-0.2900400284739082,-0.002452664633451717,0.28832470358442297,0.055275321290904234,0.0552688086767115,0.07519995743429701,True,,1.0,
tier_b_friction_payload,B,5310,validation,2,held_out_fixed,-0.3,0.0,0.35,-0.051827630141101144,0.012553012946437186,-0.05912015652824359,-0.2898522614209107,-0.002894219687492376,0.28788285948306375,0.05527535554858734,0.05526790315964189,0.07519746999667241,True,,1.0,
tier_b_friction_payload,B,5311,validation,2,held_out_fixed,-0.3,0.0,0.35,-0.051823071912562864,0.01255603894711688,-0.059098987104811915,-0.2899849986281367,-0.0026260557628764204,0.28845211759499184,0.055275627974919195,0.055269819965717955,0.07520185273214024,True,,1.0,
tier_b_friction_payload,B,5312,validation,2,held_out_fixed,-0.3,0.0,0.35,-0.051831664805199865,0.012555031775438446,-0.05906686947869822,-0.2897464435525918,-0.0028787009250429664,0.28838339278115993,0.05527547543419388,0.05526898399757216,0.07519989648861371,True,,1.0,
tier_b_friction_payload,B,5313,validation,2,held_out_fixed,-0.3,0.0,0.35,-0.05183231805753405,0.012558886602252713,-0.05902577763393605,-0.2882764583042069,-0.0007507365069681286,0.2905647243244354,0.05527655362084135,0.055270609321707326,0.07520262818543284,True,,1.0,
tier_b_friction_payload,B,5314,validation,2,held_out_fixed,-0.3,0.0,0.35,-0.051908027089890264,0.012591665801393738,-0.05902332950020804,-0.2898268112002627,-0.0026542448702046822,0.2882612194582586,0.05527522445164225,0.05526884441086671,0.07519965048503467,True,,1.0,
tier_b_friction_payload,B,5315,validation,2,held_out_fixed,-0.3,0.0,0.35,-0.05186277637319927,0.012534023363185558,-0.05910500496292514,-0.2903871365453449,-0.0027636684696402745,0.2879789554991258,0.055276080538397714,0.05526791787696183,0.07519743398866911,True,,1.0,
tier_b_friction_payload,B,5316,validation,2,held_out_fixed,-0.3,0.0,0.35,-0.05183938763584587,0.012563570781003093,-0.05901612795058115,-0.2893227770809794,-0.0018008878932546358,0.2890019845505853,0.05527520731144942,0.05526759612708379,0.07519843383491809,True,,1.0,
tier_b_friction_payload,B,5317,validation,2,held_out_fixed,-0.3,0.0,0.35,-0.05214694007235651,0.012484298057465502,-0.0613398295222864,-0.2888677403325757,-0.003746051576048074,0.2886123012186271,0.05527513983285784,0.05526807520754361,0.07519784251214252,True,,1.0,
tier_b_friction_payload,B,5318,validation,2,held_out_fixed,-0.3,0.0,0.35,-0.05162714959076595,0.01203345184787616,-0.058091004398404346,-0.2902447515735903,-0.002711365648293217,0.28900162633712245,0.0552755349112058,0.05526966005096811,0.07520174242734808,True,,1.0,
tier_b_friction_payload,B,5319,validation,2,held_out_fixed,-0.3,0.0,0.35,-0.05124493426456957,0.012401376958929731,-0.05937963349033933,-0.28980471058621277,-0.0027615002634715224,0.28783869554346475,0.05527540099598015,0.05526820900408299,0.07519841433687949,True,,1.0,
tier_b_friction_payload,B,5320,validation,2,held_out_fixed,-0.3,0.0,0.35,-0.051690376271545685,0.012523611958179791,-0.05899567971617988,-0.29035594184011343,-0.002567688163484457,0.2889463447770019,0.055274913851552115,0.0552693013251284,0.07520159790938691,True,,1.0,
tier_b_friction_payload,B,5301,validation,3,held_out_fixed,0.2,-0.18,-0.3,0.1763878320605966,-0.13947576926168503,-0.18923395611931842,0.20249751034687252,-0.1788911860382579,-0.25623849478730293,0.05449483595495465,0.054502969168164654,0.07483659038979237,True,,1.0,
tier_b_friction_payload,B,5302,validation,3,held_out_fixed,0.2,-0.18,-0.3,0.17647493621018948,-0.13933018461042126,-0.18875377426196085,0.20326990259800176,-0.1781704758699262,-0.256788189480392,0.054494820908417514,0.05450353163158129,0.07483624709904482,True,,1.0,
tier_b_friction_payload,B,5303,validation,3,held_out_fixed,0.2,-0.18,-0.3,0.17377976424454483,-0.13755197943820574,-0.19216248752623324,0.2025358376089889,-0.17881413072012503,-0.2568201391549859,0.05449446482232774,0.0545031449916463,0.07483619969302431,True,,1.0,
tier_b_friction_payload,B,5304,validation,3,held_out_fixed,0.2,-0.18,-0.3,0.17684033319539663,-0.13846716583701166,-0.1897134547282814,0.2032115159937833,-0.17710938957790442,-0.2558815877321972,0.054494652526084576,0.054503121255305605,0.0748362514071287,True,,1.0,
tier_b_friction_payload,B,5305,validation,3,held_out_fixed,0.2,-0.18,-0.3,0.17614457247707624,-0.13963898428691013,-0.18995759185431008,0.20259483851422594,-0.17910334941214526,-0.25637177119731674,0.05449462140064087,0.05450335899372634,0.07483708873969189,True,,1.0,
tier_b_friction_payload,B,5306,validation,3,held_out_fixed,0.2,-0.18,-0.3,0.17642140622287797,-0.1398713871204789,-0.18986585650362858,0.20268525685279748,-0.17831124585080746,-0.2563318888216338,0.05449443980545653,0.05450366975450967,0.0748364764370808,True,,1.0,
tier_b_friction_payload,B,5307,validation,3,held_out_fixed,0.2,-0.18,-0.3,0.17615037824308713,-0.13961371796350305,-0.1897904020679445,0.2022878513681092,-0.17870382567128557,-0.2563691550206743,0.054494477751314704,0.05450311989862294,0.07483571707938227,True,,1.0,
tier_b_friction_payload,B,5308,validation,3,held_out_fixed,0.2,-0.18,-0.3,0.17642789605693315,-0.13955347598020956,-0.18948489137112462,0.20295525216951738,-0.178709643552544,-0.25632864663868354,0.05449474390030798,0.05450329152316242,0.07483563385677214,True,,1.0,
tier_b_friction_payload,B,5309,validation,3,held_out_fixed,0.2,-0.18,-0.3,0.17644476292896452,-0.13997886457855843,-0.19006211022451694,0.2026631217753374,-0.17870258026496252,-0.25700129957285867,0.05449470547654836,0.05450323000459417,0.07483585862295702,True,,1.0,
tier_b_friction_payload,B,5310,validation,3,held_out_fixed,0.2,-0.18,-0.3,0.17646465079166138,-0.13954825676659738,-0.18936478073446875,0.202448011702463,-0.17922398429041103,-0.2559712649188449,0.054494459438596904,0.05450300016942155,0.0748351757955402,True,,1.0,
tier_b_friction_payload,B,5311,validation,3,held_out_fixed,0.2,-0.18,-0.3,0.17637720637617843,-0.13941855557648775,-0.18933377184461314,0.20233418536730086,-0.1790658637830818,-0.25630103130221127,0.054494398899488324,0.054503705772046815,0.07483668277948977,True,,1.0,
tier_b_friction_payload,B,5312,validation,3,held_out_fixed,0.2,-0.18,-0.3,0.17638223009443663,-0.13941645606727948,-0.18930656279586652,0.2023040590415797,-0.17913057931792117,-0.25624900712254434,0.054494360743080526,0.0545035952160033,0.07483654026839906,True,,1.0,
tier_b_friction_payload,B,5313,validation,3,held_out_fixed,0.2,-0.18,-0.3,0.1752923007702814,-0.13899696662383734,-0.18984154599723835,0.20352076397465851,-0.1778742016348848,-0.25500310214284855,0.054494864916898644,0.05450321127589161,0.07483693749445898,True,,1.0,
tier_b_friction_payload,B,5314,validation,3,held_out_fixed,0.2,-0.18,-0.3,0.17638506039171345,-0.13992260602898227,-0.19000975407932102,0.20226855632830418,-0.17898338712672027,-0.2562002914407516,0.054494359767655334,0.0545036088403698,0.0748364720765512,True,,1.0,
tier_b_friction_payload,B,5315,validation,3,held_out_fixed,0.2,-0.18,-0.3,0.17612522919645543,-0.1396031233647108,-0.189958168046176,0.2017659761018646,-0.17804543057061317,-0.25544623106774017,0.0544943512675806,0.05450327109038321,0.07483590397360013,True,,1.0,
tier_b_friction_payload,B,5316,validation,3,held_out_fixed,0.2,-0.18,-0.3,0.1729559074516923,-0.13858044006159462,-0.19598315268839403,0.2030409745263476,-0.17836804191750438,-0.2557363633213219,0.05449456760904354,0.054502691166294234,0.07483548199931804,True,,1.0,
tier_b_friction_payload,B,5317,validation,3,held_out_fixed,0.2,-0.18,-0.3,0.17562579019467425,-0.1388578819051547,-0.18764021847953768,0.20275034808265266,-0.17873743496929176,-0.25562396853125513,0.054494139447719664,0.054502730054178605,0.07483589205578661,True,,1.0,
tier_b_friction_payload,B,5318,validation,3,held_out_fixed,0.2,-0.18,-0.3,0.17564904162084666,-0.1403173180908592,-0.19431951064903102,0.20233917878450636,-0.1787951668911519,-0.2564496973635515,0.054494632456859204,0.05450309944879618,0.07483667733596028,True,,1.0,
tier_b_friction_payload,B,5319,validation,3,held_out_fixed,0.2,-0.18,-0.3,0.17640154746284606,-0.1394858367769116,-0.18917640507293004,0.20240158379625997,-0.17895861361631615,-0.25602885105705586,0.0544943285477302,0.0545031345382712,0.074835716624486,True,,1.0,
tier_b_friction_payload,B,5320,validation,3,held_out_fixed,0.2,-0.18,-0.3,0.17318590323783634,-0.1388006724082937,-0.1932605137289168,0.20236294570818558,-0.1790010565365946,-0.2561895330090721,0.05449465966996381,0.05450312162669233,0.07483638588731567,True,,1.0,
tier_b_friction_payload,B,5301,validation,4,held_out_fixed,0.2,-0.18,0.3,0.20287533273815078,-0.19124350781026309,0.3258206415667038,0.21130452810414688,-0.19006599346880126,0.27798368642495225,0.053520155273254044,0.05352609698974714,0.07419864142221712,True,,1.0,
tier_b_friction_payload,B,5302,validation,4,held_out_fixed,0.2,-0.18,0.3,0.20184301226636928,-0.1866400123867912,0.31433440007694013,0.2114787443433739,-0.18934956487280552,0.27816523967373247,0.053519121612561664,0.05352633679248087,0.0741985675837329,True,,1.0,
tier_b_friction_payload,B,5303,validation,4,held_out_fixed,0.2,-0.18,0.3,0.20276160216010422,-0.19106684469007656,0.3348612291212307,0.21122311384163509,-0.1902147008474988,0.27820676340052836,0.05351909300133193,0.0535259864684507,0.07419837891183853,True,,1.0,
tier_b_friction_payload,B,5304,validation,4,held_out_fixed,0.2,-0.18,0.3,0.20265317687738243,-0.19071650651230834,0.3252853370912235,0.21196648299001566,-0.18832640703142417,0.27885170757097555,0.05351898010085307,0.053525482427238445,0.07419788016023239,True,,1.0,
tier_b_friction_payload,B,5305,validation,4,held_out_fixed,0.2,-0.18,0.3,0.20165750052506862,-0.18761341980518484,0.32626091471862606,0.21124484116277514,-0.19019895100283082,0.2784178906261936,0.053519082042424136,0.05352605415710213,0.07419890519021614,True,,1.0,
tier_b_friction_payload,B,5306,validation,4,held_out_fixed,0.2,-0.18,0.3,0.20252057750174088,-0.19058072261429357,0.3251691371875188,0.21149807306109922,-0.1896865795924278,0.2777234479724701,0.05351913946005196,0.05352585761960555,0.074198201966067,True,,1.0,
tier_b_friction_payload,B,5307,validation,4,held_out_fixed,0.2,-0.18,0.3,0.20332367989488573,-0.19029212847617874,0.3354619002181764,0.21132435470072072,-0.19002800210482026,0.2775666417768022,0.05351923793028251,0.05352612757608818,0.07419792720079417,True,,1.0,
tier_b_friction_payload,B,5308,validation,4,held_out_fixed,0.2,-0.18,0.3,0.20172242577948607,-0.18712949020021488,0.31546797622506245,0.211394122331945,-0.18981865769031198,0.27825097666994314,0.05351893387136756,0.05352580784687331,0.07419779959933819,True,,1.0,
tier_b_friction_payload,B,5309,validation,4,held_out_fixed,0.2,-0.18,0.3,0.2025429993788619,-0.19057386770831605,0.32517805434116037,0.21153644063544008,-0.19015351260992974,0.2774343346740289,0.053518753326329944,0.05352579241213088,0.07419854875795583,True,,1.0,
tier_b_friction_payload,B,5310,validation,4,held_out_fixed,0.2,-0.18,0.3,0.20258017891208874,-0.19056088131409155,0.3251189620692127,0.21123956494314586,-0.19040957148522134,0.2778820312435685,0.053519222712866694,0.0535256158950305,0.07419724712767228,True,,1.0,
tier_b_friction_payload,B,5311,validation,4,held_out_fixed,0.2,-0.18,0.3,0.20253904898420053,-0.19061894210211447,0.3252377398936891,0.2111343749975552,-0.19018330614241521,0.278135522925564,0.05351923942046537,0.05352605313071418,0.07419829999876544,True,,1.0,
tier_b_friction_payload,B,5312,validation,4,held_out_fixed,0.2,-0.18,0.3,0.20229506333832079,-0.19006884848345595,0.32402037153373686,0.21105625123840868,-0.19010441318705867,0.27757206810004414,0.05351919790966556,0.05352585903624152,0.07419833645828568,True,,1.0,
tier_b_friction_payload,B,5313,validation,4,held_out_fixed,0.2,-0.18,0.3,0.20302290694414268,-0.1914963386728689,0.3357972524342104,0.21273950124366295,-0.18862267481088346,0.28012714645090325,0.053519967466952076,0.05352658967650851,0.07419911831259211,True,,1.0,
tier_b_friction_payload,B,5314,validation,4,held_out_fixed,0.2,-0.18,0.3,0.20258294560120094,-0.19055277759261316,0.32510583986371194,0.21116262825123192,-0.1901409793534801,0.2778208115948815,0.0535191153812639,0.05352585433315765,0.0741981723362654,True,,1.0,
tier_b_friction_payload,B,5315,validation,4,held_out_fixed,0.2,-0.18,0.3,0.2032153474144536,-0.1902160779211018,0.33480621380335385,0.2110946249015762,-0.19049766101164617,0.27742837748626487,0.05351930166050499,0.05352570704556697,0.07419735443638589,True,,1.0,
tier_b_friction_payload,B,5316,validation,4,held_out_fixed,0.2,-0.18,0.3,0.20303606916326075,-0.19146836487870048,0.3352465525759091,0.21186526367716396,-0.1894659493409511,0.27869990527294264,0.053518996656086705,0.05352500754821264,0.07419689702650559,True,,1.0,
tier_b_friction_payload,B,5317,validation,4,held_out_fixed,0.2,-0.18,0.3,0.202807045378309,-0.19094400198283287,0.3255420562571443,0.2092609551566779,-0.18803509137911525,0.27657156618108863,0.05351890073366104,0.05352597172435687,0.07419721494221206,True,,1.0,
tier_b_friction_payload,B,5318,validation,4,held_out_fixed,0.2,-0.18,0.3,0.20369356028235955,-0.18254725369854685,0.3165062626339887,0.21080966935633128,-0.1902881219109385,0.2784935885666911,0.053519156063742815,0.05352598350385437,0.074198568500768,True,,1.0,
tier_b_friction_payload,B,5319,validation,4,held_out_fixed,0.2,-0.18,0.3,0.2028747234728506,-0.1911105541282085,0.325716085618295,0.2112384708706218,-0.19014980017700553,0.27769363493251625,0.05351900039135508,0.05352572453822384,0.07419775576441488,True,,1.0,
tier_b_friction_payload,B,5320,validation,4,held_out_fixed,0.2,-0.18,0.3,0.2035728571282381,-0.19059674190452683,0.3307004735474844,0.21080920493988783,-0.1903190736248701,0.278272817873266,0.053518999781251624,0.05352575249557798,0.07419827550967033,True,,1.0,
tier_b_friction_payload,B,5301,validation,5,held_out_fixed,0.2,0.18,-0.3,0.18498919789494578,0.1420059174819823,-0.31389072783553335,0.1985045782983407,0.18289944774964967,-0.26845344455659503,0.054161120704675256,0.05417148539789919,0.07463939363752535,True,,1.0,
tier_b_friction_payload,B,5302,validation,5,held_out_fixed,0.2,0.18,-0.3,0.18434289990781963,0.1373210225960044,-0.30883116188229365,0.19718761190499412,0.17984222363376962,-0.2693553059521978,0.054160958212231165,0.05417396571791282,0.0746387288079302,True,,1.0,
tier_b_friction_payload,B,5303,validation,5,held_out_fixed,0.2,0.18,-0.3,0.1830598372848375,0.1469381552526491,-0.30397807758343515,0.19881323915527102,0.1830389612100524,-0.2687352749738574,0.05415831187560866,0.05416994391140248,0.0746372580064393,True,,1.0,
tier_b_friction_payload,B,5304,validation,5,held_out_fixed,0.2,0.18,-0.3,0.18238932440860325,0.13412578115591456,-0.30765310565688037,0.19681075683691443,0.17670937367917425,-0.27038172483518824,0.05415926654546423,0.05417346958840012,0.07463436112025729,True,,1.0,
tier_b_friction_payload,B,5305,validation,5,held_out_fixed,0.2,0.18,-0.3,0.18331302490447843,0.13399680364011765,-0.3091483177672615,0.19930004515389005,0.18356407166713604,-0.26918285994497054,0.05415865879962094,0.05417080569344628,0.07463860561493404,True,,1.0,
tier_b_friction_payload,B,5306,validation,5,held_out_fixed,0.2,0.18,-0.3,0.18344055850014884,0.13415259289778209,-0.30909141770268006,0.19701851219546293,0.17999051390224918,-0.26858987000431994,0.05416089380554433,0.05417339531649133,0.0746383123456493,True,,1.0,
tier_b_friction_payload,B,5307,validation,5,held_out_fixed,0.2,0.18,-0.3,0.17024264309924128,0.11485664231648224,-0.3041888705313783,0.19910150147824252,0.18285052893942091,-0.26842705419186347,0.05415894151160491,0.05417146212538755,0.07463525508732419,True,,0.7714285714285715,
tier_b_friction_payload,B,5308,validation,5,held_out_fixed,0.2,0.18,-0.3,0.1703984528712983,0.11293127255489112,-0.3037812736747117,0.1981056535471321,0.18303202221383943,-0.26991201990643754,0.05416003944686956,0.05417317607506344,0.07463747251453795,True,,0.8,
tier_b_friction_payload,B,5309,validation,5,held_out_fixed,0.2,0.18,-0.3,0.18557928861011705,0.13811335511909215,-0.3079916575225212,0.1992308745139633,0.18236833509693257,-0.2681149308076314,0.054159250226050684,0.05417151777449943,0.07463817717176606,True,,1.0,
tier_b_friction_payload,B,5310,validation,5,held_out_fixed,0.2,0.18,-0.3,0.18443872451581012,0.14156735625753603,-0.3127622374194199,0.19907965422499735,0.1849043935256278,-0.2691197657245953,0.05415907508401012,0.054169381536545894,0.07463510230663295,True,,1.0,
tier_b_friction_payload,B,5311,validation,5,held_out_fixed,0.2,0.18,-0.3,0.184935176823223,0.14183787329780306,-0.31214941977247557,0.19956702747909322,0.18393441819057316,-0.2687332164859067,0.054158567119886813,0.0541676299813996,0.07463477100563592,True,,1.0,
tier_b_friction_payload,B,5312,validation,5,held_out_fixed,0.2,0.18,-0.3,0.1844567027970953,0.13952308812837586,-0.3178645616052391,0.19886662504214303,0.18484797757539442,-0.2695276461125253,0.054158152093534966,0.05417038830679253,0.07463680977417561,True,,1.0,
tier_b_friction_payload,B,5313,validation,5,held_out_fixed,0.2,0.18,-0.3,0.1699794165124728,0.11211322211182029,-0.30108773913910347,0.196369780695114,0.18101866799030747,-0.2718359262504139,0.05415926200299863,0.0541708045437133,0.07463741345190615,True,,0.8,
tier_b_friction_payload,B,5314,validation,5,held_out_fixed,0.2,0.18,-0.3,0.18315822697256062,0.134161753364883,-0.30808708707319943,0.19926018328597578,0.1834917339061888,-0.2688280722996116,0.05415870980585432,0.05417099946365547,0.07463584184010792,True,,1.0,
tier_b_friction_payload,B,5315,validation,5,held_out_fixed,0.2,0.18,-0.3,0.1837763653951553,0.1337964203837599,-0.3080763801467505,0.1999375628299002,0.18547371411720004,-0.26700071088017013,0.05415872603241372,0.054168693643761166,0.07463723708777671,True,,1.0,
tier_b_friction_payload,B,5316,validation,5,held_out_fixed,0.2,0.18,-0.3,0.18306814447998043,0.141648243884383,-0.3118918292773442,0.19780551525886408,0.183955547607683,-0.26941657726166307,0.054157622539994676,0.0541677353979204,0.07463179219793606,True,,1.0,
tier_b_friction_payload,B,5317,validation,5,held_out_fixed,0.2,0.18,-0.3,0.18562206474530538,0.13911756754966648,-0.31149536906490777,0.19831712419466024,0.18320038782842313,-0.2686365013172911,0.05415790861756124,0.05417077486919117,0.0746368139974531,True,,1.0,
tier_b_friction_payload,B,5318,validation,5,held_out_fixed,0.2,0.18,-0.3,0.16925496924198943,0.11421718763395228,-0.30635222625925596,0.20062488763726882,0.1844357143583063,-0.2700489550829963,0.05415866626961702,0.054170644739113684,0.07463952054416176,True,,0.8,
tier_b_friction_payload,B,5319,validation,5,held_out_fixed,0.2,0.18,-0.3,0.18345706403341752,0.1341340998612309,-0.3090909336688871,0.19861977118200888,0.18341916209142392,-0.2684749236212778,0.054158645210491144,0.05417137960945853,0.07463696875615203,True,,1.0,
tier_b_friction_payload,B,5320,validation,5,held_out_fixed,0.2,0.18,-0.3,0.1830205187654128,0.1415302906543488,-0.3060884786678453,0.20101594679503554,0.18483694533943099,-0.26983469718602054,0.05415961527909214,0.05416980592247914,0.07463548056630827,True,,1.0,
tier_b_friction_payload,B,5301,validation,6,held_out_fixed,0.2,0.18,0.3,0.11947336786418429,0.12784176376946108,0.2072997932863684,0.19803746676576076,0.17613117222231228,0.2663125462201673,0.05401613204366685,0.054019517282268996,0.07455898712938454,True,,0.8285714285714286,
tier_b_friction_payload,B,5302,validation,6,held_out_fixed,0.2,0.18,0.3,0.11982294083732022,0.128092329324749,0.20830099619830875,0.19810472663827736,0.1754313445788641,0.2661623036790867,0.053983396774018214,0.05401213839963803,0.0745370533840685,True,,0.8285714285714286,
tier_b_friction_payload,B,5303,validation,6,held_out_fixed,0.2,0.18,0.3,0.12076789611410249,0.12768344886761732,0.204410415934888,0.19828510929741378,0.1760305165502247,0.26724705544564065,0.053980942393430084,0.05400896804144573,0.07454019418677343,True,,0.9142857142857143,
tier_b_friction_payload,B,5304,validation,6,held_out_fixed,0.2,0.18,0.3,0.15017743722166443,0.12851119290782595,0.21020530862099807,0.19569222434805827,0.17001302827220333,0.2614974372912742,0.05397975794462958,0.05399238069233413,0.07453049255969123,True,,1.0,
tier_b_friction_payload,B,5305,validation,6,held_out_fixed,0.2,0.18,0.3,0.11846673819305789,0.12715179402658527,0.20234903627167924,0.19882848733352307,0.17651912857638044,0.2663601768208152,0.053981286196619085,0.05401043538459991,0.07455271257756368,True,,0.8,
tier_b_friction_payload,B,5306,validation,6,held_out_fixed,0.2,0.18,0.3,0.11682356713079134,0.12625538065977873,0.19416971388977936,0.19789434127231686,0.17511254000799387,0.2662971447346074,0.05398147314006413,0.05401040383922769,0.07455144001472433,True,,1.0,
tier_b_friction_payload,B,5307,validation,6,held_out_fixed,0.2,0.18,0.3,0.1396139116813109,0.11865660340585374,0.20283093028460225,0.19881275654685887,0.1760569683739192,0.2664641057171468,0.05398515956805896,0.054012019200592475,0.07454464862814404,True,,1.0,
tier_b_friction_payload,B,5308,validation,6,held_out_fixed,0.2,0.18,0.3,0.12377602500173873,0.12585027717073732,0.20915987256302543,0.19811304617991105,0.17569938603992877,0.2651827299242393,0.05398082286688444,0.05400906460577962,0.0745425034017684,True,,0.9142857142857143,
tier_b_friction_payload,B,5309,validation,6,held_out_fixed,0.2,0.18,0.3,0.11490833473039028,0.12147255219485589,0.19344185555955706,0.19914315474130515,0.1758775764474969,0.26649776038243456,0.053980979133803925,0.054010080196765696,0.07455202951696402,True,,0.7714285714285715,
tier_b_friction_payload,B,5310,validation,6,held_out_fixed,0.2,0.18,0.3,0.11493488224127316,0.12158398466898794,0.19350690730505996,0.19869185206900308,0.17716402897277186,0.26607562033999466,0.05398478726665382,0.054010960073280496,0.07454240836960498,True,,0.7714285714285715,
tier_b_friction_payload,B,5311,validation,6,held_out_fixed,0.2,0.18,0.3,0.11548805160147749,0.1228424179104056,0.19255488819483982,0.19898894450982393,0.1769228287757236,0.2665986612372293,0.05398400142556871,0.05400849796058102,0.07453980199084274,True,,0.8285714285714286,
tier_b_friction_payload,B,5312,validation,6,held_out_fixed,0.2,0.18,0.3,0.11510797797022845,0.12245969298210946,0.19267162748587183,0.19886674159321152,0.17713707689003427,0.26607135033302276,0.05398422963487541,0.05401329615534455,0.0745500279365295,True,,0.8285714285714286,
tier_b_friction_payload,B,5313,validation,6,held_out_fixed,0.2,0.18,0.3,0.13835974899694764,0.11841891480935075,0.20185762801754936,0.191166571865964,0.16727045155007852,0.25807492392892106,0.05400374804137147,0.054022978255067355,0.07455636964884492,True,,1.0,
tier_b_friction_payload,B,5314,validation,6,held_out_fixed,0.2,0.18,0.3,0.11957275509604468,0.12712078073269112,0.19571153699719077,0.1987181566485843,0.17655039427850697,0.2660009113274366,0.05398130879989959,0.05401022605483015,0.07455119700565473,True,,1.0,
tier_b_friction_payload,B,5315,validation,6,held_out_fixed,0.2,0.18,0.3,0.1396827832306283,0.11861770951993623,0.20305309210198483,0.19884149343917726,0.17709325889535046,0.26816121009853533,0.05398463311220722,0.054008331353483124,0.07454239086933512,True,,1.0,
tier_b_friction_payload,B,5316,validation,6,held_out_fixed,0.2,0.18,0.3,0.1377381118843457,0.11791527189227385,0.20122753347702904,0.1960086695903919,0.1730913972322635,0.2634953818939234,0.05397888991874406,0.05398619879190638,0.07452369401624895,True,,1.0,
tier_b_friction_payload,B,5317,validation,6,held_out_fixed,0.2,0.18,0.3,0.13076602864378933,0.13075252092540754,0.20366339304031134,0.19625488801547453,0.17787049758059686,0.26444358830290793,0.05398117127985392,0.0540130581487422,0.07455081094132837,True,,0.9714285714285714,
tier_b_friction_payload,B,5318,validation,6,held_out_fixed,0.2,0.18,0.3,0.14208095671705342,0.11858524036149039,0.2020245583686568,0.1990938535766828,0.17670560819428818,0.2665979006113764,0.05398512978786571,0.05401144279542565,0.07454558847297017,True,,1.0,
tier_b_friction_payload,B,5319,validation,6,held_out_fixed,0.2,0.18,0.3,0.11401201013780743,0.1175768958503715,0.18812204039679395,0.19836926568507662,0.17648768650603794,0.26644262426721627,0.05398391885335697,0.05401339590717537,0.07454839538747646,True,,0.8,
tier_b_friction_payload,B,5320,validation,6,held_out_fixed,0.2,0.18,0.3,0.1505715283306412,0.13123450821006255,0.21714026400152187,0.19967796845075383,0.17687487457143927,0.2655333401764277,0.05398155661647251,0.05400264843304622,0.07453815460974114,True,,1.0,
tier_b_friction_payload,B,5301,validation,7,held_out_fixed,0.35,0.0,-0.5,0.3752842368713067,-0.004852936217534336,-0.4839740721535579,0.3495481382614787,0.01905119847146848,-0.40007209031464286,0.058535815758912556,0.058550723879732626,0.07867455866320104,True,,1.0,
tier_b_friction_payload,B,5302,validation,7,held_out_fixed,0.35,0.0,-0.5,0.3760500991485831,-0.005400222195166904,-0.4906091340136664,0.34821740485921054,0.01579641502718809,-0.4008394308894001,0.058535530137227135,0.05855359133969816,0.0786753289161031,True,,1.0,
tier_b_friction_payload,B,5303,validation,7,held_out_fixed,0.35,0.0,-0.5,0.37615454278063293,-0.0063166709760129796,-0.48850525567222064,0.35019335498026316,0.019644419258063456,-0.4013574759150859,0.058533368187460376,0.05854980471722562,0.07867444257305763,True,,1.0,
tier_b_friction_payload,B,5304,validation,7,held_out_fixed,0.35,0.0,-0.5,0.3760596387646298,-0.005358470406491785,-0.4906689967635848,0.3490174843304073,0.016012535571020673,-0.3996806466442301,0.05853411997120328,0.058551741346283104,0.07867336860908987,True,,1.0,
tier_b_friction_payload,B,5305,validation,7,held_out_fixed,0.35,0.0,-0.5,0.3751801147085628,-0.0048804198032557635,-0.48395159230421947,0.3498636738804396,0.0188007024168578,-0.40055501034036867,0.058533688050047536,0.05855063154344158,0.07867482955318149,True,,1.0,
tier_b_friction_payload,B,5306,validation,7,held_out_fixed,0.35,0.0,-0.5,0.3752775217242564,-0.004833731970724654,-0.48373655447233926,0.3480653869691363,0.016886242835006615,-0.4001367203644942,0.05853495535443748,0.05855237959724156,0.07867408463268526,True,,1.0,
tier_b_friction_payload,B,5307,validation,7,held_out_fixed,0.35,0.0,-0.5,0.3761152480659255,-0.005046030956727831,-0.4831428515502406,0.349975821791445,0.01949151784340495,-0.4006110700708018,0.05853380993705964,0.058550642885915404,0.07867173341556982,True,,1.0,
tier_b_friction_payload,B,5308,validation,7,held_out_fixed,0.35,0.0,-0.5,0.37644251166955456,-0.006170699677620935,-0.4876573662945006,0.34914301304570666,0.01905046570558649,-0.4010995934450323,0.05853480517207819,0.05855218201058046,0.07867352901240073,True,,1.0,
tier_b_friction_payload,B,5309,validation,7,held_out_fixed,0.35,0.0,-0.5,0.37604179602967674,-0.005331103280467976,-0.4906220532332262,0.35013298978147467,0.01790190214298921,-0.40030210263759314,0.05853399835846018,0.05855089814578856,0.0786730514234028,True,,1.0,
tier_b_friction_payload,B,5310,validation,7,held_out_fixed,0.35,0.0,-0.5,0.3760518898912535,-0.0053558114134316034,-0.4906224178944761,0.34955639497707414,0.02004782271162356,-0.4003925843047806,0.058533979956923644,0.058549373211059894,0.07867098947207127,True,,1.0,
tier_b_friction_payload,B,5311,validation,7,held_out_fixed,0.35,0.0,-0.5,0.3752660950107453,-0.004840555133371683,-0.4837419919612216,0.3494954548637022,0.019346429584187252,-0.40001911780275834,0.05853359560830792,0.05854995303359957,0.0786737398644283,True,,1.0,
tier_b_friction_payload,B,5312,validation,7,held_out_fixed,0.35,0.0,-0.5,0.376048622260674,-0.005096893417510682,-0.48302824418314,0.3490007611245795,0.01951002968200206,-0.40043523347480686,0.058533151124239825,0.05855073429337291,0.0786731586468176,True,,1.0,
tier_b_friction_payload,B,5313,validation,7,held_out_fixed,0.35,0.0,-0.5,0.3727187138941126,-0.0065747247629981955,-0.4796148510831674,0.3513943167506579,0.022260645392508195,-0.39963880285968684,0.05853461788660511,0.058551214652097845,0.07867417945953407,True,,1.0,
tier_b_friction_payload,B,5314,validation,7,held_out_fixed,0.35,0.0,-0.5,0.3752519843986083,-0.004846888937563954,-0.4837828688901785,0.3495812701652167,0.018706143798125567,-0.39998873564446813,0.05853349021527922,0.058550902106074505,0.07867240338984763,True,,1.0,
tier_b_friction_payload,B,5315,validation,7,held_out_fixed,0.35,0.0,-0.5,0.3760847104341629,-0.0053821978445281115,-0.4908062004031251,0.3506987815097587,0.021626695942439163,-0.40112264579474904,0.05853364775219197,0.05855012701961858,0.07867278278224589,True,,1.0,
tier_b_friction_payload,B,5316,validation,7,held_out_fixed,0.35,0.0,-0.5,0.3727265464279461,-0.006577537786971824,-0.4796619803664187,0.35033730243497263,0.020385274378503498,-0.4004971564424417,0.05853305068859704,0.05854864194365253,0.07867125623269637,True,,1.0,
tier_b_friction_payload,B,5317,validation,7,held_out_fixed,0.35,0.0,-0.5,0.37386388877034316,-0.005341577716701609,-0.4821257436358985,0.3477911761924315,0.0215452208951288,-0.4007679865663514,0.05853279830965746,0.05855002506228873,0.07867181013714822,True,,1.0,
tier_b_friction_payload,B,5318,validation,7,held_out_fixed,0.35,0.0,-0.5,0.37407396516741964,-0.005582195722886996,-0.4811288939018194,0.35124665198996824,0.020158556320921988,-0.4019564802226866,0.0585337435255515,0.05855025383368869,0.0786758974827444,True,,1.0,
tier_b_friction_payload,B,5319,validation,7,held_out_fixed,0.35,0.0,-0.5,0.3760511611050368,-0.005370045866018892,-0.4906378092202477,0.349348209885003,0.019438556243956392,-0.400073488435218,0.05853357447998809,0.05855068313904557,0.07867253091065347,True,,1.0,
tier_b_friction_payload,B,5320,validation,7,held_out_fixed,0.35,0.0,-0.5,0.3760573962554044,-0.005358979569191775,-0.49065851671591854,0.35065394237170294,0.019268687483959795,-0.4006040555324314,0.05853443228668818,0.05855073815099474,0.07867422907476013,True,,1.0,
tier_b_friction_payload,B,5301,validation,8,held_out_fixed,0.35,0.0,0.5,0.3228841118712028,0.029283543769777997,0.44669748224894773,0.36111188900531643,-0.003929797168500876,0.4142513239583484,0.057610890321157,0.05762312285597698,0.07805015480468536,True,,1.0,
tier_b_friction_payload,B,5302,validation,8,held_out_fixed,0.35,0.0,0.5,0.34912077342116477,0.017256835526949107,0.4463721338085216,0.3607339141862498,-0.004141334544291,0.4154905899120435,0.05760126167651549,0.057623913569706475,0.07805089778741611,True,,1.0,
tier_b_friction_payload,B,5303,validation,8,held_out_fixed,0.35,0.0,0.5,0.32548923720552925,0.024855809927394123,0.4461785825581034,0.3615284959253446,-0.003945080494038091,0.41573605537804953,0.05760137456709183,0.0576224676256383,0.07805222472182845,True,,1.0,
tier_b_friction_payload,B,5304,validation,8,held_out_fixed,0.35,0.0,0.5,0.3480613778812518,0.01639400951587552,0.4421999295080673,0.3597108242873138,-0.006899442671932257,0.41169170354576967,0.05760037078554712,0.05761769208529243,0.07804999357772595,True,,1.0,
tier_b_friction_payload,B,5305,validation,8,held_out_fixed,0.35,0.0,0.5,0.32785925145157924,0.02377825265608423,0.4625052912776417,0.36119697389939265,-0.004422558460205952,0.4156246136120434,0.057601350731578536,0.05762280109047275,0.07805503010658656,True,,1.0,
tier_b_friction_payload,B,5306,validation,8,held_out_fixed,0.35,0.0,0.5,0.3277686056196545,0.023650577628235456,0.4622571969262627,0.36136087369438663,-0.003936031229508565,0.41411256699028837,0.05760128822031295,0.05762009171303557,0.07804686155694698,True,,1.0,
tier_b_friction_payload,B,5307,validation,8,held_out_fixed,0.35,0.0,0.5,0.3245438818483241,0.0298036397499101,0.4484222480943355,0.36210339478113385,-0.003723481454995064,0.4134667165799332,0.0576026244812363,0.05762386958256067,0.07804546490305031,True,,1.0,
tier_b_friction_payload,B,5308,validation,8,held_out_fixed,0.35,0.0,0.5,0.34889688352683473,0.016351071751118867,0.4437921424395546,0.3608423365749912,-0.004567928295393451,0.41412656663620895,0.05759996047976579,0.05761982659391795,0.07804405825322884,True,,1.0,
tier_b_friction_payload,B,5309,validation,8,held_out_fixed,0.35,0.0,0.5,0.3489078465482367,0.015675945564265503,0.4432614438245787,0.36228824266921106,-0.0051017421201912105,0.41411431572474433,0.057597587292450916,0.05761946439285422,0.07804877381595951,True,,1.0,
tier_b_friction_payload,B,5310,validation,8,held_out_fixed,0.35,0.0,0.5,0.32768511739564193,0.023592935659264153,0.4621924448903183,0.3612215282342727,-0.00420324776998303,0.4139084653018278,0.05760264516818379,0.05761842796422649,0.07803792469216884,True,,1.0,
tier_b_friction_payload,B,5311,validation,8,held_out_fixed,0.35,0.0,0.5,0.32796676186105655,0.02370996012361273,0.4619916999357478,0.36089152841671635,-0.0038445071415766753,0.41537842772449174,0.05760298282078854,0.05762280841329803,0.07805186723211112,True,,1.0,
tier_b_friction_payload,B,5312,validation,8,held_out_fixed,0.35,0.0,0.5,0.32779682165841195,0.023695276878263713,0.4622799934030279,0.3611296195654584,-0.004442940577748297,0.4144316063367511,0.05760271730268675,0.057621564877275315,0.0780468736076409,True,,1.0,
tier_b_friction_payload,B,5313,validation,8,held_out_fixed,0.35,0.0,0.5,0.32550012762048014,0.024927033113700047,0.4462250052562671,0.35748252565264393,-0.009062605850194522,0.4097008776745818,0.05760942495208072,0.05762745195935275,0.07805781431583775,True,,1.0,
tier_b_friction_payload,B,5314,validation,8,held_out_fixed,0.35,0.0,0.5,0.3415640304957566,0.02251102062994336,0.43482988923365035,0.3611893402983782,-0.004482488828368077,0.41413891191314156,0.05760166908793846,0.057620537664092135,0.07804708499403291,True,,1.0,
tier_b_friction_payload,B,5315,validation,8,held_out_fixed,0.35,0.0,0.5,0.3244543332466022,0.029788942413721525,0.4483265401515193,0.36216683978154435,-0.0051496241195123325,0.4118187882900799,0.0576033743454813,0.05761838343058393,0.0780377168174872,True,,1.0,
tier_b_friction_payload,B,5316,validation,8,held_out_fixed,0.35,0.0,0.5,0.3271942130916155,0.024887690602722296,0.44568324263578446,0.36024018380928235,-0.007746497812053543,0.4117058011048063,0.05760071361605312,0.05761243025623354,0.07803824516180757,True,,1.0,
tier_b_friction_payload,B,5317,validation,8,held_out_fixed,0.35,0.0,0.5,0.3494327052047507,0.0159200419954511,0.43997935358874685,0.3542741650236776,0.0028809571852782033,0.4085916211211168,0.057600067480262786,0.05762273710079291,0.0780372590698634,True,,1.0,
tier_b_friction_payload,B,5318,validation,8,held_out_fixed,0.35,0.0,0.5,0.3236357078371205,0.029924205678935962,0.44698172666687297,0.36097923607980065,-0.004472869557224723,0.4158841494535552,0.057602455993665654,0.05762284942723493,0.07805292870604438,True,,1.0,
tier_b_friction_payload,B,5319,validation,8,held_out_fixed,0.35,0.0,0.5,0.3278819286538119,0.025490820885429175,0.4436769753313073,0.3612485608475083,-0.0037753183963852694,0.4137012967037988,0.057600838481276555,0.05761947943133441,0.07804241899647872,True,,1.0,
tier_b_friction_payload,B,5320,validation,8,held_out_fixed,0.35,0.0,0.5,0.3320871562071616,0.03307248453334185,0.4424244889651375,0.36060618362870317,-0.005433333610722045,0.4148915211223808,0.057600366289886774,0.05761997169983408,0.07805218281245399,True,,1.0,
