run_id,planned_unit_id,attempt_id,block_id,method_id,map_id,shift_id,stage,trial_index,command_id,planned_command,sent_command,measured_velocity,covariance,valid,reason,update_enabled,update_applied,posterior_before,posterior_after,posterior_path,measure_start,measure_end,sample_count,freshness_rule_version,reference_max_age_ms,reference_age_p95_ms,reference_age_exceedance_count,reference_age_longest_exceedance_run,reference_measure_age_p95_ms,reference_measure_age_exceedance_count,reference_measure_age_longest_exceedance_run,reference_measure_max_gap_ms,reference_max_gap_ms,scan_max_age_ms,scan_age_p95_ms,scan_max_gap_ms,detector_statistic,detector_alarm,recovery_index,validation_rmse,bag_path,status,terminal_reason,created_at
p8_shift_official_20260822_r39,R1_command_gain_coupling_SHIFT_BLOCK_02_frozen_PRE_CALIBRATION_01,R1_command_gain_coupling_SHIFT_BLOCK_02_frozen_PRE_CALIBRATION_01_attempt_01,SHIFT_BLOCK_02,frozen,,R1_command_gain_coupling,pre_calibration,1,PRE_001,"[0.351562, 0.023457, -0.31104]","[0.351562, 0.023457, -0.31104]","[0.2970723500002056, -0.013998832138150119, -0.24840560678752796]","[[4.980869659878318e-06, -2.798304683873654e-06, 0.0], [-2.798304683873654e-06, 9.729003300007577e-06, 0.0], [0.0, 0.0, 4.72478474600312e-06]]",True,,True,True,0,1,/home/unitree/lly/p8_real/p8_shift_official_20260822_r39/posterior/R1_command_gain_coupling_SHIFT_BLOCK_02_frozen_PRE_CALIBRATION_01_v0001.npz,1787332123.514028,1787332125.514066,40,p8_trial_freshness_v2,88.82808685302734,80.60407638549805,0,0,83.14638137817383,0,0,70.50919532775879,70.50919532775879,64.08214569091797,53.853750228881836,60.60385704040527,,,,,/home/unitree/lly/p8_real/p8_shift_official_20260822_r39/bags/R1_command_gain_coupling_SHIFT_BLOCK_02_frozen_part_01,SUCCESS,completed,2026-08-21T17:08:46Z
p8_shift_official_20260822_r39,R1_command_gain_coupling_SHIFT_BLOCK_02_frozen_PRE_CALIBRATION_02,R1_command_gain_coupling_SHIFT_BLOCK_02_frozen_PRE_CALIBRATION_02_attempt_01,SHIFT_BLOCK_02,frozen,,R1_command_gain_coupling,pre_calibration,2,PRE_002,"[-0.398438, 0.223457, 0.00896]","[-0.398438, 0.223457, 0.00896]","[-0.3405095186393508, 0.17518102292767956, 0.00018622189974982578]","[[1.0233137419562297e-06, -3.059505153731719e-07, 0.0], [-3.0595051537317193e-07, 1.0498532154100342e-06, 0.0], [0.0, 0.0, 7.813037431109823e-07]]",True,,True,True,1,2,/home/unitree/lly/p8_real/p8_shift_official_20260822_r39/posterior/R1_command_gain_coupling_SHIFT_BLOCK_02_frozen_PRE_CALIBRATION_02_v0002.npz,1787332127.5767312,1787332129.5767665,40,p8_trial_freshness_v2,96.47512435913086,87.79454231262207,0,0,84.8598837852478,0,0,70.90473175048828,70.90473175048828,74.41878318786621,56.80227279663086,61.869144439697266,,,,,/home/unitree/lly/p8_real/p8_shift_official_20260822_r39/bags/R1_command_gain_coupling_SHIFT_BLOCK_02_frozen_part_01,SUCCESS,completed,2026-08-21T17:08:50Z
p8_shift_official_20260822_r39,R1_command_gain_coupling_SHIFT_BLOCK_02_frozen_PRE_CALIBRATION_03,R1_command_gain_coupling_SHIFT_BLOCK_02_frozen_PRE_CALIBRATION_03_attempt_01,SHIFT_BLOCK_02,frozen,,R1_command_gain_coupling,pre_calibration,3,PRE_003,"[0.201562, -0.109877, 0.32896]","[0.201562, -0.109877, 0.32896]","[0.1422042214506378, -0.0020069988069073667, 0.3253717159200577]","[[3.928942036760392e-06, 1.5873222667253068e-07, 0.0], [1.5873222667253058e-07, 2.9194095423055024e-06, 0.0], [0.0, 0.0, 3.6511291177758747e-06]]",True,,True,True,2,3,/home/unitree/lly/p8_real/p8_shift_official_20260822_r39/posterior/R1_command_gain_coupling_SHIFT_BLOCK_02_frozen_PRE_CALIBRATION_03_v0003.npz,1787332131.6025898,1787332133.6026192,40,p8_trial_freshness_v2,92.51856803894043,82.69762992858887,0,0,78.09445858001709,0,0,62.192440032958984,74.26023483276367,69.84496116638184,53.03597450256348,69.6713924407959,,,,,/home/unitree/lly/p8_real/p8_shift_official_20260822_r39/bags/R1_command_gain_coupling_SHIFT_BLOCK_02_frozen_part_01,SUCCESS,completed,2026-08-21T17:08:54Z
p8_shift_official_20260822_r39,R1_command_gain_coupling_SHIFT_BLOCK_02_frozen_PRE_CALIBRATION_04,R1_command_gain_coupling_SHIFT_BLOCK_02_frozen_PRE_CALIBRATION_04_attempt_01,SHIFT_BLOCK_02,frozen,,R1_command_gain_coupling,pre_calibration,4,PRE_004,"[-0.098437, 0.090123, 0.64896]","[-0.098437, 0.090123, 0.64896]","[-0.05341758706007106, 0.06722527874430378, 0.5458171246672696]","[[2.9989288831246473e-06, 9.577048895475753e-08, 0.0], [9.577048895475758e-08, 2.4468929376884e-06, 0.0], [0.0, 0.0, 4.2641785428266636e-06]]",True,,True,True,3,4,/home/unitree/lly/p8_real/p8_shift_official_20260822_r39/posterior/R1_command_gain_coupling_SHIFT_BLOCK_02_frozen_PRE_CALIBRATION_04_v0004.npz,1787332135.6333566,1787332137.6334016,40,p8_trial_freshness_v2,90.33536911010742,84.63883399963379,0,0,78.84658575057983,0,0,62.22367286682129,69.9014663696289,56.84971809387207,51.60379409790039,62.86120414733887,,,,,/home/unitree/lly/p8_real/p8_shift_official_20260822_r39/bags/R1_command_gain_coupling_SHIFT_BLOCK_02_frozen_part_01,SUCCESS,completed,2026-08-21T17:08:58Z
p8_shift_official_20260822_r39,R1_command_gain_coupling_SHIFT_BLOCK_02_frozen_PRE_CALIBRATION_05,R1_command_gain_coupling_SHIFT_BLOCK_02_frozen_PRE_CALIBRATION_05_attempt_01,SHIFT_BLOCK_02,frozen,,R1_command_gain_coupling,pre_calibration,5,PRE_005,"[0.501563, 0.290123, -0.56704]","[0.501563, 0.290123, -0.56704]","[0.48988265106136825, 0.157883697599841, -0.4761390812304262]","[[1.2388693801144791e-05, -3.6277385561258876e-05, 0.0], [-3.627738556125887e-05, 0.00014507397247126065, 0.0], [0.0, 0.0, 7.101712607871068e-06]]",True,,True,True,4,5,/home/unitree/lly/p8_real/p8_shift_official_20260822_r39/posterior/R1_command_gain_coupling_SHIFT_BLOCK_02_frozen_PRE_CALIBRATION_05_v0005.npz,1787332139.6854193,1787332141.6854534,40,p8_trial_freshness_v2,110.40568351745605,83.55429172515869,0,0,79.38307523727416,0,0,66.1017894744873,67.51799583435059,83.76574516296387,61.78760528564453,62.01648712158203,,,,,/home/unitree/lly/p8_real/p8_shift_official_20260822_r39/bags/R1_command_gain_coupling_SHIFT_BLOCK_02_frozen_part_01,SUCCESS,completed,2026-08-21T17:09:02Z
p8_shift_official_20260822_r39,R1_command_gain_coupling_SHIFT_BLOCK_02_frozen_PRE_CALIBRATION_06,R1_command_gain_coupling_SHIFT_BLOCK_02_frozen_PRE_CALIBRATION_06_attempt_01,SHIFT_BLOCK_02,frozen,,R1_command_gain_coupling,pre_calibration,6,PRE_006,"[-0.473437, -0.280247, -0.24704]","[-0.473437, -0.280247, -0.24704]","[-0.41307252427213226, -0.22866845305493597, -0.16961043171309714]","[[1.3192857248361115e-05, -5.425236423026635e-07, 0.0], [-5.425236423026634e-07, 1.1663095742597047e-05, 0.0], [0.0, 0.0, 1.1653206434700193e-06]]",True,,True,True,5,6,/home/unitree/lly/p8_real/p8_shift_official_20260822_r39/posterior/R1_command_gain_coupling_SHIFT_BLOCK_02_frozen_PRE_CALIBRATION_06_v0006.npz,1787332143.7179863,1787332145.7180126,40,p8_trial_freshness_v2,100.57401657104492,88.77801895141602,0,0,84.61838960647582,0,0,68.4962272644043,69.8237419128418,71.5487003326416,54.77142333984375,63.25578689575195,,,,,/home/unitree/lly/p8_real/p8_shift_official_20260822_r39/bags/R1_command_gain_coupling_SHIFT_BLOCK_02_frozen_part_01,SUCCESS,completed,2026-08-21T17:09:06Z
p8_shift_official_20260822_r39,R1_command_gain_coupling_SHIFT_BLOCK_02_frozen_PRE_CALIBRATION_07,R1_command_gain_coupling_SHIFT_BLOCK_02_frozen_PRE_CALIBRATION_07_attempt_01,SHIFT_BLOCK_02,frozen,,R1_command_gain_coupling,pre_calibration,7,PRE_007,"[0.126563, -0.080247, 0.07296]","[0.126563, -0.080247, 0.07296]","[0.006621671869996639, 0.0012080204011071238, 0.006011980668324883]","[[1.3733754767426912e-07, 8.203462019179548e-09, 0.0], [8.20346201917955e-09, 1.8926297881309458e-07, 0.0], [0.0, 0.0, 3.9996035508863486e-07]]",True,,True,True,6,7,/home/unitree/lly/p8_real/p8_shift_official_20260822_r39/posterior/R1_command_gain_coupling_SHIFT_BLOCK_02_frozen_PRE_CALIBRATION_07_v0007.npz,1787332147.7491586,1787332149.7492054,40,p8_trial_freshness_v2,99.39336776733398,84.18703079223633,0,0,84.9548816680908,0,0,87.48936653137207,87.48936653137207,60.44769287109375,54.13922071456909,63.542842864990234,,,,,/home/unitree/lly/p8_real/p8_shift_official_20260822_r39/bags/R1_command_gain_coupling_SHIFT_BLOCK_02_frozen_part_01,SUCCESS,completed,2026-08-21T17:09:10Z
p8_shift_official_20260822_r39,R1_command_gain_coupling_SHIFT_BLOCK_02_frozen_PRE_CALIBRATION_08,R1_command_gain_coupling_SHIFT_BLOCK_02_frozen_PRE_CALIBRATION_08_attempt_01,SHIFT_BLOCK_02,frozen,,R1_command_gain_coupling,pre_calibration,8,PRE_008,"[-0.173437, 0.119753, 0.39296]","[-0.173437, 0.119753, 0.39296]","[-0.1094676135078067, 0.10747640395417195, 0.3217873546355774]","[[4.761272691502131e-06, 2.9709818575336805e-06, 0.0], [2.9709818575336805e-06, 4.8755628071174655e-06, 0.0], [0.0, 0.0, 5.288230084723198e-06]]",True,,True,True,7,8,/home/unitree/lly/p8_real/p8_shift_official_20260822_r39/posterior/R1_command_gain_coupling_SHIFT_BLOCK_02_frozen_PRE_CALIBRATION_08_v0008.npz,1787332151.799284,1787332153.7993188,40,p8_trial_freshness_v2,94.27666664123535,86.59005165100098,0,0,83.50452184677123,0,0,73.87900352478027,73.87900352478027,66.32375717163086,55.47380447387695,70.00994682312012,,,,,/home/unitree/lly/p8_real/p8_shift_official_20260822_r39/bags/R1_command_gain_coupling_SHIFT_BLOCK_02_frozen_part_01,SUCCESS,completed,2026-08-21T17:09:14Z
p8_shift_official_20260822_r39,R1_command_gain_coupling_SHIFT_BLOCK_02_frozen_PRE_CALIBRATION_09,R1_command_gain_coupling_SHIFT_BLOCK_02_frozen_PRE_CALIBRATION_09_attempt_01,SHIFT_BLOCK_02,frozen,,R1_command_gain_coupling,pre_calibration,9,PRE_009,"[0.426563, -0.21358, 0.71296]","[0.426563, -0.21358, 0.71296]","[0.3737734390424249, -0.042399946933442845, 0.6576173828805563]","[[6.432811591008017e-05, -9.019320951196219e-06, 0.0], [-9.019320951196217e-06, 7.144579996251892e-05, 0.0], [0.0, 0.0, 4.438642715273107e-06]]",True,,True,True,8,9,/home/unitree/lly/p8_real/p8_shift_official_20260822_r39/posterior/R1_command_gain_coupling_SHIFT_BLOCK_02_frozen_PRE_CALIBRATION_09_v0009.npz,1787332155.8268595,1787332157.826887,40,p8_trial_freshness_v2,93.91403198242188,82.35645294189453,0,0,79.68052625656128,0,0,68.41015815734863,73.1046199798584,66.25628471374512,51.10979080200195,60.87923049926758,,,,,/home/unitree/lly/p8_real/p8_shift_official_20260822_r39/bags/R1_command_gain_coupling_SHIFT_BLOCK_02_frozen_part_01,SUCCESS,completed,2026-08-21T17:09:18Z
p8_shift_official_20260822_r39,R1_command_gain_coupling_SHIFT_BLOCK_02_frozen_PRE_CALIBRATION_10,R1_command_gain_coupling_SHIFT_BLOCK_02_frozen_PRE_CALIBRATION_10_attempt_01,SHIFT_BLOCK_02,frozen,,R1_command_gain_coupling,pre_calibration,10,PRE_010,"[-0.323437, -0.01358, -0.50304]","[-0.323437, -0.01358, -0.50304]","[-0.23601874145743648, -0.03522737208897068, -0.4117610577966692]","[[6.8622561675079405e-06, -5.720248636438973e-06, 0.0], [-5.720248636438972e-06, 1.791270583556451e-05, 0.0], [0.0, 0.0, 7.281013672807552e-07]]",True,,True,True,9,10,/home/unitree/lly/p8_real/p8_shift_official_20260822_r39/posterior/R1_command_gain_coupling_SHIFT_BLOCK_02_frozen_PRE_CALIBRATION_10_v0010.npz,1787332159.8390977,1787332161.839133,41,p8_trial_freshness_v2,98.9217758178711,81.79683685302734,0,0,81.76374435424805,0,0,66.12610816955566,73.5166072845459,61.62452697753906,50.42123794555664,60.80365180969238,,,,,/home/unitree/lly/p8_real/p8_shift_official_20260822_r39/bags/R1_command_gain_coupling_SHIFT_BLOCK_02_frozen_part_01,SUCCESS,completed,2026-08-21T17:09:22Z
p8_shift_official_20260822_r39,R1_command_gain_coupling_SHIFT_BLOCK_02_frozen_PRE_CALIBRATION_11,R1_command_gain_coupling_SHIFT_BLOCK_02_frozen_PRE_CALIBRATION_11_attempt_01,SHIFT_BLOCK_02,frozen,,R1_command_gain_coupling,pre_calibration,11,PRE_011,"[0.276563, 0.18642, -0.18304]","[0.276563, 0.18642, -0.18304]","[0.2260482687758728, 0.08735191968530184, -0.14951249879032677]","[[1.3823065319850059e-06, 6.77061214754164e-07, 0.0], [6.770612147541638e-07, 3.303678744509191e-06, 0.0], [0.0, 0.0, 6.538023303928578e-06]]",True,,True,True,10,11,/home/unitree/lly/p8_real/p8_shift_official_20260822_r39/posterior/R1_command_gain_coupling_SHIFT_BLOCK_02_frozen_PRE_CALIBRATION_11_v0011.npz,1787332163.8885698,1787332165.8886034,41,p8_trial_freshness_v2,106.81700706481934,83.4958553314209,0,0,83.4958553314209,0,0,67.64531135559082,71.7933177947998,74.97048377990723,53.40218544006348,75.05536079406738,,,,,/home/unitree/lly/p8_real/p8_shift_official_20260822_r39/bags/R1_command_gain_coupling_SHIFT_BLOCK_02_frozen_part_01,SUCCESS,completed,2026-08-21T17:09:26Z
p8_shift_official_20260822_r39,R1_command_gain_coupling_SHIFT_BLOCK_02_frozen_PRE_CALIBRATION_12,R1_command_gain_coupling_SHIFT_BLOCK_02_frozen_PRE_CALIBRATION_12_attempt_01,SHIFT_BLOCK_02,frozen,,R1_command_gain_coupling,pre_calibration,12,PRE_012,"[-0.023438, -0.146914, 0.13696]","[-0.023438, -0.146914, 0.13696]","[-0.00507403735977395, -0.012416819023669774, 0.048787274931152855]","[[2.476722590873439e-07, 9.584610062573993e-08, 0.0], [9.584610062573991e-08, 5.568266608004941e-07, 0.0], [0.0, 0.0, 7.283947153320899e-06]]",True,,True,True,11,12,/home/unitree/lly/p8_real/p8_shift_official_20260822_r39/posterior/R1_command_gain_coupling_SHIFT_BLOCK_02_frozen_PRE_CALIBRATION_12_v0012.npz,1787332167.905116,1787332169.9051464,40,p8_trial_freshness_v2,102.83350944519043,87.7077579498291,0,0,87.00215816497801,0,0,72.97110557556152,72.97110557556152,73.58121871948242,57.59341716766357,63.25531005859375,,,,,/home/unitree/lly/p8_real/p8_shift_official_20260822_r39/bags/R1_command_gain_coupling_SHIFT_BLOCK_02_frozen_part_01,SUCCESS,completed,2026-08-21T17:09:30Z
p8_shift_official_20260822_r39,R1_command_gain_coupling_SHIFT_BLOCK_02_frozen_PRE_MONITOR_01,R1_command_gain_coupling_SHIFT_BLOCK_02_frozen_PRE_MONITOR_01_attempt_01,SHIFT_BLOCK_02,frozen,,R1_command_gain_coupling,pre_monitor,1,MON_001,"[0.3, 0.0, 0.0]","[0.3, 0.0, 0.0]","[0.23967035754494664, 0.022155027926716753, 0.028865619956222444]","[[1.0240510773759411e-06, 7.980110994635832e-08, 0.0], [7.98011099463583e-08, 1.2136172478721647e-06, 0.0], [0.0, 0.0, 4.997844071400288e-06]]",True,,False,False,12,12,/home/unitree/lly/p8_real/p8_shift_official_20260822_r39/posterior/R1_command_gain_coupling_SHIFT_BLOCK_02_frozen_PRE_MONITOR_01_v0012.npz,1787332171.9481435,1787332173.9481795,40,p8_trial_freshness_v2,88.6983871459961,83.7864875793457,0,0,83.86867046356201,0,0,62.35074996948242,68.27807426452637,63.45081329345703,52.77400016784668,67.62170791625977,0.4421657742383823,False,,,/home/unitree/lly/p8_real/p8_shift_official_20260822_r39/bags/R1_command_gain_coupling_SHIFT_BLOCK_02_frozen_part_01,SUCCESS,completed,2026-08-21T17:09:34Z
p8_shift_official_20260822_r39,R1_command_gain_coupling_SHIFT_BLOCK_02_frozen_PRE_MONITOR_02,R1_command_gain_coupling_SHIFT_BLOCK_02_frozen_PRE_MONITOR_02_attempt_01,SHIFT_BLOCK_02,frozen,,R1_command_gain_coupling,pre_monitor,2,MON_002,"[0.2, 0.0, 0.4]","[0.2, 0.0, 0.4]","[0.13202796158897342, 0.07628950286360595, 0.39340690971544345]","[[3.198548770446594e-06, -1.3298364572562721e-06, 0.0], [-1.3298364572562723e-06, 5.37346194053109e-06, 0.0], [0.0, 0.0, 5.179905673819725e-06]]",True,,False,False,12,12,/home/unitree/lly/p8_real/p8_shift_official_20260822_r39/posterior/R1_command_gain_coupling_SHIFT_BLOCK_02_frozen_PRE_MONITOR_02_v0012.npz,1787332175.9631965,1787332177.9632308,40,p8_trial_freshness_v2,92.81492233276367,82.3507308959961,0,0,80.42559623718262,0,0,68.6044692993164,70.04618644714355,58.26592445373535,50.73592662811279,60.912132263183594,0.6103758314603028,False,,,/home/unitree/lly/p8_real/p8_shift_official_20260822_r39/bags/R1_command_gain_coupling_SHIFT_BLOCK_02_frozen_part_01,SUCCESS,completed,2026-08-21T17:09:38Z
p8_shift_official_20260822_r39,R1_command_gain_coupling_SHIFT_BLOCK_02_frozen_PRE_MONITOR_03,R1_command_gain_coupling_SHIFT_BLOCK_02_frozen_PRE_MONITOR_03_attempt_01,SHIFT_BLOCK_02,frozen,,R1_command_gain_coupling,pre_monitor,3,MON_003,"[0.2, 0.0, -0.4]","[0.2, 0.0, -0.4]","[0.13677460535759495, -0.047940272728516725, -0.32318860429408]","[[4.91050461361352e-06, 1.8202437595824027e-06, 0.0], [1.8202437595824025e-06, 2.738405458379907e-06, 0.0], [0.0, 0.0, 3.311009941751863e-06]]",True,,False,False,12,12,/home/unitree/lly/p8_real/p8_shift_official_20260822_r39/posterior/R1_command_gain_coupling_SHIFT_BLOCK_02_frozen_PRE_MONITOR_03_v0012.npz,1787332179.978136,1787332181.9781678,40,p8_trial_freshness_v2,91.87698364257812,83.12228918075562,0,0,83.12228918075562,0,0,68.15266609191895,68.15266609191895,55.41706085205078,51.04184150695801,62.036991119384766,0.8696211145692869,False,,,/home/unitree/lly/p8_real/p8_shift_official_20260822_r39/bags/R1_command_gain_coupling_SHIFT_BLOCK_02_frozen_part_01,SUCCESS,completed,2026-08-21T17:09:42Z
p8_shift_official_20260822_r39,R1_command_gain_coupling_SHIFT_BLOCK_02_frozen_PRE_MONITOR_04,R1_command_gain_coupling_SHIFT_BLOCK_02_frozen_PRE_MONITOR_04_attempt_01,SHIFT_BLOCK_02,frozen,,R1_command_gain_coupling,pre_monitor,4,MON_004,"[-0.25, 0.0, 0.0]","[-0.25, 0.0, 0.0]","[-0.17777143154036623, 0.014972394482462126, 0.014676214572292248]","[[1.227364804673778e-06, 9.178979123772248e-08, 0.0], [9.178979123772259e-08, 1.2843450809379801e-06, 0.0], [0.0, 0.0, 4.815488100011078e-07]]",True,,False,False,12,12,/home/unitree/lly/p8_real/p8_shift_official_20260822_r39/posterior/R1_command_gain_coupling_SHIFT_BLOCK_02_frozen_PRE_MONITOR_04_v0012.npz,1787332183.995415,1787332185.9954448,41,p8_trial_freshness_v2,92.9558277130127,82.17358589172363,0,0,81.83479309082031,0,0,70.46961784362793,70.46961784362793,54.50630187988281,50.97775459289551,60.38641929626465,0.6104792093268286,False,,,/home/unitree/lly/p8_real/p8_shift_official_20260822_r39/bags/R1_command_gain_coupling_SHIFT_BLOCK_02_frozen_part_01,SUCCESS,completed,2026-08-21T17:09:46Z
p8_shift_official_20260822_r39,R1_command_gain_coupling_SHIFT_BLOCK_02_frozen_POST_MONITOR_01,R1_command_gain_coupling_SHIFT_BLOCK_02_frozen_POST_MONITOR_01_attempt_01,SHIFT_BLOCK_02,frozen,,R1_command_gain_coupling,post_monitor,1,MON_005,"[0.35, 0.0, 0.25]","[0.307, 0.0, 0.3085]","[0.23905422500345627, 0.060454095143910355, 0.31155233446062086]","[[3.4304046253801682e-06, -4.866655947312487e-06, 0.0], [-4.866655947312487e-06, 1.5030605659776861e-05, 0.0], [0.0, 0.0, 3.6879830724776517e-06]]",True,,False,False,12,12,/home/unitree/lly/p8_real/p8_shift_official_20260822_r39/posterior/R1_command_gain_coupling_SHIFT_BLOCK_02_frozen_POST_MONITOR_01_v0012.npz,1787332188.0184753,1787332190.0185065,40,p8_trial_freshness_v2,96.02904319763184,82.64541625976562,0,0,85.19847393035889,0,0,77.7592658996582,77.7592658996582,54.31556701660156,50.201416015625,56.24794960021973,0.45904194965881295,False,,,/home/unitree/lly/p8_real/p8_shift_official_20260822_r39/bags/R1_command_gain_coupling_SHIFT_BLOCK_02_frozen_part_01,SUCCESS,completed,2026-08-21T17:09:50Z
p8_shift_official_20260822_r39,R1_command_gain_coupling_SHIFT_BLOCK_02_frozen_POST_MONITOR_02,R1_command_gain_coupling_SHIFT_BLOCK_02_frozen_POST_MONITOR_02_attempt_01,SHIFT_BLOCK_02,frozen,,R1_command_gain_coupling,post_monitor,2,MON_006,"[0.35, 0.0, -0.25]","[0.26699999999999996, 0.0, -0.26649999999999996]","[0.20108034324905122, -0.03324675910188772, -0.23663811617717428]","[[4.045064246136835e-06, -2.693426138987358e-07, 0.0], [-2.6934261389873563e-07, 4.572295059552029e-06, 0.0], [0.0, 0.0, 6.690480166365462e-06]]",True,,False,False,12,12,/home/unitree/lly/p8_real/p8_shift_official_20260822_r39/posterior/R1_command_gain_coupling_SHIFT_BLOCK_02_frozen_POST_MONITOR_02_v0012.npz,1787332192.0324068,1787332194.0324347,40,p8_trial_freshness_v2,90.19207954406738,86.19643449783325,0,0,86.64840459823608,0,0,66.10441207885742,66.10441207885742,56.66017532348633,51.90682411193848,58.79569053649902,0.9134314676262613,False,,,/home/unitree/lly/p8_real/p8_shift_official_20260822_r39/bags/R1_command_gain_coupling_SHIFT_BLOCK_02_frozen_part_01,SUCCESS,completed,2026-08-21T17:09:54Z
p8_shift_official_20260822_r39,R1_command_gain_coupling_SHIFT_BLOCK_02_frozen_POST_MONITOR_03,R1_command_gain_coupling_SHIFT_BLOCK_02_frozen_POST_MONITOR_03_attempt_01,SHIFT_BLOCK_02,frozen,,R1_command_gain_coupling,post_monitor,3,MON_007,"[0.15, 0.15, 0.3]","[0.147, 0.135, 0.354]","[0.10864498534479558, 0.1713383934993565, 0.34353342062462333]","[[3.780945907894377e-06, -7.604037911589515e-08, 0.0], [-7.604037911589513e-08, 6.157096684885399e-06, 0.0], [0.0, 0.0, 8.002954539176141e-06]]",True,,False,False,12,12,/home/unitree/lly/p8_real/p8_shift_official_20260822_r39/posterior/R1_command_gain_coupling_SHIFT_BLOCK_02_frozen_POST_MONITOR_03_v0012.npz,1787332196.045597,1787332198.0456324,40,p8_trial_freshness_v2,89.18619155883789,80.95359802246094,0,0,78.18115949630736,0,0,60.21833419799805,60.85395812988281,55.94658851623535,51.153123378753655,62.868356704711914,0.7254252320371363,False,,,/home/unitree/lly/p8_real/p8_shift_official_20260822_r39/bags/R1_command_gain_coupling_SHIFT_BLOCK_02_frozen_part_01,SUCCESS,completed,2026-08-21T17:09:58Z
p8_shift_official_20260822_r39,R1_command_gain_coupling_SHIFT_BLOCK_02_frozen_POST_MONITOR_04,R1_command_gain_coupling_SHIFT_BLOCK_02_frozen_POST_MONITOR_04_attempt_01,SHIFT_BLOCK_02,frozen,,R1_command_gain_coupling,post_monitor,4,MON_008,"[0.15, -0.15, -0.3]","[0.09899999999999999, -0.135, -0.33599999999999997]","[0.0361620589528302, -0.06430517319751033, -0.23574085919032498]","[[3.6390285554050996e-06, -9.246334234211995e-08, 0.0], [-9.246334234211996e-08, 1.1578581437165545e-05, 0.0], [0.0, 0.0, 1.837217688516815e-05]]",True,,False,False,12,12,/home/unitree/lly/p8_real/p8_shift_official_20260822_r39/posterior/R1_command_gain_coupling_SHIFT_BLOCK_02_frozen_POST_MONITOR_04_v0012.npz,1787332200.0598054,1787332202.0598412,40,p8_trial_freshness_v2,89.44177627563477,83.80937576293945,0,0,85.59443950653076,0,0,72.62682914733887,72.62682914733887,56.88285827636719,53.37247848510742,61.10119819641113,0.7513274612466245,False,,,/home/unitree/lly/p8_real/p8_shift_official_20260822_r39/bags/R1_command_gain_coupling_SHIFT_BLOCK_02_frozen_part_01,SUCCESS,completed,2026-08-21T17:10:02Z
p8_shift_official_20260822_r39,R1_command_gain_coupling_SHIFT_BLOCK_02_frozen_POST_MONITOR_05,R1_command_gain_coupling_SHIFT_BLOCK_02_frozen_POST_MONITOR_05_attempt_01,SHIFT_BLOCK_02,frozen,,R1_command_gain_coupling,post_monitor,5,MON_009,"[0.0, 0.0, 0.6]","[0.048, 0.0, 0.69]","[0.015041298776899935, 0.0960246543459848, 0.4052740744718255]","[[2.9796468171515877e-06, -4.954938382730604e-07, 0.0], [-4.954938382730603e-07, 2.316630194485463e-06, 0.0], [0.0, 0.0, 0.0001940393044645249]]",True,,False,False,12,12,/home/unitree/lly/p8_real/p8_shift_official_20260822_r39/posterior/R1_command_gain_coupling_SHIFT_BLOCK_02_frozen_POST_MONITOR_05_v0012.npz,1787332204.0781116,1787332206.0781386,40,p8_trial_freshness_v2,84.82027053833008,82.44589567184448,0,0,82.93455839157104,0,0,63.50994110107422,64.12529945373535,55.01914024353027,47.07670211791992,61.99169158935547,0.7415775286246897,False,,,/home/unitree/lly/p8_real/p8_shift_official_20260822_r39/bags/R1_command_gain_coupling_SHIFT_BLOCK_02_frozen_part_01,SUCCESS,completed,2026-08-21T17:10:06Z
p8_shift_official_20260822_r39,R1_command_gain_coupling_SHIFT_BLOCK_02_frozen_RECOVERY_01,R1_command_gain_coupling_SHIFT_BLOCK_02_frozen_RECOVERY_01_attempt_01,SHIFT_BLOCK_02,frozen,,R1_command_gain_coupling,recovery,1,REC_001,"[-0.097343, 0.220311, 0.040211]","[-0.07660437999999999, 0.1982799, 0.04040206999999999]","[-0.0277546978338749, 0.11767847053398058, 0.040882193789934455]","[[1.0429630987859574e-06, -2.4027613853804724e-07, 0.0], [-2.4027613853804734e-07, 1.6361982417450876e-06, 0.0], [0.0, 0.0, 4.117251759061896e-06]]",True,,False,False,12,12,/home/unitree/lly/p8_real/p8_shift_official_20260822_r39/posterior/R1_command_gain_coupling_SHIFT_BLOCK_02_frozen_RECOVERY_01_v0012.npz,1787332208.0936615,1787332210.0936942,40,p8_trial_freshness_v2,94.31338310241699,84.71226692199707,0,0,83.14225673675537,0,0,61.20896339416504,70.99795341491699,52.2763729095459,49.69334602355957,59.417009353637695,,,1,,/home/unitree/lly/p8_real/p8_shift_official_20260822_r39/bags/R1_command_gain_coupling_SHIFT_BLOCK_02_frozen_part_01,SUCCESS,completed,2026-08-21T17:10:10Z
p8_shift_official_20260822_r39,R1_command_gain_coupling_SHIFT_BLOCK_02_frozen_RECOVERY_VALIDATION_01,R1_command_gain_coupling_SHIFT_BLOCK_02_frozen_RECOVERY_VALIDATION_01_attempt_01,SHIFT_BLOCK_02,frozen,,R1_command_gain_coupling,recovery_validation,1,RVAL_001,"[0.3, 0.0, 0.0]","[0.24599999999999997, 0.0, 0.018]","[0.19015139769711017, 0.02173277756651259, 0.037528730480542755]","[[2.2052306310893454e-06, 3.6597463886268015e-08, 0.0], [3.659746388626804e-08, 2.0050339165354786e-06, 0.0], [0.0, 0.0, 6.771159807421504e-06]]",True,,False,False,12,12,/home/unitree/lly/p8_real/p8_shift_official_20260822_r39/posterior/R1_command_gain_coupling_SHIFT_BLOCK_02_frozen_RECOVERY_VALIDATION_01_v0012.npz,1787332212.108835,1787332214.1088657,40,p8_trial_freshness_v2,91.5224552154541,83.7249755859375,0,0,82.00678825378417,0,0,66.17164611816406,68.42565536499023,55.07373809814453,50.45381784439087,60.41765213012695,,,1,0.04531191268307632,/home/unitree/lly/p8_real/p8_shift_official_20260822_r39/bags/R1_command_gain_coupling_SHIFT_BLOCK_02_frozen_part_01,SUCCESS,completed,2026-08-21T17:10:14Z
p8_shift_official_20260822_r39,R1_command_gain_coupling_SHIFT_BLOCK_02_frozen_RECOVERY_02,R1_command_gain_coupling_SHIFT_BLOCK_02_frozen_RECOVERY_02_attempt_01,SHIFT_BLOCK_02,frozen,,R1_command_gain_coupling,recovery,2,REC_002,"[-0.36868, -0.102524, 0.399757]","[-0.27033704, -0.09227160000000001, 0.43759974999999995]","[-0.1878035845315375, -0.007142771828945196, 0.4469475951002512]","[[9.09015826689868e-06, -3.290961012917657e-06, 0.0], [-3.290961012917657e-06, 8.102587386090831e-06, 0.0], [0.0, 0.0, 1.945393395667979e-06]]",True,,False,False,12,12,/home/unitree/lly/p8_real/p8_shift_official_20260822_r39/posterior/R1_command_gain_coupling_SHIFT_BLOCK_02_frozen_RECOVERY_02_v0012.npz,1787332216.12488,1787332218.124922,40,p8_trial_freshness_v2,88.2573127746582,85.03437042236328,0,0,81.82286024093627,0,0,61.85150146484375,73.29225540161133,56.92124366760254,51.02682113647461,64.77069854736328,,,2,,/home/unitree/lly/p8_real/p8_shift_official_20260822_r39/bags/R1_command_gain_coupling_SHIFT_BLOCK_02_frozen_part_01,SUCCESS,completed,2026-08-21T17:10:18Z
p8_shift_official_20260822_r39,R1_command_gain_coupling_SHIFT_BLOCK_02_frozen_RECOVERY_VALIDATION_02,R1_command_gain_coupling_SHIFT_BLOCK_02_frozen_RECOVERY_VALIDATION_02_attempt_01,SHIFT_BLOCK_02,frozen,,R1_command_gain_coupling,recovery_validation,2,RVAL_002,"[-0.3, 0.0, 0.0]","[-0.24599999999999997, 0.0, -0.018]","[-0.14461784260850014, 0.019136184630347046, 0.026505216766532478]","[[2.0344114782662545e-06, 1.9985102189100965e-08, 0.0], [1.998510218910096e-08, 1.89788475950904e-06, 0.0], [0.0, 0.0, 1.729758177821302e-06]]",True,,False,False,12,12,/home/unitree/lly/p8_real/p8_shift_official_20260822_r39/posterior/R1_command_gain_coupling_SHIFT_BLOCK_02_frozen_RECOVERY_VALIDATION_02_v0012.npz,1787332220.1403131,1787332222.1403847,40,p8_trial_freshness_v2,88.86146545410156,82.50236511230469,0,0,80.08699417114256,0,0,64.56685066223145,69.14854049682617,56.588172912597656,52.04939842224121,58.579444885253906,,,2,0.14753584446764503,/home/unitree/lly/p8_real/p8_shift_official_20260822_r39/bags/R1_command_gain_coupling_SHIFT_BLOCK_02_frozen_part_01,SUCCESS,completed,2026-08-21T17:10:22Z
p8_shift_official_20260822_r39,R1_command_gain_coupling_SHIFT_BLOCK_02_frozen_RECOVERY_03,R1_command_gain_coupling_SHIFT_BLOCK_02_frozen_RECOVERY_03_attempt_01,SHIFT_BLOCK_02,frozen,,R1_command_gain_coupling,recovery,3,REC_003,"[-0.477953, 0.125716, -0.326177]","[-0.41801562, 0.11314439999999999, -0.40378073]","[-0.3414304340984522, 0.04359407060280773, -0.3385758937146689]","[[1.1441061456737629e-05, -2.797106008357007e-06, 0.0], [-2.7971060083570067e-06, 1.2058883612349976e-05, 0.0], [0.0, 0.0, 1.5131720091679871e-06]]",True,,False,False,12,12,/home/unitree/lly/p8_real/p8_shift_official_20260822_r39/posterior/R1_command_gain_coupling_SHIFT_BLOCK_02_frozen_RECOVERY_03_v0012.npz,1787332224.1603603,1787332226.160395,40,p8_trial_freshness_v2,88.02223205566406,83.67061614990234,0,0,83.25043916702269,0,0,72.33953475952148,72.33953475952148,53.240299224853516,51.33004188537598,60.68825721740723,,,3,,/home/unitree/lly/p8_real/p8_shift_official_20260822_r39/bags/R1_command_gain_coupling_SHIFT_BLOCK_02_frozen_part_01,SUCCESS,completed,2026-08-21T17:10:26Z
p8_shift_official_20260822_r39,R1_command_gain_coupling_SHIFT_BLOCK_02_frozen_RECOVERY_VALIDATION_03,R1_command_gain_coupling_SHIFT_BLOCK_02_frozen_RECOVERY_VALIDATION_03_attempt_01,SHIFT_BLOCK_02,frozen,,R1_command_gain_coupling,recovery_validation,3,RVAL_003,"[0.2, 0.15, 0.35]","[0.192, 0.135, 0.4144999999999999]","[0.15523905665638876, 0.12912839809591026, 0.38502642126014014]","[[3.516319671408772e-06, -3.6229453533344655e-06, 0.0], [-3.622945353334466e-06, 9.268926418181877e-06, 0.0], [0.0, 0.0, 4.300053405766795e-06]]",True,,False,False,12,12,/home/unitree/lly/p8_real/p8_shift_official_20260822_r39/posterior/R1_command_gain_coupling_SHIFT_BLOCK_02_frozen_RECOVERY_VALIDATION_03_v0012.npz,1787332228.17445,1787332230.174485,40,p8_trial_freshness_v2,86.07363700866699,83.36067199707031,0,0,83.36067199707031,0,0,65.05107879638672,68.04656982421875,55.207252502441406,51.65362358093262,59.44561958312988,,,3,0.14743667559646567,/home/unitree/lly/p8_real/p8_shift_official_20260822_r39/bags/R1_command_gain_coupling_SHIFT_BLOCK_02_frozen_part_01,SUCCESS,completed,2026-08-21T17:10:30Z
p8_shift_official_20260822_r39,R1_command_gain_coupling_SHIFT_BLOCK_02_frozen_RECOVERY_04,R1_command_gain_coupling_SHIFT_BLOCK_02_frozen_RECOVERY_04_attempt_01,SHIFT_BLOCK_02,frozen,,R1_command_gain_coupling,recovery,4,REC_004,"[0.003522, -0.036775, -0.181409]","[-0.01162468, -0.0330975, -0.20840902999999997]","[-0.0004551057747664177, -0.0022189319705561475, -0.012059506996174179]","[[1.4798282723658773e-07, -1.903996591808094e-10, 0.0], [-1.9039965918080933e-10, 1.125306314037218e-07, 0.0], [0.0, 0.0, 2.2666303358185018e-07]]",True,,False,False,12,12,/home/unitree/lly/p8_real/p8_shift_official_20260822_r39/posterior/R1_command_gain_coupling_SHIFT_BLOCK_02_frozen_RECOVERY_04_v0012.npz,1787332232.1975582,1787332234.1975951,40,p8_trial_freshness_v2,92.99921989440918,84.69176292419434,0,0,89.5368218421936,0,0,74.05543327331543,74.05543327331543,53.887367248535156,50.77563524246216,59.20600891113281,,,4,,/home/unitree/lly/p8_real/p8_shift_official_20260822_r39/bags/R1_command_gain_coupling_SHIFT_BLOCK_02_frozen_part_01,SUCCESS,completed,2026-08-21T17:10:34Z
p8_shift_official_20260822_r39,R1_command_gain_coupling_SHIFT_BLOCK_02_frozen_RECOVERY_VALIDATION_04,R1_command_gain_coupling_SHIFT_BLOCK_02_frozen_RECOVERY_VALIDATION_04_attempt_01,SHIFT_BLOCK_02,frozen,,R1_command_gain_coupling,recovery_validation,4,RVAL_004,"[0.2, -0.15, -0.35]","[0.136, -0.135, -0.39049999999999996]","[0.09562450995124461, -0.10475241144822857, -0.3161094334945805]","[[5.258068763952519e-06, -4.209618810792505e-06, 0.0], [-4.209618810792505e-06, 9.930956172415801e-06, 0.0], [0.0, 0.0, 2.445277461706673e-06]]",True,,False,False,12,12,/home/unitree/lly/p8_real/p8_shift_official_20260822_r39/posterior/R1_command_gain_coupling_SHIFT_BLOCK_02_frozen_RECOVERY_VALIDATION_04_v0012.npz,1787332236.2133448,1787332238.2133808,40,p8_trial_freshness_v2,93.85037422180176,81.22634887695312,0,0,81.23869895935059,0,0,67.3980712890625,68.02487373352051,54.88252639770508,50.17112493515015,61.46860122680664,,,4,0.314282821318941,/home/unitree/lly/p8_real/p8_shift_official_20260822_r39/bags/R1_command_gain_coupling_SHIFT_BLOCK_02_frozen_part_01,SUCCESS,completed,2026-08-21T17:10:38Z
p8_shift_official_20260822_r39,R1_command_gain_coupling_SHIFT_BLOCK_02_frozen_RECOVERY_05,R1_command_gain_coupling_SHIFT_BLOCK_02_frozen_RECOVERY_05_attempt_01,SHIFT_BLOCK_02,frozen,,R1_command_gain_coupling,recovery,5,REC_005,"[-0.553311, 0.272723, 0.7481]","[-0.39386701999999996, 0.2454507, 0.8271163399999999]","[-0.2915509139770816, 0.2583927161432178, 0.768946216012216]","[[3.752129010754682e-05, 5.2814027787500856e-05, 0.0], [5.2814027787500856e-05, 0.0001000756106494959, 0.0], [0.0, 0.0, 1.7384447508533292e-06]]",True,,False,False,12,12,/home/unitree/lly/p8_real/p8_shift_official_20260822_r39/posterior/R1_command_gain_coupling_SHIFT_BLOCK_02_frozen_RECOVERY_05_v0012.npz,1787332240.2334847,1787332242.233527,41,p8_trial_freshness_v2,87.93115615844727,83.48242044448851,0,0,80.21306991577148,0,0,72.50475883483887,72.50475883483887,54.65221405029297,51.69081687927246,59.01074409484863,,,5,,/home/unitree/lly/p8_real/p8_shift_official_20260822_r39/bags/R1_command_gain_coupling_SHIFT_BLOCK_02_frozen_part_01,SUCCESS,completed,2026-08-21T17:10:42Z
p8_shift_official_20260822_r39,R1_command_gain_coupling_SHIFT_BLOCK_02_frozen_RECOVERY_VALIDATION_05,R1_command_gain_coupling_SHIFT_BLOCK_02_frozen_RECOVERY_VALIDATION_05_attempt_01,SHIFT_BLOCK_02,frozen,,R1_command_gain_coupling,recovery_validation,5,RVAL_005,"[-0.2, 0.12, -0.45]","[-0.2, 0.108, -0.5295]","[-0.11578805007522236, 0.0322406391322908, -0.4360549357863251]","[[4.300515305576077e-06, 2.1819464478826353e-06, 0.0], [2.1819464478826353e-06, 4.919914215824344e-06, 0.0], [0.0, 0.0, 1.124348855887846e-06]]",True,,False,False,12,12,/home/unitree/lly/p8_real/p8_shift_official_20260822_r39/posterior/R1_command_gain_coupling_SHIFT_BLOCK_02_frozen_RECOVERY_VALIDATION_05_v0012.npz,1787332244.2485213,1787332246.2485557,40,p8_trial_freshness_v2,95.89242935180664,84.58805084228516,0,0,81.8156361579895,0,0,69.96488571166992,70.30940055847168,54.959774017333984,52.992892265319824,63.05336952209473,,,5,0.058094255480842884,/home/unitree/lly/p8_real/p8_shift_official_20260822_r39/bags/R1_command_gain_coupling_SHIFT_BLOCK_02_frozen_part_01,SUCCESS,completed,2026-08-21T17:10:46Z
p8_shift_official_20260822_r39,R1_command_gain_coupling_SHIFT_BLOCK_02_frozen_RECOVERY_06,R1_command_gain_coupling_SHIFT_BLOCK_02_frozen_RECOVERY_06_attempt_01,SHIFT_BLOCK_02,frozen,,R1_command_gain_coupling,recovery,6,REC_006,"[0.186961, -0.209648, 0.660385]","[0.20613882, -0.1886832, 0.77066041]","[0.1566418527886048, 0.017971942030830596, 0.7465599130137872]","[[2.94709567607364e-06, 2.2285800972428953e-08, 0.0], [2.228580097242895e-08, 1.6337212229608748e-05, 0.0], [0.0, 0.0, 3.978398400481642e-06]]",True,,False,False,12,12,/home/unitree/lly/p8_real/p8_shift_official_20260822_r39/posterior/R1_command_gain_coupling_SHIFT_BLOCK_02_frozen_RECOVERY_06_v0012.npz,1787332248.2662692,1787332250.2663014,40,p8_trial_freshness_v2,97.1059799194336,86.31608486175537,0,0,87.5340461730957,0,0,69.01264190673828,78.39632034301758,56.95152282714844,51.33700370788574,63.4613037109375,,,6,,/home/unitree/lly/p8_real/p8_shift_official_20260822_r39/bags/R1_command_gain_coupling_SHIFT_BLOCK_02_frozen_part_01,SUCCESS,completed,2026-08-21T17:10:50Z
p8_shift_official_20260822_r39,R1_command_gain_coupling_SHIFT_BLOCK_02_frozen_RECOVERY_VALIDATION_06,R1_command_gain_coupling_SHIFT_BLOCK_02_frozen_RECOVERY_VALIDATION_06_attempt_01,SHIFT_BLOCK_02,frozen,,R1_command_gain_coupling,recovery_validation,6,RVAL_006,"[-0.2, -0.12, 0.45]","[-0.128, -0.108, 0.5055]","[-0.042241641500054584, 0.007831634089097211, 0.49956219777957545]","[[4.256690121009228e-06, 1.321496209677482e-06, 0.0], [1.321496209677482e-06, 6.167156837199294e-06, 0.0], [0.0, 0.0, 3.8862223652509825e-06]]",True,,False,False,12,12,/home/unitree/lly/p8_real/p8_shift_official_20260822_r39/posterior/R1_command_gain_coupling_SHIFT_BLOCK_02_frozen_RECOVERY_VALIDATION_06_v0012.npz,1787332252.282383,1787332254.2824123,39,p8_trial_freshness_v2,87.49628067016602,83.6956262588501,0,0,83.74543190002441,0,0,64.20326232910156,65.94109535217285,56.52284622192383,50.604820251464844,59.74149703979492,,,6,0.15851499027248986,/home/unitree/lly/p8_real/p8_shift_official_20260822_r39/bags/R1_command_gain_coupling_SHIFT_BLOCK_02_frozen_part_01,SUCCESS,completed,2026-08-21T17:10:54Z
p8_shift_official_20260822_r39,R1_command_gain_coupling_SHIFT_BLOCK_02_frozen_RECOVERY_07,R1_command_gain_coupling_SHIFT_BLOCK_02_frozen_RECOVERY_07_attempt_01,SHIFT_BLOCK_02,frozen,,R1_command_gain_coupling,recovery,7,REC_007,"[0.544286, -0.285337, -0.745297]","[0.38669075999999997, -0.2568033, -0.82443439]","[0.33247002827184696, -0.31704969808314676, -0.7375700554445057]","[[0.00013581980338890246, 1.97200316416261e-05, 0.0], [1.97200316416261e-05, 6.9127936887279e-05, 0.0], [0.0, 0.0, 2.4579685289557363e-06]]",True,,False,False,12,12,/home/unitree/lly/p8_real/p8_shift_official_20260822_r39/posterior/R1_command_gain_coupling_SHIFT_BLOCK_02_frozen_RECOVERY_07_v0012.npz,1787332256.3010685,1787332258.3011,40,p8_trial_freshness_v2,87.5406265258789,80.44910430908203,0,0,80.51789999008179,0,0,69.25845146179199,69.25845146179199,54.51703071594238,49.49680566787719,59.12590026855469,,,7,,/home/unitree/lly/p8_real/p8_shift_official_20260822_r39/bags/R1_command_gain_coupling_SHIFT_BLOCK_02_frozen_part_01,SUCCESS,completed,2026-08-21T17:10:58Z
p8_shift_official_20260822_r39,R1_command_gain_coupling_SHIFT_BLOCK_02_frozen_RECOVERY_VALIDATION_07,R1_command_gain_coupling_SHIFT_BLOCK_02_frozen_RECOVERY_VALIDATION_07_attempt_01,SHIFT_BLOCK_02,frozen,,R1_command_gain_coupling,recovery_validation,7,RVAL_007,"[0.1, 0.0, 0.6]","[0.13, 0.0, 0.696]","[0.10312641927359975, 0.08560796432160564, 0.6428941181611417]","[[6.307922438248459e-06, -3.011842059329177e-07, 0.0], [-3.0118420593291765e-07, 1.0241835629333635e-05, 0.0], [0.0, 0.0, 4.256480108907875e-06]]",True,,False,False,12,12,/home/unitree/lly/p8_real/p8_shift_official_20260822_r39/posterior/R1_command_gain_coupling_SHIFT_BLOCK_02_frozen_RECOVERY_VALIDATION_07_v0012.npz,1787332260.315847,1787332262.315881,40,p8_trial_freshness_v2,90.59929847717285,80.81889152526855,0,0,77.34352350234984,0,0,69.9455738067627,69.9455738067627,51.90396308898926,50.08196830749512,55.39512634277344,,,7,0.07185301542831245,/home/unitree/lly/p8_real/p8_shift_official_20260822_r39/bags/R1_command_gain_coupling_SHIFT_BLOCK_02_frozen_part_01,SUCCESS,completed,2026-08-21T17:11:02Z
p8_shift_official_20260822_r39,R1_command_gain_coupling_SHIFT_BLOCK_02_frozen_RECOVERY_08,R1_command_gain_coupling_SHIFT_BLOCK_02_frozen_RECOVERY_08_attempt_01,SHIFT_BLOCK_02,frozen,,R1_command_gain_coupling,recovery,8,REC_008,"[0.427547, -0.059152, -0.050079]","[0.34658222, -0.0532368, -0.03193802999999999]","[0.30603739343468267, -0.03184244518873425, -0.0005731831143602558]","[[1.9479518102400196e-06, -5.31297060457362e-07, 0.0], [-5.31297060457362e-07, 1.9734053619516524e-06, 0.0], [0.0, 0.0, 5.181487949800317e-06]]",True,,False,False,12,12,/home/unitree/lly/p8_real/p8_shift_official_20260822_r39/posterior/R1_command_gain_coupling_SHIFT_BLOCK_02_frozen_RECOVERY_08_v0012.npz,1787332264.3321416,1787332266.332171,40,p8_trial_freshness_v2,95.26324272155762,80.4708480834961,0,0,79.1850209236145,0,0,63.593387603759766,79.30970191955566,55.51338195800781,50.84657669067383,61.23661994934082,,,8,,/home/unitree/lly/p8_real/p8_shift_official_20260822_r39/bags/R1_command_gain_coupling_SHIFT_BLOCK_02_frozen_part_01,SUCCESS,completed,2026-08-21T17:11:06Z
p8_shift_official_20260822_r39,R1_command_gain_coupling_SHIFT_BLOCK_02_frozen_RECOVERY_VALIDATION_08,R1_command_gain_coupling_SHIFT_BLOCK_02_frozen_RECOVERY_VALIDATION_08_attempt_01,SHIFT_BLOCK_02,frozen,,R1_command_gain_coupling,recovery_validation,8,RVAL_008,"[0.1, 0.0, -0.6]","[0.034, 0.0, -0.6839999999999999]","[0.04082988153578909, -0.06405376654739249, -0.5358732730709816]","[[5.2445760951362765e-06, 1.0929573215870386e-06, 0.0], [1.0929573215870386e-06, 1.118101253884151e-06, 0.0], [0.0, 0.0, 7.4707716226931765e-06]]",True,,False,False,12,12,/home/unitree/lly/p8_real/p8_shift_official_20260822_r39/posterior/R1_command_gain_coupling_SHIFT_BLOCK_02_frozen_RECOVERY_VALIDATION_08_v0012.npz,1787332268.3478577,1787332270.3478909,40,p8_trial_freshness_v2,84.95354652404785,84.1217041015625,0,0,84.17637348175049,0,0,69.39339637756348,69.70643997192383,57.3735237121582,51.64700746536255,64.4223690032959,,,8,0.3038266303798254,/home/unitree/lly/p8_real/p8_shift_official_20260822_r39/bags/R1_command_gain_coupling_SHIFT_BLOCK_02_frozen_part_01,SUCCESS,completed,2026-08-21T17:11:10Z
p8_shift_official_20260822_r39,R1_command_gain_coupling_SHIFT_BLOCK_02_frozen_RECOVERY_09,R1_command_gain_coupling_SHIFT_BLOCK_02_frozen_RECOVERY_09_attempt_01,SHIFT_BLOCK_02,frozen,,R1_command_gain_coupling,recovery,9,REC_009,"[-0.134558, 0.185564, 0.532565]","[-0.06773236, 0.1670076, 0.6043762699999999]","[-0.03573764169331741, 0.16037072175249445, 0.5143120115273219]","[[1.0260007585156673e-05, -1.131406868748734e-07, 0.0], [-1.1314068687487342e-07, 8.782107833482827e-06, 0.0], [0.0, 0.0, 1.0150256349931621e-05]]",True,,False,False,12,12,/home/unitree/lly/p8_real/p8_shift_official_20260822_r39/posterior/R1_command_gain_coupling_SHIFT_BLOCK_02_frozen_RECOVERY_09_v0012.npz,1787332272.3641224,1787332274.3641512,40,p8_trial_freshness_v2,92.77009963989258,84.20538902282715,0,0,82.91072845458984,0,0,67.87991523742676,71.36201858520508,56.13899230957031,51.99861526489258,62.927961349487305,,,9,,/home/unitree/lly/p8_real/p8_shift_official_20260822_r39/bags/R1_command_gain_coupling_SHIFT_BLOCK_02_frozen_part_01,SUCCESS,completed,2026-08-21T17:11:14Z
p8_shift_official_20260822_r39,R1_command_gain_coupling_SHIFT_BLOCK_02_frozen_RECOVERY_VALIDATION_09,R1_command_gain_coupling_SHIFT_BLOCK_02_frozen_RECOVERY_VALIDATION_09_attempt_01,SHIFT_BLOCK_02,frozen,,R1_command_gain_coupling,recovery_validation,9,RVAL_009,"[0.508594, 0.204527, -0.32128]","[0.39134467999999994, 0.1840743, -0.33895636]","[0.37297297442306143, 0.09386481245442765, -0.274584595194832]","[[8.997003352916135e-06, 2.9179261643130783e-06, 0.0], [2.917926164313078e-06, 1.8526957841743545e-05, 0.0], [0.0, 0.0, 6.141755822472145e-06]]",True,,False,False,12,12,/home/unitree/lly/p8_real/p8_shift_official_20260822_r39/posterior/R1_command_gain_coupling_SHIFT_BLOCK_02_frozen_RECOVERY_VALIDATION_09_v0012.npz,1787332276.382501,1787332278.3825395,40,p8_trial_freshness_v2,95.06773948669434,82.10495710372925,0,0,80.64290285110474,0,0,64.88180160522461,65.14978408813477,54.377079010009766,49.74007606506348,58.99858474731445,,,9,0.1842060897490022,/home/unitree/lly/p8_real/p8_shift_official_20260822_r39/bags/R1_command_gain_coupling_SHIFT_BLOCK_02_frozen_part_01,SUCCESS,completed,2026-08-21T17:11:18Z
p8_shift_official_20260822_r39,R1_command_gain_coupling_SHIFT_BLOCK_02_frozen_RECOVERY_10,R1_command_gain_coupling_SHIFT_BLOCK_02_frozen_RECOVERY_10_attempt_01,SHIFT_BLOCK_02,frozen,,R1_command_gain_coupling,recovery,10,REC_010,"[0.290974, -0.154446, -0.439255]","[0.20345828000000002, -0.1390014, -0.48768480999999997]","[0.17161058265389886, -0.15154068702862805, -0.4336085208146959]","[[6.85038240200359e-06, 7.573343867475676e-06, 0.0], [7.573343867475676e-06, 1.1200205619199149e-05, 0.0], [0.0, 0.0, 1.2024439299739891e-06]]",True,,False,False,12,12,/home/unitree/lly/p8_real/p8_shift_official_20260822_r39/posterior/R1_command_gain_coupling_SHIFT_BLOCK_02_frozen_RECOVERY_10_v0012.npz,1787332280.4028823,1787332282.4029105,40,p8_trial_freshness_v2,87.31484413146973,85.10589599609375,0,0,85.1300835609436,0,0,72.44277000427246,72.44277000427246,53.836822509765625,47.094690799713135,59.45158004760742,,,10,,/home/unitree/lly/p8_real/p8_shift_official_20260822_r39/bags/R1_command_gain_coupling_SHIFT_BLOCK_02_frozen_part_01,SUCCESS,completed,2026-08-21T17:11:23Z
p8_shift_official_20260822_r39,R1_command_gain_coupling_SHIFT_BLOCK_02_frozen_RECOVERY_VALIDATION_10,R1_command_gain_coupling_SHIFT_BLOCK_02_frozen_RECOVERY_VALIDATION_10_attempt_01,SHIFT_BLOCK_02,frozen,,R1_command_gain_coupling,recovery_validation,10,RVAL_010,"[-0.466406, -0.128807, -0.00128]","[-0.38255532, -0.11592630000000001, -0.02945636]","[-0.3212711267213339, -0.06946758225551536, 0.02311062574653754]","[[6.410089548033053e-07, -5.180490370874524e-09, 0.0], [-5.180490370874526e-09, 5.966810734108243e-07, 0.0], [0.0, 0.0, 8.3736393029728e-07]]",True,,False,False,12,12,/home/unitree/lly/p8_real/p8_shift_official_20260822_r39/posterior/R1_command_gain_coupling_SHIFT_BLOCK_02_frozen_RECOVERY_VALIDATION_10_v0012.npz,1787332284.416009,1787332286.4160411,40,p8_trial_freshness_v2,101.92108154296875,83.6038589477539,0,0,80.89593648910522,0,0,71.37942314147949,76.31731033325195,55.95850944519043,52.037715911865234,58.61377716064453,,,10,0.29224140071412713,/home/unitree/lly/p8_real/p8_shift_official_20260822_r39/bags/R1_command_gain_coupling_SHIFT_BLOCK_02_frozen_part_01,SUCCESS,completed,2026-08-21T17:11:27Z
p8_shift_official_20260822_r39,R1_command_gain_coupling_SHIFT_BLOCK_02_frozen_RECOVERY_11,R1_command_gain_coupling_SHIFT_BLOCK_02_frozen_RECOVERY_11_attempt_01,SHIFT_BLOCK_02,frozen,,R1_command_gain_coupling,recovery,11,REC_011,"[-0.21366, 0.016621, 0.163863]","[-0.16209215999999999, 0.0149589, 0.17562285]","[-0.07438464653434626, 0.02967063924341528, 0.13520629035952555]","[[8.796488789145332e-07, 1.5322641633450183e-07, 0.0], [1.5322641633450178e-07, 1.1515920883308703e-06, 0.0], [0.0, 0.0, 5.0070042725964e-06]]",True,,False,False,12,12,/home/unitree/lly/p8_real/p8_shift_official_20260822_r39/posterior/R1_command_gain_coupling_SHIFT_BLOCK_02_frozen_RECOVERY_11_v0012.npz,1787332288.4324145,1787332290.432444,40,p8_trial_freshness_v2,92.79394149780273,83.76659154891968,0,0,86.1065626144409,0,0,72.34525680541992,72.34525680541992,54.364919662475586,51.2692928314209,60.84322929382324,,,11,,/home/unitree/lly/p8_real/p8_shift_official_20260822_r39/bags/R1_command_gain_coupling_SHIFT_BLOCK_02_frozen_part_01,SUCCESS,completed,2026-08-21T17:11:31Z
p8_shift_official_20260822_r39,R1_command_gain_coupling_SHIFT_BLOCK_02_frozen_RECOVERY_VALIDATION_11,R1_command_gain_coupling_SHIFT_BLOCK_02_frozen_RECOVERY_VALIDATION_11_attempt_01,SHIFT_BLOCK_02,frozen,,R1_command_gain_coupling,recovery_validation,11,RVAL_011,"[0.133594, 0.071193, 0.31872]","[0.13504468, 0.06407370000000001, 0.37454363999999996]","[0.1100414200976418, 0.08436190633433682, 0.35629326844602627]","[[4.00338181924481e-06, -4.0987221146317474e-07, 0.0], [-4.0987221146317464e-07, 5.049821248185141e-06, 0.0], [0.0, 0.0, 2.404998366235958e-06]]",True,,False,False,12,12,/home/unitree/lly/p8_real/p8_shift_official_20260822_r39/posterior/R1_command_gain_coupling_SHIFT_BLOCK_02_frozen_RECOVERY_VALIDATION_11_v0012.npz,1787332292.449588,1787332294.4496176,40,p8_trial_freshness_v2,90.24882316589355,81.10547065734863,0,0,79.00882959365845,0,0,60.47558784484863,65.81425666809082,54.135799407958984,48.67150783538818,60.28938293457031,,,11,0.08064153210184488,/home/unitree/lly/p8_real/p8_shift_official_20260822_r39/bags/R1_command_gain_coupling_SHIFT_BLOCK_02_frozen_part_01,SUCCESS,completed,2026-08-21T17:11:35Z
p8_shift_official_20260822_r39,R1_command_gain_coupling_SHIFT_BLOCK_02_frozen_RECOVERY_12,R1_command_gain_coupling_SHIFT_BLOCK_02_frozen_RECOVERY_12_attempt_01,SHIFT_BLOCK_02,frozen,,R1_command_gain_coupling,recovery,12,REC_012,"[0.344873, 0.093787, -0.640013]","[0.23159481999999995, 0.08440829999999999, -0.71532257]","[0.22218600615777936, -0.04111963555262414, -0.6324444584152055]","[[1.0302876831993374e-05, 1.316047749533967e-05, 0.0], [1.3160477495339668e-05, 2.6778905597696557e-05, 0.0], [0.0, 0.0, 3.469402497195548e-06]]",True,,False,False,12,12,/home/unitree/lly/p8_real/p8_shift_official_20260822_r39/posterior/R1_command_gain_coupling_SHIFT_BLOCK_02_frozen_RECOVERY_12_v0012.npz,1787332296.4680843,1787332298.4681187,40,p8_trial_freshness_v2,90.00253677368164,86.06600761413574,0,0,83.88795852661131,0,0,69.68927383422852,74.0501880645752,66.28775596618652,50.54831504821777,73.06981086730957,,,12,,/home/unitree/lly/p8_real/p8_shift_official_20260822_r39/bags/R1_command_gain_coupling_SHIFT_BLOCK_02_frozen_part_01,SUCCESS,completed,2026-08-21T17:11:39Z
p8_shift_official_20260822_r39,R1_command_gain_coupling_SHIFT_BLOCK_02_frozen_RECOVERY_VALIDATION_12,R1_command_gain_coupling_SHIFT_BLOCK_02_frozen_RECOVERY_VALIDATION_12_attempt_01,SHIFT_BLOCK_02,frozen,,R1_command_gain_coupling,recovery_validation,12,RVAL_012,"[-0.166406, 0.271193, 0.63872]","[-0.08535531999999998, 0.24407370000000003, 0.7245436399999999]","[-0.06496102739072981, 0.24478774128059294, 0.6740880164001475]","[[2.5500525547115846e-05, 1.2961107622567278e-05, 0.0], [1.2961107622567278e-05, 1.9805181882488648e-05, 0.0], [0.0, 0.0, 3.1409449105350863e-06]]",True,,False,False,12,12,/home/unitree/lly/p8_real/p8_shift_official_20260822_r39/posterior/R1_command_gain_coupling_SHIFT_BLOCK_02_frozen_RECOVERY_VALIDATION_12_v0012.npz,1787332300.4870524,1787332302.4870858,41,p8_trial_freshness_v2,91.2165641784668,85.57794094085693,0,0,83.93478393554688,0,0,62.64543533325195,70.2362060546875,54.02493476867676,50.19021034240723,59.13805961608887,,,12,0.4753074596058466,/home/unitree/lly/p8_real/p8_shift_official_20260822_r39/bags/R1_command_gain_coupling_SHIFT_BLOCK_02_frozen_part_01,SUCCESS,completed,2026-08-21T17:11:43Z
p8_shift_official_20260822_r39,R1_command_gain_coupling_SHIFT_BLOCK_02_frozen_RESTORE_CHECK_01,R1_command_gain_coupling_SHIFT_BLOCK_02_frozen_RESTORE_CHECK_01_attempt_01,SHIFT_BLOCK_02,frozen,,R1_command_gain_coupling,restore_check,1,CHECK_001,"[0.3, 0.0, 0.0]","[0.3, 0.0, 0.0]","[0.24798143464879935, 0.012615511397257806, 0.02727477471704678]","[[1.7933067298385882e-06, 1.6925987772011835e-07, 0.0], [1.6925987772011837e-07, 2.227548114728687e-06, 0.0], [0.0, 0.0, 5.8239382096619455e-06]]",True,,False,False,12,12,/home/unitree/lly/p8_real/p8_shift_official_20260822_r39/posterior/R1_command_gain_coupling_SHIFT_BLOCK_02_frozen_RESTORE_CHECK_01_v0012.npz,1787332304.507149,1787332306.507184,40,p8_trial_freshness_v2,90.43598175048828,83.24694633483887,0,0,80.54324388504027,0,0,68.13359260559082,70.58143615722656,54.41617965698242,52.67435312271118,58.551788330078125,,,,0.033860894811186086,/home/unitree/lly/p8_real/p8_shift_official_20260822_r39/bags/R1_command_gain_coupling_SHIFT_BLOCK_02_frozen_part_01,SUCCESS,completed,2026-08-21T17:11:47Z
p8_shift_official_20260822_r39,R1_command_gain_coupling_SHIFT_BLOCK_02_frozen_RESTORE_CHECK_02,R1_command_gain_coupling_SHIFT_BLOCK_02_frozen_RESTORE_CHECK_02_attempt_01,SHIFT_BLOCK_02,frozen,,R1_command_gain_coupling,restore_check,2,CHECK_002,"[0.2, 0.0, -0.4]","[0.2, 0.0, -0.4]","[0.1500736178707189, -0.04822783454411798, -0.32554457376892165]","[[5.0061206791461746e-06, 6.272389507328696e-07, 0.0], [6.272389507328694e-07, 2.903578081038362e-06, 0.0], [0.0, 0.0, 1.9878653979523515e-06]]",True,,False,False,12,12,/home/unitree/lly/p8_real/p8_shift_official_20260822_r39/posterior/R1_command_gain_coupling_SHIFT_BLOCK_02_frozen_RESTORE_CHECK_02_v0012.npz,1787332308.5263329,1787332310.5263603,40,p8_trial_freshness_v2,87.17656135559082,83.20773839950562,0,0,83.34425687789916,0,0,70.1603889465332,70.1603889465332,57.69085884094238,52.87027359008789,62.20865249633789,,,,0.17538150280515666,/home/unitree/lly/p8_real/p8_shift_official_20260822_r39/bags/R1_command_gain_coupling_SHIFT_BLOCK_02_frozen_part_01,SUCCESS,completed,2026-08-21T17:11:51Z
