scenario,seed,method,phase,recovery_trial,source,cmd_vx,cmd_vy,cmd_wz,measured_vx,measured_vy,measured_wz,predicted_vx,predicted_vy,predicted_wz,rolling_rmse,target_rmse,recovered,valid,safety_events
gain_coupling_shift,6601,frozen,adaptation,1,fixed,-0.35,-0.12,-0.35,-0.21061594208932796,-0.07100468737926191,-0.21578520579694097,nan,nan,nan,nan,0.14,False,True,
gain_coupling_shift,6602,frozen,adaptation,1,fixed,-0.35,-0.12,-0.35,-0.18589803638893676,-0.05233869909502418,-0.16443544410665173,nan,nan,nan,nan,0.14,False,True,
gain_coupling_shift,6603,frozen,adaptation,1,fixed,-0.35,-0.12,-0.35,-0.16646870627863622,-0.019516647511947486,-0.1748918972674933,nan,nan,nan,nan,0.14,False,True,
gain_coupling_shift,6604,frozen,adaptation,1,fixed,-0.35,-0.12,-0.35,-0.21093378785365732,-0.07002419059989112,-0.17944128472693402,nan,nan,nan,nan,0.14,False,True,
gain_coupling_shift,6605,frozen,adaptation,1,fixed,-0.35,-0.12,-0.35,-0.23033325742849445,-0.0867120888447117,-0.21736301764883031,nan,nan,nan,nan,0.14,False,True,
gain_coupling_shift,6606,frozen,adaptation,1,fixed,-0.35,-0.12,-0.35,-0.21085102530371427,-0.09027795953234698,-0.263010187461981,nan,nan,nan,nan,0.14,False,True,
gain_coupling_shift,6607,frozen,adaptation,1,fixed,-0.35,-0.12,-0.35,-0.2441779125484956,-0.05196267891578064,-0.2579461614493486,nan,nan,nan,nan,0.14,False,True,
gain_coupling_shift,6608,frozen,adaptation,1,fixed,-0.35,-0.12,-0.35,-0.18992330099121624,-0.043382114501232354,-0.19087381523425417,nan,nan,nan,nan,0.14,False,True,
gain_coupling_shift,6609,frozen,adaptation,1,fixed,-0.35,-0.12,-0.35,-0.2856015689325045,-0.0470394371086805,-0.18278136526533845,nan,nan,nan,nan,0.14,False,True,
gain_coupling_shift,6610,frozen,adaptation,1,fixed,-0.35,-0.12,-0.35,-0.2615686377605807,-0.05251694426998526,-0.28176080089353184,nan,nan,nan,nan,0.14,False,True,
gain_coupling_shift,6611,frozen,adaptation,1,fixed,-0.35,-0.12,-0.35,-0.21765192701369382,-0.08671916070340725,-0.17549676063184097,nan,nan,nan,nan,0.14,False,True,
gain_coupling_shift,6612,frozen,adaptation,1,fixed,-0.35,-0.12,-0.35,-0.26353272475590894,-0.04630648128328362,-0.25171818210276287,nan,nan,nan,nan,0.14,False,True,
gain_coupling_shift,6613,frozen,adaptation,1,fixed,-0.35,-0.12,-0.35,-0.12691525496961503,0.004095266988246158,-0.22424558699322764,nan,nan,nan,nan,0.14,False,True,
gain_coupling_shift,6614,frozen,adaptation,1,fixed,-0.35,-0.12,-0.35,-0.20889964212665205,-0.11682541196067796,-0.2073599919303951,nan,nan,nan,nan,0.075,False,True,
gain_coupling_shift,6615,frozen,adaptation,1,fixed,-0.35,-0.12,-0.35,-0.16651918890972978,-0.008516297899641874,-0.16628073941066446,nan,nan,nan,nan,0.14,False,True,
gain_coupling_shift,6616,frozen,adaptation,1,fixed,-0.35,-0.12,-0.35,-0.18692624161011087,-0.09022685028704355,-0.2768290737493132,nan,nan,nan,nan,0.14,False,True,
gain_coupling_shift,6617,frozen,adaptation,1,fixed,-0.35,-0.12,-0.35,-0.25903311723551664,-0.1122612236200059,-0.24878150914014355,nan,nan,nan,nan,0.14,False,True,
gain_coupling_shift,6618,frozen,adaptation,1,fixed,-0.35,-0.12,-0.35,-0.25804797799669227,-0.11127746182126523,-0.23869729718610896,nan,nan,nan,nan,0.14,False,True,
gain_coupling_shift,6619,frozen,adaptation,1,fixed,-0.35,-0.12,-0.35,-0.21306460816234163,-0.10032405064155014,-0.23167524655499022,nan,nan,nan,nan,0.14,False,True,
gain_coupling_shift,6620,frozen,adaptation,1,fixed,-0.35,-0.12,-0.35,-0.24367062872751935,-0.0862211342763272,-0.17312179854846615,nan,nan,nan,nan,0.14,False,True,
gain_coupling_shift,6601,frozen,validation,1,rolling_fixed_holdout,-0.3,0.0,-0.35,-0.11996400292912261,0.01228630877769104,-0.23051551543322313,-0.3127444370686225,0.002494756761639352,-0.306585507288354,nan,0.14,False,True,
gain_coupling_shift,6602,frozen,validation,1,rolling_fixed_holdout,-0.3,0.0,-0.35,-0.09064858725376283,0.03417757459601873,-0.1912618404245507,-0.3101208108608118,0.0004331776109704779,-0.31140086464983274,nan,0.14,False,True,
gain_coupling_shift,6603,frozen,validation,1,rolling_fixed_holdout,-0.3,0.0,-0.35,-0.11307804538685495,0.010873079966464624,-0.1702034371083705,-0.29188996064056305,0.0005404447961544362,-0.29796266238440633,nan,0.14,False,True,
gain_coupling_shift,6604,frozen,validation,1,rolling_fixed_holdout,-0.3,0.0,-0.35,-0.11821987118034118,0.024583532905468396,-0.2178463646454537,-0.2887215893160585,-0.0010417718141177272,-0.32534961395531925,nan,0.14,False,True,
gain_coupling_shift,6605,frozen,validation,1,rolling_fixed_holdout,-0.3,0.0,-0.35,-0.1186857784372,0.02068342517962935,-0.24666788298137793,-0.3008942692692129,-0.006275251560585607,-0.2952439880199517,nan,0.14,False,True,
gain_coupling_shift,6606,frozen,validation,1,rolling_fixed_holdout,-0.3,0.0,-0.35,-0.1786040517804997,-0.019175544571339378,-0.2501989275121555,-0.3108244261547717,-0.014429589618938268,-0.30036004486779794,nan,0.14,False,True,
gain_coupling_shift,6607,frozen,validation,1,rolling_fixed_holdout,-0.3,0.0,-0.35,-0.14441825749003437,0.032889496821458385,-0.2538666895723773,-0.3010158159349394,-0.0026808267109509495,-0.29650177109089904,nan,0.14,False,True,
gain_coupling_shift,6608,frozen,validation,1,rolling_fixed_holdout,-0.3,0.0,-0.35,-0.12153772645908216,0.0095654153463319,-0.18528722160566252,-0.3083368392092861,-0.009671188679163672,-0.2987961972521328,nan,0.14,False,True,
gain_coupling_shift,6609,frozen,validation,1,rolling_fixed_holdout,-0.3,0.0,-0.35,-0.06459351396388943,0.037295477724526196,-0.17162969180918147,-0.3167776054586937,0.002683617816231688,-0.3105663971474227,nan,0.14,False,True,
gain_coupling_shift,6610,frozen,validation,1,rolling_fixed_holdout,-0.3,0.0,-0.35,-0.07871121692386641,0.02976222073300617,-0.19457071608682314,-0.30953854646515766,-0.0017116401976044074,-0.29495977906510756,nan,0.14,False,True,
gain_coupling_shift,6611,frozen,validation,1,rolling_fixed_holdout,-0.3,0.0,-0.35,-0.09941504589291711,0.017621580614391875,-0.18245746899076054,-0.3109416471832364,0.00287699918298625,-0.3121797089292899,nan,0.14,False,True,
gain_coupling_shift,6612,frozen,validation,1,rolling_fixed_holdout,-0.3,0.0,-0.35,-0.07381333163206588,0.0313372640152396,-0.19093838560143203,-0.3073336733149682,-0.004059210393044896,-0.2971611384469141,nan,0.14,False,True,
gain_coupling_shift,6613,frozen,validation,1,rolling_fixed_holdout,-0.3,0.0,-0.35,-0.10490411298606045,0.012828782328805551,-0.20890354584104512,-0.295032999678847,-0.00945248311344187,-0.2922470385554587,nan,0.14,False,True,
gain_coupling_shift,6614,frozen,validation,1,rolling_fixed_holdout,-0.3,0.0,-0.35,-0.14400260706280735,-0.015756226031541157,-0.22308443023157656,-0.3073302480666393,0.0019438269493121077,-0.2846708058432617,nan,0.075,False,True,
gain_coupling_shift,6615,frozen,validation,1,rolling_fixed_holdout,-0.3,0.0,-0.35,-0.13204627950159478,0.010455012001756251,-0.15825083568557347,-0.29890766682719677,0.0015894614584038593,-0.29037007788397634,nan,0.14,False,True,
gain_coupling_shift,6616,frozen,validation,1,rolling_fixed_holdout,-0.3,0.0,-0.35,-0.14514586113557643,-0.020393115238570417,-0.25219185332335614,-0.3119206720080422,-0.010836340708831034,-0.32252075338502617,nan,0.14,False,True,
gain_coupling_shift,6617,frozen,validation,1,rolling_fixed_holdout,-0.3,0.0,-0.35,-0.22923549540688748,-0.023401699564795715,-0.23834942994378486,-0.3038336857510342,-0.002823251728069675,-0.2944663802413682,nan,0.14,False,True,
gain_coupling_shift,6618,frozen,validation,1,rolling_fixed_holdout,-0.3,0.0,-0.35,-0.22651531964870258,-0.03324842293390626,-0.22855981762539404,-0.3143268757213498,0.0003683227973163803,-0.3137036208182246,nan,0.14,False,True,
gain_coupling_shift,6619,frozen,validation,1,rolling_fixed_holdout,-0.3,0.0,-0.35,-0.1165784968044706,0.01935140293129773,-0.2360557434751225,-0.3001127626809546,-0.0013858798019317515,-0.29838265898808275,nan,0.14,False,True,
gain_coupling_shift,6620,frozen,validation,1,rolling_fixed_holdout,-0.3,0.0,-0.35,-0.13986378088360948,0.01816147955186296,-0.19407312495294587,-0.2884836241432844,0.0034236802611469852,-0.30583006994974143,nan,0.14,False,True,
gain_coupling_shift,6601,frozen,adaptation,2,fixed,0.35,0.12,0.35,0.18935868639394396,0.05916229384187937,0.3326416949564069,nan,nan,nan,nan,0.14,False,True,
gain_coupling_shift,6602,frozen,adaptation,2,fixed,0.35,0.12,0.35,0.18416022933355727,0.050326856642520165,0.24164179604071484,nan,nan,nan,nan,0.14,False,True,
gain_coupling_shift,6603,frozen,adaptation,2,fixed,0.35,0.12,0.35,0.24201535621398737,0.10097964753564598,0.2115039950803666,nan,nan,nan,nan,0.14,False,True,
gain_coupling_shift,6604,frozen,adaptation,2,fixed,0.35,0.12,0.35,0.23782056612381108,0.060352979418446535,0.1695336290548234,nan,nan,nan,nan,0.14,False,True,
gain_coupling_shift,6605,frozen,adaptation,2,fixed,0.35,0.12,0.35,0.23522637365250001,0.10457038543774701,0.2009141657104408,nan,nan,nan,nan,0.14,False,True,
gain_coupling_shift,6606,frozen,adaptation,2,fixed,0.35,0.12,0.35,0.24678384346692858,0.11011860460817981,0.2730971357414719,nan,nan,nan,nan,0.14,False,True,
gain_coupling_shift,6607,frozen,adaptation,2,fixed,0.35,0.12,0.35,0.18717740229296395,0.07230655708350621,0.21399518994584513,nan,nan,nan,nan,0.14,False,True,
gain_coupling_shift,6608,frozen,adaptation,2,fixed,0.35,0.12,0.35,0.22183879229027495,0.11151566761682025,0.20370101282590433,nan,nan,nan,nan,0.14,False,True,
gain_coupling_shift,6609,frozen,adaptation,2,fixed,0.35,0.12,0.35,0.23286374696931705,0.042941606827020896,0.1956201245859084,nan,nan,nan,nan,0.14,False,True,
gain_coupling_shift,6610,frozen,adaptation,2,fixed,0.35,0.12,0.35,0.2272224056128831,0.1032619444666132,0.23056258674551333,nan,nan,nan,nan,0.14,False,True,
gain_coupling_shift,6611,frozen,adaptation,2,fixed,0.35,0.12,0.35,0.21390717800739908,0.14096714679571504,0.23185902167888678,nan,nan,nan,nan,0.14,False,True,
gain_coupling_shift,6612,frozen,adaptation,2,fixed,0.35,0.12,0.35,0.2596591040384659,0.07572300744091509,0.2267236752700506,nan,nan,nan,nan,0.14,False,True,
gain_coupling_shift,6613,frozen,adaptation,2,fixed,0.35,0.12,0.35,0.1964588470899598,0.05851976848600054,0.2008387593341989,nan,nan,nan,nan,0.14,False,True,
gain_coupling_shift,6614,frozen,adaptation,2,fixed,0.35,0.12,0.35,0.15670248941151138,0.13777926833111828,0.20850934891420858,nan,nan,nan,nan,0.075,False,True,
gain_coupling_shift,6615,frozen,adaptation,2,fixed,0.35,0.12,0.35,0.15857684401981534,0.05299358865981309,0.2199391144640729,nan,nan,nan,nan,0.14,False,True,
gain_coupling_shift,6616,frozen,adaptation,2,fixed,0.35,0.12,0.35,0.15486558693899663,0.07030202127844742,0.15135706060400242,nan,nan,nan,nan,0.14,False,True,
gain_coupling_shift,6617,frozen,adaptation,2,fixed,0.35,0.12,0.35,0.19360442961763782,0.1020443062237718,0.18830565403808222,nan,nan,nan,nan,0.14,False,True,
gain_coupling_shift,6618,frozen,adaptation,2,fixed,0.35,0.12,0.35,0.2167109745927464,0.10012224605536432,0.31078017857230134,nan,nan,nan,nan,0.14,False,True,
gain_coupling_shift,6619,frozen,adaptation,2,fixed,0.35,0.12,0.35,0.23393312223098348,0.12870903938363176,0.20899935380896337,nan,nan,nan,nan,0.14,False,True,
gain_coupling_shift,6620,frozen,adaptation,2,fixed,0.35,0.12,0.35,0.2189573877721405,0.11104923942836957,0.1487019289240611,nan,nan,nan,nan,0.14,False,True,
gain_coupling_shift,6601,frozen,validation,2,rolling_fixed_holdout,-0.3,0.0,0.35,0.00038340784377654586,0.010597496812564097,0.06648981736398545,-0.31610951473947674,-0.0012273894896013442,0.32078867693964164,nan,0.14,False,True,
gain_coupling_shift,6602,frozen,validation,2,rolling_fixed_holdout,-0.3,0.0,0.35,-0.016674856843157733,0.00805579472673507,0.053277950944251494,-0.30567869501154366,-0.01059781349835981,0.3488155675505389,nan,0.14,False,True,
gain_coupling_shift,6603,frozen,validation,2,rolling_fixed_holdout,-0.3,0.0,0.35,-0.04855784427355495,0.001284868268073549,0.08077250788207396,-0.29561975819567754,-0.0037600523191051753,0.3147140375551857,nan,0.14,False,True,
gain_coupling_shift,6604,frozen,validation,2,rolling_fixed_holdout,-0.3,0.0,0.35,-0.04621033755500078,0.00842229858680649,0.10680341427901059,-0.2597997721034359,0.0034190691386937924,0.31314129828012566,nan,0.14,False,True,
gain_coupling_shift,6605,frozen,validation,2,rolling_fixed_holdout,-0.3,0.0,0.35,-0.03640887983484593,0.00520576815478901,0.10534113260787864,-0.2992829650441699,-0.005986273638682168,0.29758858589117443,nan,0.14,False,True,
gain_coupling_shift,6606,frozen,validation,2,rolling_fixed_holdout,-0.3,0.0,0.35,-0.03353389980016077,0.010215196586050074,0.10153352761071122,-0.3086461909782915,-0.005291105384634525,0.30385521277321853,nan,0.14,False,True,
gain_coupling_shift,6607,frozen,validation,2,rolling_fixed_holdout,-0.3,0.0,0.35,-0.03051061983424992,0.00644613851292727,0.10264612312507915,-0.29954527176817836,-0.005246096049193799,0.29742284048220446,nan,0.14,False,True,
gain_coupling_shift,6608,frozen,validation,2,rolling_fixed_holdout,-0.3,0.0,0.35,-0.043980010087638306,0.0046185902179248575,0.03961583243058183,-0.30265525200037663,-0.01096101854204555,0.3379675057910558,nan,0.14,False,True,
gain_coupling_shift,6609,frozen,validation,2,rolling_fixed_holdout,-0.3,0.0,0.35,-0.03627523077397905,0.003581411755861702,0.05787602656083271,-0.3151894003431848,-0.01092105777205656,0.34320865802581724,nan,0.14,False,True,
gain_coupling_shift,6610,frozen,validation,2,rolling_fixed_holdout,-0.3,0.0,0.35,-0.03026899750325595,0.00585812982394042,0.08822194845500562,-0.3143706046715039,0.0007869279999188308,0.2931206146873517,nan,0.14,False,True,
gain_coupling_shift,6611,frozen,validation,2,rolling_fixed_holdout,-0.3,0.0,0.35,-0.007848866190493919,0.005250964360290939,0.07586102328552163,-0.3023091211545735,0.0018833523426780919,0.3269841666005729,nan,0.14,False,True,
gain_coupling_shift,6612,frozen,validation,2,rolling_fixed_holdout,-0.3,0.0,0.35,-0.0356175304332053,0.00625983366239082,0.08877205679990752,-0.3074224427036064,0.0007122587518701364,0.29428868449996903,nan,0.14,False,True,
gain_coupling_shift,6613,frozen,validation,2,rolling_fixed_holdout,-0.3,0.0,0.35,-0.03379440692024468,0.007942575809597296,0.09304747590334121,-0.2873535266412121,9.526472919892444e-05,0.28669539585084075,nan,0.14,False,True,
gain_coupling_shift,6614,frozen,validation,2,rolling_fixed_holdout,-0.3,0.0,0.35,-0.014135045854231264,0.007033099359790772,0.11467263191324764,-0.3116624984888254,-0.000996351513619957,0.2917211120068015,nan,0.075,False,True,
gain_coupling_shift,6615,frozen,validation,2,rolling_fixed_holdout,-0.3,0.0,0.35,-0.028628169299722124,0.0010006935657254131,0.07762399719878749,-0.3020150819349028,0.004223665346368524,0.29094247495576064,nan,0.14,False,True,
gain_coupling_shift,6616,frozen,validation,2,rolling_fixed_holdout,-0.3,0.0,0.35,-0.02250542750290742,0.01213195063720429,0.08181407513089757,-0.303114891189074,-0.008208167812773356,0.33607783454175505,nan,0.14,False,True,
gain_coupling_shift,6617,frozen,validation,2,rolling_fixed_holdout,-0.3,0.0,0.35,-0.034451905358442884,0.006005605100184635,0.10368091345054115,-0.3011960793626663,-0.005695386462781974,0.29960453800617964,nan,0.14,False,True,
gain_coupling_shift,6618,frozen,validation,2,rolling_fixed_holdout,-0.3,0.0,0.35,-0.018402454061236497,0.007272905378318377,0.07833757136216185,-0.3119192947273387,-0.008188978336114091,0.33168950239093614,nan,0.14,False,True,
gain_coupling_shift,6619,frozen,validation,2,rolling_fixed_holdout,-0.3,0.0,0.35,-0.03438583026491152,0.0061494961399567475,0.10321150691067947,-0.3026280406309193,0.00905135815329983,0.2947038614059694,nan,0.14,False,True,
gain_coupling_shift,6620,frozen,validation,2,rolling_fixed_holdout,-0.3,0.0,0.35,-0.042059793162647074,-0.0003437416455230957,0.11224215242594969,-0.27303726177667564,0.014628635190613559,0.2883622900080285,nan,0.14,False,True,
gain_coupling_shift,6601,frozen,adaptation,3,fixed,-0.2,0.2,0.45,-0.011457222669840112,0.01980764386840079,0.023082297151888396,nan,nan,nan,nan,0.14,False,True,
gain_coupling_shift,6602,frozen,adaptation,3,fixed,-0.2,0.2,0.45,-0.018627359578862503,0.01650871244218968,0.03423539385458259,nan,nan,nan,nan,0.14,False,True,
gain_coupling_shift,6603,frozen,adaptation,3,fixed,-0.2,0.2,0.45,-0.045998369248016674,0.012222309058542683,0.24613783659565144,nan,nan,nan,nan,0.14,False,True,
gain_coupling_shift,6604,frozen,adaptation,3,fixed,-0.2,0.2,0.45,-0.04535905079872331,0.01692043532423029,0.12551529553597673,nan,nan,nan,nan,0.14,False,True,
gain_coupling_shift,6605,frozen,adaptation,3,fixed,-0.2,0.2,0.45,-0.023466096759415286,0.00883266815809223,0.11618150838639736,nan,nan,nan,nan,0.14,False,True,
gain_coupling_shift,6606,frozen,adaptation,3,fixed,-0.2,0.2,0.45,-0.09130243011449306,0.0864363882587986,0.28611962691582243,nan,nan,nan,nan,0.14,False,True,
gain_coupling_shift,6607,frozen,adaptation,3,fixed,-0.2,0.2,0.45,-0.022070467910738852,0.008760628270505682,0.11263597636486564,nan,nan,nan,nan,0.14,False,True,
gain_coupling_shift,6608,frozen,adaptation,3,fixed,-0.2,0.2,0.45,-0.023659095174405426,0.004420172972250653,0.04508800701478779,nan,nan,nan,nan,0.14,False,True,
gain_coupling_shift,6609,frozen,adaptation,3,fixed,-0.2,0.2,0.45,-0.017267804953244977,-8.539227704855131e-06,0.0809483681691545,nan,nan,nan,nan,0.14,False,True,
gain_coupling_shift,6610,frozen,adaptation,3,fixed,-0.2,0.2,0.45,-0.012131779704794638,0.0041845114291255755,0.09793787850694884,nan,nan,nan,nan,0.14,False,True,
gain_coupling_shift,6611,frozen,adaptation,3,fixed,-0.2,0.2,0.45,-0.1416076636771548,0.1434203202448383,0.31150484246725896,nan,nan,nan,nan,0.14,False,True,
gain_coupling_shift,6612,frozen,adaptation,3,fixed,-0.2,0.2,0.45,-0.07856805047475407,0.060050014131171565,0.21625684851508953,nan,nan,nan,nan,0.14,False,True,
gain_coupling_shift,6613,frozen,adaptation,3,fixed,-0.2,0.2,0.45,-0.03967793644505516,0.004109077300223262,0.12085695111622033,nan,nan,nan,nan,0.14,False,True,
gain_coupling_shift,6614,frozen,adaptation,3,fixed,-0.2,0.2,0.45,-0.17693926372978108,0.10442655016287361,0.2948603990496182,nan,nan,nan,nan,0.075,False,True,
gain_coupling_shift,6615,frozen,adaptation,3,fixed,-0.2,0.2,0.45,-0.0218405054392404,0.0001569715770169365,0.08853784122311407,nan,nan,nan,nan,0.14,False,True,
gain_coupling_shift,6616,frozen,adaptation,3,fixed,-0.2,0.2,0.45,-0.03178470374678282,0.011765960205707233,0.1533466286316988,nan,nan,nan,nan,0.14,False,True,
gain_coupling_shift,6617,frozen,adaptation,3,fixed,-0.2,0.2,0.45,-0.026220522613193346,0.007759325536188965,0.12124068544783553,nan,nan,nan,nan,0.14,False,True,
gain_coupling_shift,6618,frozen,adaptation,3,fixed,-0.2,0.2,0.45,-0.011315475792447969,0.01631862412900064,0.037377887392572216,nan,nan,nan,nan,0.14,False,True,
gain_coupling_shift,6619,frozen,adaptation,3,fixed,-0.2,0.2,0.45,-0.1245071536600688,0.1443968783699282,0.25125293299013896,nan,nan,nan,nan,0.14,False,True,
gain_coupling_shift,6620,frozen,adaptation,3,fixed,-0.2,0.2,0.45,-0.08134643574294864,0.16367673271501038,0.29524040572866783,nan,nan,nan,nan,0.14,False,True,
gain_coupling_shift,6601,frozen,validation,3,rolling_fixed_holdout,0.2,-0.18,-0.3,0.11864662011768151,-0.1567860037332863,-0.11073212393732716,0.2029977611328543,-0.18041727893856171,-0.2596994112016665,nan,0.14,False,True,
gain_coupling_shift,6602,frozen,validation,3,rolling_fixed_holdout,0.2,-0.18,-0.3,0.1278888827623254,-0.14866548785211237,-0.117013652376431,0.20237511733115987,-0.18936477924847764,-0.2732995123423999,nan,0.14,False,True,
gain_coupling_shift,6603,frozen,validation,3,rolling_fixed_holdout,0.2,-0.18,-0.3,0.10624246207925085,-0.08016038093332707,-0.10709118230669683,0.20871849967172051,-0.16366011043485945,-0.25279546831839883,nan,0.14,False,True,
gain_coupling_shift,6604,frozen,validation,3,rolling_fixed_holdout,0.2,-0.18,-0.3,0.11207221287305165,-0.1277250848628927,-0.18124038523916983,0.18372951534033044,-0.1942694653763332,-0.2687510717003316,nan,0.14,False,True,
gain_coupling_shift,6605,frozen,validation,3,rolling_fixed_holdout,0.2,-0.18,-0.3,0.09121036747878962,-0.07226440619275651,-0.1672753616557121,0.19800091015096163,-0.1779813606370145,-0.2591803368135861,nan,0.14,False,True,
gain_coupling_shift,6606,frozen,validation,3,rolling_fixed_holdout,0.2,-0.18,-0.3,0.1332840581665197,-0.16173406271578145,-0.08573006012185073,0.21098749686273544,-0.1991584925707254,-0.25359114722515963,nan,0.14,False,True,
gain_coupling_shift,6607,frozen,validation,3,rolling_fixed_holdout,0.2,-0.18,-0.3,0.08533179889261965,-0.07438649538927178,-0.16100750269300676,0.1997685495578158,-0.18193501122849406,-0.260126318793826,nan,0.14,False,True,
gain_coupling_shift,6608,frozen,validation,3,rolling_fixed_holdout,0.2,-0.18,-0.3,0.12003706362439019,-0.08054856535296752,-0.12877698376415642,0.20464317546624114,-0.17967013958219022,-0.26432514298147197,nan,0.14,False,True,
gain_coupling_shift,6609,frozen,validation,3,rolling_fixed_holdout,0.2,-0.18,-0.3,0.061696876687906986,-0.0627321437698861,-0.1418932945489365,0.1969455197091908,-0.18192909098215185,-0.2804076431675136,nan,0.14,False,True,
gain_coupling_shift,6610,frozen,validation,3,rolling_fixed_holdout,0.2,-0.18,-0.3,0.10195691702774064,-0.08353884262436458,-0.1496360099704591,0.2046037621058982,-0.17544970644144614,-0.255572423421325,nan,0.14,False,True,
gain_coupling_shift,6611,frozen,validation,3,rolling_fixed_holdout,0.2,-0.18,-0.3,0.10531227899258869,-0.08885965661592862,-0.13814352713324474,0.20324675712317872,-0.17488819547779738,-0.2678874564097833,nan,0.14,False,True,
gain_coupling_shift,6612,frozen,validation,3,rolling_fixed_holdout,0.2,-0.18,-0.3,0.0859890023146314,-0.08515995248625013,-0.134658801106728,0.20035054486837417,-0.1854482807293038,-0.253226168201104,nan,0.14,False,True,
gain_coupling_shift,6613,frozen,validation,3,rolling_fixed_holdout,0.2,-0.18,-0.3,0.1410166816421883,-0.09954580932981609,-0.14390226056977345,0.20677664749059713,-0.18337023053506227,-0.2568124278396385,nan,0.14,False,True,
gain_coupling_shift,6614,frozen,validation,3,rolling_fixed_holdout,0.2,-0.18,-0.3,0.11693780029142241,-0.10413199443132058,-0.1719612839211126,0.2025227851838967,-0.1771962613556136,-0.2594226273426672,nan,0.075,False,True,
gain_coupling_shift,6615,frozen,validation,3,rolling_fixed_holdout,0.2,-0.18,-0.3,0.1291619933661201,-0.06768894132352096,-0.11203463692155165,0.21074722413064573,-0.16653660357596914,-0.2458092315065304,nan,0.14,False,True,
gain_coupling_shift,6616,frozen,validation,3,rolling_fixed_holdout,0.2,-0.18,-0.3,0.13658942905870658,-0.16293369306348854,-0.13159775748029873,0.2048486612915172,-0.19542753722033576,-0.2793390745754198,nan,0.14,False,True,
gain_coupling_shift,6617,frozen,validation,3,rolling_fixed_holdout,0.2,-0.18,-0.3,0.1010422247633666,-0.10715773596235155,-0.19707811767592315,0.19696434457645207,-0.18435096689477076,-0.2680338116129617,nan,0.14,False,True,
gain_coupling_shift,6618,frozen,validation,3,rolling_fixed_holdout,0.2,-0.18,-0.3,0.0960496067168714,-0.1419215126105668,-0.13655594783496594,0.20281888540286902,-0.18541838524915535,-0.2728249645771459,nan,0.14,False,True,
gain_coupling_shift,6619,frozen,validation,3,rolling_fixed_holdout,0.2,-0.18,-0.3,0.12715187202092215,-0.11104966172922759,-0.11741918753107793,0.2115417799945106,-0.17463866411819762,-0.2515931656660119,nan,0.14,False,True,
gain_coupling_shift,6620,frozen,validation,3,rolling_fixed_holdout,0.2,-0.18,-0.3,0.11170222348424644,-0.11955227184697674,-0.149645632504841,0.2041034330558187,-0.17224040398968335,-0.25081208481037676,nan,0.14,False,True,
gain_coupling_shift,6601,frozen,adaptation,4,fixed,0.2,-0.2,-0.45,0.12782045104659182,-0.1698869579794961,-0.2031926470672429,nan,nan,nan,nan,0.14,False,True,
gain_coupling_shift,6602,frozen,adaptation,4,fixed,0.2,-0.2,-0.45,0.1296500611473878,-0.17134055701722126,-0.2337022056420714,nan,nan,nan,nan,0.14,False,True,
gain_coupling_shift,6603,frozen,adaptation,4,fixed,0.2,-0.2,-0.45,0.10881858321177706,-0.09914737966749647,-0.2169826264665551,nan,nan,nan,nan,0.14,False,True,
gain_coupling_shift,6604,frozen,adaptation,4,fixed,0.2,-0.2,-0.45,0.10058343501826829,-0.13615800678908052,-0.2893611297942166,nan,nan,nan,nan,0.14,False,True,
gain_coupling_shift,6605,frozen,adaptation,4,fixed,0.2,-0.2,-0.45,0.08789894065123594,-0.08528838310011458,-0.2657546263111392,nan,nan,nan,nan,0.14,False,True,
gain_coupling_shift,6606,frozen,adaptation,4,fixed,0.2,-0.2,-0.45,0.12568873112851353,-0.194270371385535,-0.1967768441820521,nan,nan,nan,nan,0.14,False,True,
gain_coupling_shift,6607,frozen,adaptation,4,fixed,0.2,-0.2,-0.45,0.0770469484178554,-0.08026306816921519,-0.25931227619327973,nan,nan,nan,nan,0.14,False,True,
gain_coupling_shift,6608,frozen,adaptation,4,fixed,0.2,-0.2,-0.45,0.11724476585278655,-0.09281899027540234,-0.22433096677122918,nan,nan,nan,nan,0.14,False,True,
gain_coupling_shift,6609,frozen,adaptation,4,fixed,0.2,-0.2,-0.45,0.038562746387784404,-0.04023367091247578,-0.1891474694423417,nan,nan,nan,nan,0.14,False,True,
gain_coupling_shift,6610,frozen,adaptation,4,fixed,0.2,-0.2,-0.45,0.08810916231486766,-0.09623414361484685,-0.2466233370512483,nan,nan,nan,nan,0.14,False,True,
gain_coupling_shift,6611,frozen,adaptation,4,fixed,0.2,-0.2,-0.45,0.10640203126908407,-0.11924360005498379,-0.22240436674638647,nan,nan,nan,nan,0.14,False,True,
gain_coupling_shift,6612,frozen,adaptation,4,fixed,0.2,-0.2,-0.45,0.07408579307029253,-0.09723449389282701,-0.21546514144729595,nan,nan,nan,nan,0.14,False,True,
gain_coupling_shift,6613,frozen,adaptation,4,fixed,0.2,-0.2,-0.45,0.15162811605785628,-0.10277839420825283,-0.23374583575100857,nan,nan,nan,nan,0.14,False,True,
gain_coupling_shift,6614,frozen,adaptation,4,fixed,0.2,-0.2,-0.45,0.12339505942204504,-0.13279235989728774,-0.2666818705841778,nan,nan,nan,nan,0.075,False,True,
gain_coupling_shift,6615,frozen,adaptation,4,fixed,0.2,-0.2,-0.45,0.13496493484837838,-0.08423451601139015,-0.2084017056188799,nan,nan,nan,nan,0.14,False,True,
gain_coupling_shift,6616,frozen,adaptation,4,fixed,0.2,-0.2,-0.45,0.13964999835109076,-0.19569735421402445,-0.23438664950623728,nan,nan,nan,nan,0.14,False,True,
gain_coupling_shift,6617,frozen,adaptation,4,fixed,0.2,-0.2,-0.45,0.09181979591685462,-0.12383970233260297,-0.316756165166936,nan,nan,nan,nan,0.14,False,True,
gain_coupling_shift,6618,frozen,adaptation,4,fixed,0.2,-0.2,-0.45,0.09666890443799711,-0.12970072375456654,-0.24244304552753926,nan,nan,nan,nan,0.14,False,True,
gain_coupling_shift,6619,frozen,adaptation,4,fixed,0.2,-0.2,-0.45,0.1274264116299117,-0.1375047462475128,-0.21568056156455495,nan,nan,nan,nan,0.14,False,True,
gain_coupling_shift,6620,frozen,adaptation,4,fixed,0.2,-0.2,-0.45,0.09694214724932783,-0.14432056940381013,-0.25769504924455927,nan,nan,nan,nan,0.14,False,True,
gain_coupling_shift,6601,frozen,validation,4,rolling_fixed_holdout,0.2,-0.18,0.3,0.031005576955229378,-0.00628472425639414,0.03521516671250507,0.20407934741398726,-0.1740060517411579,0.2971421421575723,0.17430285925048022,0.14,False,True,
gain_coupling_shift,6602,frozen,validation,4,rolling_fixed_holdout,0.2,-0.18,0.3,0.08332788695890224,-0.13032549379457525,0.24423977304796773,0.20515184010177026,-0.1888654526857171,0.3045686588525121,0.15505140628846587,0.14,False,True,
gain_coupling_shift,6603,frozen,validation,4,rolling_fixed_holdout,0.2,-0.18,0.3,0.14125491073958582,-0.0729807262094526,0.19086780384412602,0.215233090724931,-0.1568317251839429,0.2949728681627606,0.13730788745831904,0.14,True,True,
gain_coupling_shift,6604,frozen,validation,4,rolling_fixed_holdout,0.2,-0.18,0.3,0.1533903809298392,-0.08815344646922618,0.10334957350879428,0.2158694960289419,-0.19228139064782887,0.28872040201320437,0.12774809145137275,0.14,True,True,
gain_coupling_shift,6605,frozen,validation,4,rolling_fixed_holdout,0.2,-0.18,0.3,0.12797650204419844,-0.06969725073269341,0.1228312230739528,0.20618103439729277,-0.17434188698140266,0.28025147171976617,0.1339613982059436,0.14,True,True,
gain_coupling_shift,6606,frozen,validation,4,rolling_fixed_holdout,0.2,-0.18,0.3,0.13202850973676636,-0.06144334255420416,0.21537231627971656,0.22552637025588876,-0.18753749237719916,0.29981251800766817,0.13047019478771002,0.14,True,True,
gain_coupling_shift,6607,frozen,validation,4,rolling_fixed_holdout,0.2,-0.18,0.3,0.1584146143312232,-0.0994602997586993,0.18180851044481489,0.20611487994511288,-0.17541919029385122,0.2767396362329631,0.12569940838481425,0.14,True,True,
gain_coupling_shift,6608,frozen,validation,4,rolling_fixed_holdout,0.2,-0.18,0.3,0.11958749853287264,-0.08001034372402717,0.16413164783868772,0.21586317211578093,-0.16930281463316624,0.2973005901431828,0.15128622733663066,0.14,False,True,
gain_coupling_shift,6609,frozen,validation,4,rolling_fixed_holdout,0.2,-0.18,0.3,0.11784470347303934,-0.11415562903029997,0.21469679627907884,0.1987222818864156,-0.1810510312477924,0.2883360341600831,0.1611525153510992,0.14,False,True,
gain_coupling_shift,6610,frozen,validation,4,rolling_fixed_holdout,0.2,-0.18,0.3,0.14704295433780104,-0.06553710291949316,0.11494884377449115,0.20444203868594593,-0.1623791917121304,0.2728673747594719,0.14574250710274728,0.14,False,True,
gain_coupling_shift,6611,frozen,validation,4,rolling_fixed_holdout,0.2,-0.18,0.3,0.07019583299832409,-0.03134214520721579,0.05750383030125889,0.20167275465292817,-0.1638952682840841,0.2839198646444116,0.1662117303333188,0.14,False,True,
gain_coupling_shift,6612,frozen,validation,4,rolling_fixed_holdout,0.2,-0.18,0.3,0.13658537627964235,-0.07032998299558116,0.1513091743410239,0.20979782888608015,-0.18245281683823728,0.28333902138218675,0.14599420910811362,0.14,False,True,
gain_coupling_shift,6613,frozen,validation,4,rolling_fixed_holdout,0.2,-0.18,0.3,0.112313919733222,-0.11039984957890182,0.19286372206165722,0.20701089658318475,-0.18035430840104535,0.28211586513189885,0.12628394324411063,0.14,True,True,
gain_coupling_shift,6614,frozen,validation,4,rolling_fixed_holdout,0.2,-0.18,0.3,0.06630145447529552,-0.025102090557912737,0.0039465732174227665,0.1983496898535275,-0.16025227227777133,0.2603385685252026,0.1506837582447189,0.075,False,True,
gain_coupling_shift,6615,frozen,validation,4,rolling_fixed_holdout,0.2,-0.18,0.3,0.12388012650597738,-0.08861264921254718,0.15998036718901032,0.21060030900168653,-0.15785842957890314,0.2867929426029865,0.13794679802596574,0.14,True,True,
gain_coupling_shift,6616,frozen,validation,4,rolling_fixed_holdout,0.2,-0.18,0.3,0.06653151155274173,-0.057613368323447364,0.14289882512785598,0.20479596058007257,-0.16783381405304718,0.29082377244446184,0.1464430602013885,0.14,False,True,
gain_coupling_shift,6617,frozen,validation,4,rolling_fixed_holdout,0.2,-0.18,0.3,0.1461149981191041,-0.08078391843422521,0.110847879398219,0.197829055281255,-0.17505144541125756,0.2589394114256041,0.11989553770488598,0.14,True,True,
gain_coupling_shift,6618,frozen,validation,4,rolling_fixed_holdout,0.2,-0.18,0.3,0.06794724206233035,-0.02314550003684094,0.03322392496585741,0.20891837976102925,-0.18168402033269157,0.2971898538839197,0.16155882989120907,0.14,False,True,
gain_coupling_shift,6619,frozen,validation,4,rolling_fixed_holdout,0.2,-0.18,0.3,0.10449380486674309,-0.08116020039103189,0.11921076339920722,0.21834145226912308,-0.15808431096196413,0.2845327845757571,0.1360174567815738,0.14,True,True,
gain_coupling_shift,6620,frozen,validation,4,rolling_fixed_holdout,0.2,-0.18,0.3,0.15735389285651832,-0.04582842930492869,0.16837878208471696,0.21650357691564145,-0.1560600241188035,0.29020946648512985,0.11952294772097158,0.14,True,True,
gain_coupling_shift,6601,frozen,adaptation,5,fixed,-0.38,0.05,0.25,-0.016385721678376958,0.01150951637845725,0.07492128355253486,nan,nan,nan,nan,0.14,False,True,
gain_coupling_shift,6602,frozen,adaptation,5,fixed,-0.38,0.05,0.25,-0.013448781861952442,0.017482673158816273,0.08104191533733088,nan,nan,nan,nan,0.14,False,True,
gain_coupling_shift,6603,frozen,adaptation,5,fixed,-0.38,0.05,0.25,-0.02975579165429489,0.00916370940897848,0.09653089858633648,nan,nan,nan,nan,0.14,False,True,
gain_coupling_shift,6604,frozen,adaptation,5,fixed,-0.38,0.05,0.25,-0.034124509619464415,0.017566299135854238,0.08940118449399939,nan,nan,nan,nan,0.14,False,True,
gain_coupling_shift,6605,frozen,adaptation,5,fixed,-0.38,0.05,0.25,-0.030979929525477807,0.015947463805628285,0.08345145389960233,nan,nan,nan,nan,0.14,False,True,
gain_coupling_shift,6606,frozen,adaptation,5,fixed,-0.38,0.05,0.25,-0.03885074593302853,0.023332654744148203,0.06758665108891652,nan,nan,nan,nan,0.14,False,True,
gain_coupling_shift,6607,frozen,adaptation,5,fixed,-0.38,0.05,0.25,-0.02932133185587353,0.01819322253818745,0.08485488037329161,nan,nan,nan,nan,0.14,False,True,
gain_coupling_shift,6608,frozen,adaptation,5,fixed,-0.38,0.05,0.25,-0.00923538039982439,0.010311872544316737,0.08329605615144431,nan,nan,nan,nan,0.14,False,True,
gain_coupling_shift,6609,frozen,adaptation,5,fixed,-0.38,0.05,0.25,-0.004641426250803344,0.010476809955325815,0.07817112831648627,nan,nan,nan,nan,0.14,False,True,
gain_coupling_shift,6610,frozen,adaptation,5,fixed,-0.38,0.05,0.25,-0.036890992472828024,0.011712969459716798,0.07688398499651423,nan,nan,nan,nan,0.14,False,True,
gain_coupling_shift,6611,frozen,adaptation,5,fixed,-0.38,0.05,0.25,-0.013345305400185003,0.011492524417561939,0.09638346896365935,nan,nan,nan,nan,0.14,False,True,
gain_coupling_shift,6612,frozen,adaptation,5,fixed,-0.38,0.05,0.25,-0.03760112399036676,0.016012802909030833,0.07246979038187618,nan,nan,nan,nan,0.14,False,True,
gain_coupling_shift,6613,frozen,adaptation,5,fixed,-0.38,0.05,0.25,-0.03315775452960474,0.019262807471042906,0.10176451632237522,nan,nan,nan,nan,0.14,False,True,
gain_coupling_shift,6614,frozen,adaptation,5,fixed,-0.38,0.05,0.25,-0.24211869579801343,0.016617751904527883,0.13240510476579326,nan,nan,nan,nan,0.075,False,True,
gain_coupling_shift,6615,frozen,adaptation,5,fixed,-0.38,0.05,0.25,-0.01766491394250218,0.011359166926497875,0.1040822618821867,nan,nan,nan,nan,0.14,False,True,
gain_coupling_shift,6616,frozen,adaptation,5,fixed,-0.38,0.05,0.25,-0.035563572193822404,0.020155035828713825,0.08048514148114001,nan,nan,nan,nan,0.14,False,True,
gain_coupling_shift,6617,frozen,adaptation,5,fixed,-0.38,0.05,0.25,-0.06867057238902938,0.0173210642060358,0.0940835875417099,nan,nan,nan,nan,0.14,False,True,
gain_coupling_shift,6618,frozen,adaptation,5,fixed,-0.38,0.05,0.25,-0.011131605736148098,0.01717986991477449,0.06925667215265535,nan,nan,nan,nan,0.14,False,True,
gain_coupling_shift,6619,frozen,adaptation,5,fixed,-0.38,0.05,0.25,-0.040875538044908774,0.01745359979618278,0.09571933971202119,nan,nan,nan,nan,0.14,False,True,
gain_coupling_shift,6620,frozen,adaptation,5,fixed,-0.38,0.05,0.25,-0.040504718642094865,0.012212663229453411,0.11309401580160122,nan,nan,nan,nan,0.14,False,True,
gain_coupling_shift,6601,frozen,validation,5,rolling_fixed_holdout,0.2,0.18,-0.3,0.06836998938676878,0.04816509664950341,-0.12436887156249588,0.17185867476717212,0.1342377493189651,-0.26247021672289333,0.1728972281564998,0.14,False,True,
gain_coupling_shift,6602,frozen,validation,5,rolling_fixed_holdout,0.2,0.18,-0.3,0.035060063914729926,0.03346225929885699,-0.11304303001452198,0.18795438118419852,0.15473049834306057,-0.2926829062568561,0.15681844063815784,0.14,False,True,
gain_coupling_shift,6603,frozen,validation,5,rolling_fixed_holdout,0.2,0.18,-0.3,0.05389593667920156,0.037422545587895456,-0.20078522806494442,0.1723025024096772,0.11479386155803857,-0.27869346118818006,0.13035679102666126,0.14,True,True,
gain_coupling_shift,6604,frozen,validation,5,rolling_fixed_holdout,0.2,0.18,-0.3,0.05911498683735609,0.08499666591468617,-0.16325011345324497,0.17386834719880961,0.16514474929647469,-0.2841859218946179,0.12542194665728212,0.14,True,True,
gain_coupling_shift,6605,frozen,validation,5,rolling_fixed_holdout,0.2,0.18,-0.3,0.05902995076864341,0.06103323248458845,-0.19811558503665733,0.18126221769462025,0.14970225462248235,-0.27839059672549016,0.13175372613779304,0.14,True,True,
gain_coupling_shift,6606,frozen,validation,5,rolling_fixed_holdout,0.2,0.18,-0.3,0.022159095743065987,0.0317187392530532,-0.1017229658441395,0.19938346202723234,0.1535868061725867,-0.2842911662810566,0.14827907840262144,0.14,True,True,
gain_coupling_shift,6607,frozen,validation,5,rolling_fixed_holdout,0.2,0.18,-0.3,0.02574532797977449,0.06355938915231078,-0.14586101885288394,0.16550850594565752,0.14240389978114762,-0.2750279895201367,0.1305222238098075,0.14,True,True,
gain_coupling_shift,6608,frozen,validation,5,rolling_fixed_holdout,0.2,0.18,-0.3,0.07999831348577507,0.09615079069977074,-0.2150920630201595,0.17922956919946265,0.16149044315331806,-0.28886393235145746,0.14319579514540573,0.14,False,True,
gain_coupling_shift,6609,frozen,validation,5,rolling_fixed_holdout,0.2,0.18,-0.3,0.06217742324138328,0.07996371582828361,-0.19392024554799753,0.17894382720845306,0.14186755149258337,-0.2846448395383829,0.14527009999431303,0.14,False,True,
gain_coupling_shift,6610,frozen,validation,5,rolling_fixed_holdout,0.2,0.18,-0.3,0.056051265510989774,0.06396449250600106,-0.18128430689047054,0.17608549151954028,0.14384580659069976,-0.27204891657878905,0.13526768852096993,0.14,True,True,
gain_coupling_shift,6611,frozen,validation,5,rolling_fixed_holdout,0.2,0.18,-0.3,0.129252411304631,0.0974765449877703,-0.1443596579212052,0.18417804721204642,0.13507181974802956,-0.2707500484440923,0.1554917112784798,0.14,False,True,
gain_coupling_shift,6612,frozen,validation,5,rolling_fixed_holdout,0.2,0.18,-0.3,0.05767320371418677,0.07180949979598741,-0.16601403427815728,0.1903985508251092,0.14329885798890696,-0.2827617102016628,0.13694906031350532,0.14,True,True,
gain_coupling_shift,6613,frozen,validation,5,rolling_fixed_holdout,0.2,0.18,-0.3,0.11022623133877692,0.031784898985142036,-0.19971511261684327,0.1987435580703271,0.1441076653579164,-0.2920269609540005,0.121364885110134,0.14,True,True,
gain_coupling_shift,6614,frozen,validation,5,rolling_fixed_holdout,0.2,0.18,-0.3,0.08168450166349468,0.0845547632231609,-0.1863931228610469,0.17185735559675153,0.15232425336369346,-0.2736635721332229,0.1477681254615919,0.075,False,True,
gain_coupling_shift,6615,frozen,validation,5,rolling_fixed_holdout,0.2,0.18,-0.3,0.07362988918989406,0.04851396754959252,-0.20244302073102996,0.17395272495961348,0.1319398390472026,-0.2678222383305849,0.1304715817740915,0.14,True,True,
gain_coupling_shift,6616,frozen,validation,5,rolling_fixed_holdout,0.2,0.18,-0.3,0.08811650609259941,0.0821879332550612,-0.14625247057426577,0.19668576452765107,0.13905259996993585,-0.30498105899209316,0.14852361032502923,0.14,False,True,
gain_coupling_shift,6617,frozen,validation,5,rolling_fixed_holdout,0.2,0.18,-0.3,0.01776247645958951,0.05712651763517128,-0.15330528944026275,0.15924924398233767,0.1375354537786933,-0.2740910091975954,0.13052301757509385,0.14,True,True,
gain_coupling_shift,6618,frozen,validation,5,rolling_fixed_holdout,0.2,0.18,-0.3,0.04668656241104824,0.06314873862110376,-0.11363057426553011,0.1667882698325245,0.13071109318110288,-0.2700375710800475,0.16846782198340432,0.14,False,True,
gain_coupling_shift,6619,frozen,validation,5,rolling_fixed_holdout,0.2,0.18,-0.3,0.10479819496870968,0.041716635182807105,-0.1392234594108726,0.18048255223462722,0.11283718197203102,-0.28447113332245005,0.13413072523837433,0.14,True,True,
gain_coupling_shift,6620,frozen,validation,5,rolling_fixed_holdout,0.2,0.18,-0.3,0.07675069420654407,0.054691392839050154,-0.16286961253182228,0.18207109954507847,0.11816333407292179,-0.2883822310687697,0.11814843686584517,0.14,True,True,
gain_coupling_shift,6601,frozen,adaptation,6,fixed,0.38,-0.05,-0.25,0.228728372167074,-0.08437688691635481,-0.054667417462045995,nan,nan,nan,nan,0.14,False,True,
gain_coupling_shift,6602,frozen,adaptation,6,fixed,0.38,-0.05,-0.25,0.22532766511224894,-0.09712336942689713,-0.11815310715379773,nan,nan,nan,nan,0.14,False,True,
gain_coupling_shift,6603,frozen,adaptation,6,fixed,0.38,-0.05,-0.25,0.19502159146286818,-0.00623831838206677,-0.10534449576587636,nan,nan,nan,nan,0.14,False,True,
gain_coupling_shift,6604,frozen,adaptation,6,fixed,0.38,-0.05,-0.25,0.20700252171817693,-0.06440513345067972,-0.15983103875729424,nan,nan,nan,nan,0.14,False,True,
gain_coupling_shift,6605,frozen,adaptation,6,fixed,0.38,-0.05,-0.25,0.20115836523738656,-0.02715863400289663,-0.13715458047031573,nan,nan,nan,nan,0.14,False,True,
gain_coupling_shift,6606,frozen,adaptation,6,fixed,0.38,-0.05,-0.25,0.2334396315342097,-0.07921470173935746,-0.06618602866513422,nan,nan,nan,nan,0.14,False,True,
gain_coupling_shift,6607,frozen,adaptation,6,fixed,0.38,-0.05,-0.25,0.1823298212277971,-0.03878162812941387,-0.10106536097219133,nan,nan,nan,nan,0.14,False,True,
gain_coupling_shift,6608,frozen,adaptation,6,fixed,0.38,-0.05,-0.25,0.20100330527081353,-0.0171140434957596,-0.13619151338635116,nan,nan,nan,nan,0.14,False,True,
gain_coupling_shift,6609,frozen,adaptation,6,fixed,0.38,-0.05,-0.25,0.18995760618139748,-0.03900473721018425,-0.14107041046127514,nan,nan,nan,nan,0.14,False,True,
gain_coupling_shift,6610,frozen,adaptation,6,fixed,0.38,-0.05,-0.25,0.2060886599479409,-0.011708616614558656,-0.07517132814562087,nan,nan,nan,nan,0.14,False,True,
gain_coupling_shift,6611,frozen,adaptation,6,fixed,0.38,-0.05,-0.25,0.20765039585566214,-0.0076036781524085745,-0.09386262118467145,nan,nan,nan,nan,0.14,False,True,
gain_coupling_shift,6612,frozen,adaptation,6,fixed,0.38,-0.05,-0.25,0.19365166649294568,-0.0560534072922,-0.09128667368124684,nan,nan,nan,nan,0.14,False,True,
gain_coupling_shift,6613,frozen,adaptation,6,fixed,0.38,-0.05,-0.25,0.2461450090252495,-0.049108062379873585,-0.18057244881551063,nan,nan,nan,nan,0.14,False,True,
gain_coupling_shift,6614,frozen,adaptation,6,fixed,0.38,-0.05,-0.25,0.22948757384969434,-0.02821977669750311,-0.15921928268072322,nan,nan,nan,nan,0.075,False,True,
gain_coupling_shift,6615,frozen,adaptation,6,fixed,0.38,-0.05,-0.25,0.21629958076364947,-0.004640740306889955,-0.094019849513554,nan,nan,nan,nan,0.14,False,True,
gain_coupling_shift,6616,frozen,adaptation,6,fixed,0.38,-0.05,-0.25,0.24079848903335124,-0.07978696431104103,-0.11284799201830271,nan,nan,nan,nan,0.14,False,True,
gain_coupling_shift,6617,frozen,adaptation,6,fixed,0.38,-0.05,-0.25,0.18891432100760647,-0.028532998892440275,-0.13429203449315133,nan,nan,nan,nan,0.14,False,True,
gain_coupling_shift,6618,frozen,adaptation,6,fixed,0.38,-0.05,-0.25,0.19359486082802643,-0.04974507890670534,-0.07082316223971989,nan,nan,nan,nan,0.14,False,True,
gain_coupling_shift,6619,frozen,adaptation,6,fixed,0.38,-0.05,-0.25,0.22332109083044654,-0.027487284275458875,-0.12249561082955997,nan,nan,nan,nan,0.14,False,True,
gain_coupling_shift,6620,frozen,adaptation,6,fixed,0.38,-0.05,-0.25,0.1984845933525594,-0.047568658050136624,-0.1512376533555696,nan,nan,nan,nan,0.14,False,True,
gain_coupling_shift,6601,frozen,validation,6,rolling_fixed_holdout,0.2,0.18,0.3,-0.004932907576344632,0.0035867112952486266,0.14904098692586693,0.18066132244170585,0.16352525938327248,0.28683978358359297,0.1507647106775977,0.14,False,True,
gain_coupling_shift,6602,frozen,validation,6,rolling_fixed_holdout,0.2,0.18,0.3,0.0381029242937506,0.04726393224544634,0.11450441967292921,0.19501741107089576,0.17126289559148053,0.28284917148835287,0.12656634492767843,0.14,True,True,
gain_coupling_shift,6603,frozen,validation,6,rolling_fixed_holdout,0.2,0.18,0.3,0.14028999829576247,0.12601663521531797,0.21039556249644023,0.19134404354022652,0.13885667428809217,0.26534015691539675,0.08846436493296451,0.14,True,True,
gain_coupling_shift,6604,frozen,validation,6,rolling_fixed_holdout,0.2,0.18,0.3,0.10190442215761819,0.0763365399580215,0.14068100157067198,0.20558473640907898,0.16673104450292034,0.26721651387601825,0.10625409211708543,0.14,True,True,
gain_coupling_shift,6605,frozen,validation,6,rolling_fixed_holdout,0.2,0.18,0.3,0.08531468989980182,0.08396528886974539,0.15505082597716108,0.19067766761748406,0.16906295570726906,0.2549630204456577,0.104262017302759,0.14,True,True,
gain_coupling_shift,6606,frozen,validation,6,rolling_fixed_holdout,0.2,0.18,0.3,0.1373519381558686,0.11569614273042839,0.23527753562893972,0.2084158279252233,0.16939892195387746,0.26320566687800223,0.11390529110428546,0.14,True,True,
gain_coupling_shift,6607,frozen,validation,6,rolling_fixed_holdout,0.2,0.18,0.3,0.04406850058278204,0.03553729367567931,0.14829875408473436,0.18309033981244932,0.1680278536972868,0.2600825405917721,0.10929879695430328,0.14,True,True,
gain_coupling_shift,6608,frozen,validation,6,rolling_fixed_holdout,0.2,0.18,0.3,0.11569853588521005,0.13204356881193327,0.21712311500728929,0.19403649296479872,0.17361502055727818,0.26606708900522397,0.0913562790642161,0.14,True,True,
gain_coupling_shift,6609,frozen,validation,6,rolling_fixed_holdout,0.2,0.18,0.3,0.08146289211634943,0.051450966217010244,0.10324850941976219,0.18994997181455017,0.15919957437831217,0.276648301357313,0.11078108070529588,0.14,True,True,
gain_coupling_shift,6610,frozen,validation,6,rolling_fixed_holdout,0.2,0.18,0.3,0.1457306156723558,0.12070661130029299,0.21493498320646356,0.19527477598384427,0.1717366152063121,0.25743897128252474,0.0929652897180567,0.14,True,True,
gain_coupling_shift,6611,frozen,validation,6,rolling_fixed_holdout,0.2,0.18,0.3,0.11018029025292986,0.13180903274717665,0.2261360935651396,0.18441810965405503,0.16951383200924452,0.2866565611332472,0.11215565238934944,0.14,True,True,
gain_coupling_shift,6612,frozen,validation,6,rolling_fixed_holdout,0.2,0.18,0.3,0.0752204497698261,0.052561193516365644,0.10910403235493114,0.20429850738577165,0.1640398918287406,0.2475391118535901,0.1144434677170488,0.14,True,True,
gain_coupling_shift,6613,frozen,validation,6,rolling_fixed_holdout,0.2,0.18,0.3,0.05609237772941661,0.05251371396576283,0.09896972453343265,0.19736674072815005,0.147763149050217,0.24381061804839232,0.10202519485708426,0.14,True,True,
gain_coupling_shift,6614,frozen,validation,6,rolling_fixed_holdout,0.2,0.18,0.3,0.05947532096126021,0.17021511785186536,0.15399374211005845,0.17211579214737713,0.1723930081594966,0.2521469647876478,0.11705357728066788,0.075,False,True,
gain_coupling_shift,6615,frozen,validation,6,rolling_fixed_holdout,0.2,0.18,0.3,0.05967705829196393,0.05252455795700706,0.16511839226503464,0.18364029737615803,0.16629780013336726,0.2599545476308316,0.10054997553119445,0.14,True,True,
gain_coupling_shift,6616,frozen,validation,6,rolling_fixed_holdout,0.2,0.18,0.3,0.09143646526107571,0.10733828356926363,0.18754248736498216,0.20383165029855066,0.158165925114981,0.2693491800242328,0.10909253134296405,0.14,True,True,
gain_coupling_shift,6617,frozen,validation,6,rolling_fixed_holdout,0.2,0.18,0.3,0.04959124685225083,0.060768788444313895,0.12464693731351675,0.18176048495895594,0.16823910302651254,0.25241653872054287,0.10805219041314489,0.14,True,True,
gain_coupling_shift,6618,frozen,validation,6,rolling_fixed_holdout,0.2,0.18,0.3,0.11912339337465541,0.12739007071250533,0.2919834385713768,0.18231719779627487,0.15875904721773568,0.2908372753170469,0.1274680552340585,0.14,True,True,
gain_coupling_shift,6619,frozen,validation,6,rolling_fixed_holdout,0.2,0.18,0.3,0.13379594316835694,0.14003762808594092,0.21764022967611643,0.19332294149591353,0.13848941637881432,0.2539483306983842,0.09666313071243586,0.14,True,True,
gain_coupling_shift,6620,frozen,validation,6,rolling_fixed_holdout,0.2,0.18,0.3,0.17403130694669977,0.1464663249101822,0.1866176261412923,0.19523166932118738,0.13931271244613028,0.25774612367443606,0.08586591502944718,0.14,True,True,
gain_coupling_shift,6601,frozen,adaptation,7,fixed,0.05,0.22,-0.55,-0.006246704890600885,0.01796923950937949,-0.15149924909013449,nan,nan,nan,nan,0.14,False,True,
gain_coupling_shift,6602,frozen,adaptation,7,fixed,0.05,0.22,-0.55,0.0011238152138739938,0.024614179020941384,-0.17255653026010445,nan,nan,nan,nan,0.14,False,True,
gain_coupling_shift,6603,frozen,adaptation,7,fixed,0.05,0.22,-0.55,-0.03767941217189851,0.014514874076039836,-0.2991073302552098,nan,nan,nan,nan,0.14,False,True,
gain_coupling_shift,6604,frozen,adaptation,7,fixed,0.05,0.22,-0.55,-0.029086717348385426,-0.008881870892089921,-0.1481063538555805,nan,nan,nan,nan,0.14,False,True,
gain_coupling_shift,6605,frozen,adaptation,7,fixed,0.05,0.22,-0.55,-0.030641887490869428,-0.020122877292894466,-0.12583433957001264,nan,nan,nan,nan,0.14,False,True,
gain_coupling_shift,6606,frozen,adaptation,7,fixed,0.05,0.22,-0.55,-0.03412920165204238,-0.039199325829042404,-0.23216360136690864,nan,nan,nan,nan,0.14,False,True,
gain_coupling_shift,6607,frozen,adaptation,7,fixed,0.05,0.22,-0.55,-0.05676278676774318,-0.020296619192648864,-0.16038918423186713,nan,nan,nan,nan,0.14,False,True,
gain_coupling_shift,6608,frozen,adaptation,7,fixed,0.05,0.22,-0.55,-0.016598000301056567,0.009565875742247792,-0.26674050663412646,nan,nan,nan,nan,0.14,False,True,
gain_coupling_shift,6609,frozen,adaptation,7,fixed,0.05,0.22,-0.55,-0.027018374293511224,0.0674148455391552,-0.32271363775272927,nan,nan,nan,nan,0.14,False,True,
gain_coupling_shift,6610,frozen,adaptation,7,fixed,0.05,0.22,-0.55,-0.046048696243144976,-0.02570378133926135,-0.12366464365993139,nan,nan,nan,nan,0.14,False,True,
gain_coupling_shift,6611,frozen,adaptation,7,fixed,0.05,0.22,-0.55,0.018976204965832452,0.018109436287923192,-0.22199796807455852,nan,nan,nan,nan,0.14,False,True,
gain_coupling_shift,6612,frozen,adaptation,7,fixed,0.05,0.22,-0.55,-0.04145388580494197,-0.02694631835011954,-0.13030480883726545,nan,nan,nan,nan,0.14,False,True,
gain_coupling_shift,6613,frozen,adaptation,7,fixed,0.05,0.22,-0.55,0.057877594294954135,0.04176385485899561,-0.3215687035487514,nan,nan,nan,nan,0.14,False,True,
gain_coupling_shift,6614,frozen,adaptation,7,fixed,0.05,0.22,-0.55,-0.01302957619703862,-0.009434818371107385,-0.12348119013155509,nan,nan,nan,nan,0.075,False,True,
gain_coupling_shift,6615,frozen,adaptation,7,fixed,0.05,0.22,-0.55,-0.01584572234823474,0.01326091028030942,-0.2838613844935955,nan,nan,nan,nan,0.14,False,True,
gain_coupling_shift,6616,frozen,adaptation,7,fixed,0.05,0.22,-0.55,-0.020165787025381632,0.022099346383897465,-0.15349413629974926,nan,nan,nan,nan,0.14,False,True,
gain_coupling_shift,6617,frozen,adaptation,7,fixed,0.05,0.22,-0.55,-0.05239296569951262,-0.017928547063829504,-0.17544970338673582,nan,nan,nan,nan,0.14,False,True,
gain_coupling_shift,6618,frozen,adaptation,7,fixed,0.05,0.22,-0.55,-0.039955101320061935,-0.006975059015034531,-0.19264146269327975,nan,nan,nan,nan,0.14,False,True,
gain_coupling_shift,6619,frozen,adaptation,7,fixed,0.05,0.22,-0.55,-0.011685840004025035,0.008274972180273168,-0.1575536918846816,nan,nan,nan,nan,0.14,False,True,
gain_coupling_shift,6620,frozen,adaptation,7,fixed,0.05,0.22,-0.55,-0.041738226827839606,0.006659896685353934,-0.18190994492156043,nan,nan,nan,nan,0.14,False,True,
gain_coupling_shift,6601,frozen,validation,7,rolling_fixed_holdout,0.35,0.0,-0.5,0.21394030703207875,-0.0696664102561707,-0.210394722878047,0.3278322642707292,-0.03225678372536915,-0.40088669306846364,0.15640578095213395,0.14,False,True,
gain_coupling_shift,6602,frozen,validation,7,rolling_fixed_holdout,0.35,0.0,-0.5,0.20465450672835023,-0.06380430634250393,-0.2582193200529441,0.3315569641870883,-0.01720552871040331,-0.439630885264452,0.13284841308576564,0.14,True,True,
gain_coupling_shift,6603,frozen,validation,7,rolling_fixed_holdout,0.35,0.0,-0.5,0.15028694071051377,0.01115591285326273,-0.23687240025476644,0.32875951949331417,-0.011923082568619256,-0.3980571046240917,0.09728551391648854,0.14,True,True,
gain_coupling_shift,6604,frozen,validation,7,rolling_fixed_holdout,0.35,0.0,-0.5,0.16500404949876743,-0.03336953219602515,-0.3385056773639937,0.2891200001250506,-0.006620781013271199,-0.4115968605006613,0.10790455938074213,0.14,True,True,
gain_coupling_shift,6605,frozen,validation,7,rolling_fixed_holdout,0.35,0.0,-0.5,0.17770723226207025,-0.008307467250989546,-0.3152840734053681,0.32819146824408296,-0.017511135693328333,-0.40706146939562127,0.10431255250095439,0.14,True,True,
gain_coupling_shift,6606,frozen,validation,7,rolling_fixed_holdout,0.35,0.0,-0.5,0.1895305411408501,-0.061829124430118426,-0.19554808662730794,0.34880333534676344,-0.015224535524102729,-0.41119743942937936,0.1271880763689301,0.14,True,True,
gain_coupling_shift,6607,frozen,validation,7,rolling_fixed_holdout,0.35,0.0,-0.5,0.14615287927578696,-0.01161480451007193,-0.2694248644453959,0.316845286071284,-0.029832841844660975,-0.40403452262771583,0.1141838013973397,0.14,True,True,
gain_coupling_shift,6608,frozen,validation,7,rolling_fixed_holdout,0.35,0.0,-0.5,0.17884398076273234,-0.0020933454939914917,-0.2606336734222599,0.32731823846994956,-0.00875834823448788,-0.41192660734598396,0.09564414597267903,0.14,True,True,
gain_coupling_shift,6609,frozen,validation,7,rolling_fixed_holdout,0.35,0.0,-0.5,0.16531822427639814,-0.001653884915297314,-0.3136258434797864,0.32756888521803895,-0.025667068346206315,-0.43431177261750553,0.1068683166004112,0.14,True,True,
gain_coupling_shift,6610,frozen,validation,7,rolling_fixed_holdout,0.35,0.0,-0.5,0.16622867935962296,0.009249034184813005,-0.2161771189277626,0.33884537026716505,-0.0248236615900505,-0.3907353867246137,0.10603933828022111,0.14,True,True,
gain_coupling_shift,6611,frozen,validation,7,rolling_fixed_holdout,0.35,0.0,-0.5,0.2232173732117584,-0.020169238323401763,-0.24953764579660512,0.33843333090854194,-0.019368330821732206,-0.41527421873400594,0.11469709951101648,0.14,True,True,
gain_coupling_shift,6612,frozen,validation,7,rolling_fixed_holdout,0.35,0.0,-0.5,0.16060691814957087,-0.02597152819570269,-0.25443210253723786,0.3397302627920859,-0.013003920333004486,-0.3956774390718844,0.1197833921581213,0.14,True,True,
gain_coupling_shift,6613,frozen,validation,7,rolling_fixed_holdout,0.35,0.0,-0.5,0.23712333820054218,-0.01887080646809726,-0.3420736756454879,0.35355435158259074,0.0013159452480752825,-0.4154226334578271,0.10006407425994703,0.14,True,True,
gain_coupling_shift,6614,frozen,validation,7,rolling_fixed_holdout,0.35,0.0,-0.5,0.21167594996374095,-0.029914575688959978,-0.304936682744986,0.33243723674173226,-0.019529018115107568,-0.3966754049647574,0.11804411515121349,0.075,False,True,
gain_coupling_shift,6615,frozen,validation,7,rolling_fixed_holdout,0.35,0.0,-0.5,0.19939100080036115,0.03270883513704735,-0.18629028984862558,0.34348963824924783,-0.03292668393915721,-0.386075603512192,0.11254166962304575,0.14,True,True,
gain_coupling_shift,6616,frozen,validation,7,rolling_fixed_holdout,0.35,0.0,-0.5,0.2195561844374394,-0.06887948539040956,-0.24793617949707844,0.3451957575866768,-0.022477928504508506,-0.45414099725803136,0.12101319795724406,0.14,True,True,
gain_coupling_shift,6617,frozen,validation,7,rolling_fixed_holdout,0.35,0.0,-0.5,0.15399476395161013,-0.019570274825090356,-0.30622526915570025,0.3082803994773088,-0.03255406749028145,-0.40841914087649517,0.11340376808204004,0.14,True,True,
gain_coupling_shift,6618,frozen,validation,7,rolling_fixed_holdout,0.35,0.0,-0.5,0.17906683674091328,-0.04462929521637489,-0.23302407399645297,0.32213480333205413,-0.026243593002418936,-0.4211272745959106,0.1351867999977788,0.14,True,True,
gain_coupling_shift,6619,frozen,validation,7,rolling_fixed_holdout,0.35,0.0,-0.5,0.20651614328152476,-0.032145262833693296,-0.2642390905369698,0.3383055279604177,-0.017851523477716003,-0.4005089595740974,0.09962407924066283,0.14,True,True,
gain_coupling_shift,6620,frozen,validation,7,rolling_fixed_holdout,0.35,0.0,-0.5,0.17336220763389132,-0.033911853894111756,-0.3062795585023543,0.3382684600000872,-0.01667339733793417,-0.40908988674286545,0.093536085078563,0.14,True,True,
gain_coupling_shift,6601,frozen,adaptation,8,fixed,-0.05,-0.22,0.55,-0.06344451233210259,0.020297664673954403,-0.021571685350377675,nan,nan,nan,nan,0.14,False,True,
gain_coupling_shift,6602,frozen,adaptation,8,fixed,-0.05,-0.22,0.55,-0.06453546916444249,-0.1747248527274078,0.46372870873453464,nan,nan,nan,nan,0.14,False,True,
gain_coupling_shift,6603,frozen,adaptation,8,fixed,-0.05,-0.22,0.55,0.046410901795661305,-0.1488982497361456,0.48495909031728573,nan,nan,nan,nan,0.14,False,True,
gain_coupling_shift,6604,frozen,adaptation,8,fixed,-0.05,-0.22,0.55,-0.004119932952109083,-0.11290164356048599,0.3494288444136071,nan,nan,nan,nan,0.14,False,True,
gain_coupling_shift,6605,frozen,adaptation,8,fixed,-0.05,-0.22,0.55,-0.051831696789307345,0.00565804076463359,0.08265944411007174,nan,nan,nan,nan,0.14,False,True,
gain_coupling_shift,6606,frozen,adaptation,8,fixed,-0.05,-0.22,0.55,-0.046701744143608746,0.011631610004514502,0.06453071918938921,nan,nan,nan,nan,0.14,False,True,
gain_coupling_shift,6607,frozen,adaptation,8,fixed,-0.05,-0.22,0.55,0.003099915579103523,-0.09376566765432098,0.3125375842897242,nan,nan,nan,nan,0.14,False,True,
gain_coupling_shift,6608,frozen,adaptation,8,fixed,-0.05,-0.22,0.55,-0.04113794392067113,-0.00540986941001044,0.15754521046940634,nan,nan,nan,nan,0.14,False,True,
gain_coupling_shift,6609,frozen,adaptation,8,fixed,-0.05,-0.22,0.55,-0.013336939834933823,-0.22073699772324587,0.4259842168916197,nan,nan,nan,nan,0.14,False,True,
gain_coupling_shift,6610,frozen,adaptation,8,fixed,-0.05,-0.22,0.55,-0.027676900898636614,-0.005740646580581496,0.14763186042709409,nan,nan,nan,nan,0.14,False,True,
gain_coupling_shift,6611,frozen,adaptation,8,fixed,-0.05,-0.22,0.55,-0.07069912431317643,0.013941189386853327,-0.00401785714564839,nan,nan,nan,nan,0.14,False,True,
gain_coupling_shift,6612,frozen,adaptation,8,fixed,-0.05,-0.22,0.55,-0.020069212510324598,-0.05280847595446444,0.24979688821579338,nan,nan,nan,nan,0.14,False,True,
gain_coupling_shift,6613,frozen,adaptation,8,fixed,-0.05,-0.22,0.55,-0.05491105506371128,-0.21669117262197748,0.40671890497683605,nan,nan,nan,nan,0.14,False,True,
gain_coupling_shift,6614,frozen,adaptation,8,fixed,-0.05,-0.22,0.55,-0.06501832976911123,0.011162558704204371,0.023064802144098433,nan,nan,nan,nan,0.075,False,True,
gain_coupling_shift,6615,frozen,adaptation,8,fixed,-0.05,-0.22,0.55,-0.051958501735877384,-0.07537038956435747,0.30892322368645186,nan,nan,nan,nan,0.14,False,True,
gain_coupling_shift,6616,frozen,adaptation,8,fixed,-0.05,-0.22,0.55,-0.07464537294328166,0.01098097896403302,0.05333933421378811,nan,nan,nan,nan,0.14,False,True,
gain_coupling_shift,6617,frozen,adaptation,8,fixed,-0.05,-0.22,0.55,0.03752153492630642,-0.1480923028142063,0.34716315588638336,nan,nan,nan,nan,0.14,False,True,
gain_coupling_shift,6618,frozen,adaptation,8,fixed,-0.05,-0.22,0.55,-0.05567407244220662,0.00975110610968196,0.01786534770265045,nan,nan,nan,nan,0.14,False,True,
gain_coupling_shift,6619,frozen,adaptation,8,fixed,-0.05,-0.22,0.55,-0.06610037351140964,0.006530815966552711,0.10258721368235874,nan,nan,nan,nan,0.14,False,True,
gain_coupling_shift,6620,frozen,adaptation,8,fixed,-0.05,-0.22,0.55,0.0038381642137365985,-0.027640647691742036,0.23876560719812742,nan,nan,nan,nan,0.14,False,True,
gain_coupling_shift,6601,frozen,validation,8,rolling_fixed_holdout,0.35,0.0,0.5,0.1510605891132852,-0.027578758279001532,0.4435983013950724,0.3425298462748313,0.016254357802207464,0.46546532848769384,0.13099697546774133,0.14,True,True,
gain_coupling_shift,6602,frozen,validation,8,rolling_fixed_holdout,0.35,0.0,0.5,0.15607797549828706,-0.034221121649904415,0.32667916535467767,0.3456081007988227,0.00590627290836498,0.49187700857943784,0.14568774745459004,0.14,True,True,
gain_coupling_shift,6603,frozen,validation,8,rolling_fixed_holdout,0.35,0.0,0.5,0.23107512608766126,0.043435542120778006,0.27871631825468934,0.36178062684212003,0.03016803605372658,0.44801887012822683,0.10651890981252939,0.14,True,True,
gain_coupling_shift,6604,frozen,validation,8,rolling_fixed_holdout,0.35,0.0,0.5,0.18519786955077036,0.012384449362158012,0.1984938729244331,0.3721178473757842,-0.002411266414509563,0.46246177991291604,0.12762221652671893,0.14,True,True,
gain_coupling_shift,6605,frozen,validation,8,rolling_fixed_holdout,0.35,0.0,0.5,0.1967741619199214,0.05218727511987827,0.2640609835792505,0.35149651219152467,0.015317206866580745,0.4131618019035027,0.10655795820538425,0.14,True,True,
gain_coupling_shift,6606,frozen,validation,8,rolling_fixed_holdout,0.35,0.0,0.5,0.16220834958048191,0.05377155999849346,0.28898630554764193,0.3805839936451635,0.024631172575687903,0.44682600379016885,0.14017857761832428,0.14,True,True,
gain_coupling_shift,6607,frozen,validation,8,rolling_fixed_holdout,0.35,0.0,0.5,0.2289917972638281,0.012119747605707176,0.296946777183286,0.3484814851778342,0.014732702687405869,0.41520006185939806,0.11820418470205432,0.14,True,True,
gain_coupling_shift,6608,frozen,validation,8,rolling_fixed_holdout,0.35,0.0,0.5,0.1957292327797697,0.059263516489293365,0.30723926483624553,0.3637640833771642,0.02377655400195066,0.46811637715863674,0.1041529303547495,0.14,True,True,
gain_coupling_shift,6609,frozen,validation,8,rolling_fixed_holdout,0.35,0.0,0.5,0.22288461762715656,-0.04658077907224544,0.2585966738560877,0.3461894284727561,-0.0010459909944548359,0.46614408278420555,0.1228021954500595,0.14,True,True,
gain_coupling_shift,6610,frozen,validation,8,rolling_fixed_holdout,0.35,0.0,0.5,0.23890014433964993,0.04983132488874592,0.28430588845513244,0.3646082092443807,0.03075618467073303,0.40952813253461706,0.10374960909542262,0.14,True,True,
gain_coupling_shift,6611,frozen,validation,8,rolling_fixed_holdout,0.35,0.0,0.5,0.12833631802863268,0.0329891277770344,0.32674736071566235,0.33652846829038463,0.041338211253330204,0.4571519652942902,0.10494578091519945,0.14,True,True,
gain_coupling_shift,6612,frozen,validation,8,rolling_fixed_holdout,0.35,0.0,0.5,0.24455344207044014,0.019303063342935186,0.2842525457996507,0.37094891273872255,0.020117004522494576,0.4166263130960224,0.11913317150061488,0.14,True,True,
gain_coupling_shift,6613,frozen,validation,8,rolling_fixed_holdout,0.35,0.0,0.5,0.1631807273442885,-0.02323547188062606,0.2220881831236221,0.349635802872373,0.012237498374984042,0.40830309819866284,0.11868254579588,0.14,True,True,
gain_coupling_shift,6614,frozen,validation,8,rolling_fixed_holdout,0.35,0.0,0.5,0.17366384689601533,0.09096258252014658,0.3073859184519037,0.32868018577087293,0.03031568560970164,0.38596152796884686,0.09112995846256461,0.075,False,True,
gain_coupling_shift,6615,frozen,validation,8,rolling_fixed_holdout,0.35,0.0,0.5,0.178349785593383,0.02733071227698906,0.3008024894609497,0.35413901044713364,0.02568580607162155,0.41725711949703187,0.11834165564609285,0.14,True,True,
gain_coupling_shift,6616,frozen,validation,8,rolling_fixed_holdout,0.35,0.0,0.5,0.19954110977423123,0.06110269269395622,0.32036030828047335,0.35660286819326625,0.042267992148116156,0.46806754811979834,0.11882182214036159,0.14,True,True,
gain_coupling_shift,6617,frozen,validation,8,rolling_fixed_holdout,0.35,0.0,0.5,0.18841066627540795,0.0485000891426915,0.24577732984705952,0.34091868437299644,0.02155868448635211,0.38637508307765095,0.1171129889807663,0.14,True,True,
gain_coupling_shift,6618,frozen,validation,8,rolling_fixed_holdout,0.35,0.0,0.5,0.12425496864799165,0.0193767832361299,0.3205348650269823,0.35244843773684736,0.01667004162693735,0.47986706852826233,0.12318233499909569,0.14,True,True,
gain_coupling_shift,6619,frozen,validation,8,rolling_fixed_holdout,0.35,0.0,0.5,0.15071801389433845,0.05497416077878849,0.22430451557888337,0.36479065486657636,0.03909524835003752,0.4227364336286432,0.11487093164945615,0.14,True,True,
gain_coupling_shift,6620,frozen,validation,8,rolling_fixed_holdout,0.35,0.0,0.5,0.3163772982485729,0.07478364125150058,0.29068127406322547,0.3674613963292501,0.032735979550491325,0.433753185134001,0.09098660520904318,0.14,True,True,
gain_coupling_shift,6601,frozen,adaptation,9,fixed,0.28,0.14,-0.3,0.18648331879399632,0.039621568430176946,-0.059883843549469636,nan,nan,nan,nan,0.14,False,True,
gain_coupling_shift,6602,frozen,adaptation,9,fixed,0.28,0.14,-0.3,0.18617587659615292,0.04449458776118799,-0.10775529551733244,nan,nan,nan,nan,0.14,False,True,
gain_coupling_shift,6603,frozen,adaptation,9,fixed,0.28,0.14,-0.3,0.10610025977691807,0.03490231207606461,-0.1735458869166001,nan,nan,nan,nan,0.14,False,True,
gain_coupling_shift,6604,frozen,adaptation,9,fixed,0.28,0.14,-0.3,0.14789147311590434,0.0625520471162976,-0.12082276641981371,nan,nan,nan,nan,0.14,False,True,
gain_coupling_shift,6605,frozen,adaptation,9,fixed,0.28,0.14,-0.3,0.10157254687948446,0.08158770520958096,-0.1743203689295836,nan,nan,nan,nan,0.14,False,True,
gain_coupling_shift,6606,frozen,adaptation,9,fixed,0.28,0.14,-0.3,0.17385673539802338,0.052526287573615514,-0.07055656575045956,nan,nan,nan,nan,0.14,False,True,
gain_coupling_shift,6607,frozen,adaptation,9,fixed,0.28,0.14,-0.3,0.040270471355797345,0.050384766261920476,-0.10744029260760139,nan,nan,nan,nan,0.14,False,True,
gain_coupling_shift,6608,frozen,adaptation,9,fixed,0.28,0.14,-0.3,0.12150256520663057,0.04579992113318638,-0.17489543643316854,nan,nan,nan,nan,0.14,False,True,
gain_coupling_shift,6609,frozen,adaptation,9,fixed,0.28,0.14,-0.3,0.050216343944891106,0.06020223055147555,-0.14053934535108337,nan,nan,nan,nan,0.14,False,True,
gain_coupling_shift,6610,frozen,adaptation,9,fixed,0.28,0.14,-0.3,0.10866841632444707,0.07066771629529019,-0.13816506288501898,nan,nan,nan,nan,0.14,False,True,
gain_coupling_shift,6611,frozen,adaptation,9,fixed,0.28,0.14,-0.3,0.17398748970614994,0.055813613700132755,-0.15386678561168812,nan,nan,nan,nan,0.14,False,True,
gain_coupling_shift,6612,frozen,adaptation,9,fixed,0.28,0.14,-0.3,0.11228464170599656,0.07387547631883241,-0.14960753770488824,nan,nan,nan,nan,0.14,False,True,
gain_coupling_shift,6613,frozen,adaptation,9,fixed,0.28,0.14,-0.3,0.20118573633747194,0.08543713876397965,-0.16200456399185806,nan,nan,nan,nan,0.14,False,True,
gain_coupling_shift,6614,frozen,adaptation,9,fixed,0.28,0.14,-0.3,0.10062385381244102,0.08742323611376958,-0.15900121990819838,nan,nan,nan,nan,0.075,False,True,
gain_coupling_shift,6615,frozen,adaptation,9,fixed,0.28,0.14,-0.3,0.12438225036375143,0.03995004361402921,-0.15872514801971266,nan,nan,nan,nan,0.14,False,True,
gain_coupling_shift,6616,frozen,adaptation,9,fixed,0.28,0.14,-0.3,0.19392750576909293,0.04136866891940919,-0.08465307134062654,nan,nan,nan,nan,0.14,False,True,
gain_coupling_shift,6617,frozen,adaptation,9,fixed,0.28,0.14,-0.3,0.03396637833966398,0.04719254492734065,-0.12092412450868889,nan,nan,nan,nan,0.14,False,True,
gain_coupling_shift,6618,frozen,adaptation,9,fixed,0.28,0.14,-0.3,0.10925530474595246,0.052531071899173665,-0.14880121167535354,nan,nan,nan,nan,0.14,False,True,
gain_coupling_shift,6619,frozen,adaptation,9,fixed,0.28,0.14,-0.3,0.15271949738861498,0.03735042799637501,-0.14851755010269768,nan,nan,nan,nan,0.14,False,True,
gain_coupling_shift,6620,frozen,adaptation,9,fixed,0.28,0.14,-0.3,0.12894411551308244,0.03813624702196553,-0.17504215770282144,nan,nan,nan,nan,0.14,False,True,
gain_coupling_shift,6601,frozen,validation,9,rolling_fixed_holdout,-0.3,0.0,-0.35,-0.11996400292912261,0.01228630877769104,-0.23051551543322313,-0.3127444370686225,0.002494756761639352,-0.306585507288354,0.13284668915854844,0.14,True,True,
gain_coupling_shift,6602,frozen,validation,9,rolling_fixed_holdout,-0.3,0.0,-0.35,-0.09064858725376283,0.03417757459601873,-0.1912618404245507,-0.3101208108608118,0.0004331776109704779,-0.31140086464983274,0.14378398737773232,0.14,True,True,
gain_coupling_shift,6603,frozen,validation,9,rolling_fixed_holdout,-0.3,0.0,-0.35,-0.11307804538685495,0.010873079966464624,-0.1702034371083705,-0.29188996064056305,0.0005404447961544362,-0.29796266238440633,0.11492102131093138,0.14,True,True,
gain_coupling_shift,6604,frozen,validation,9,rolling_fixed_holdout,-0.3,0.0,-0.35,-0.11821987118034118,0.024583532905468396,-0.2178463646454537,-0.2887215893160585,-0.0010417718141177272,-0.32534961395531925,0.129908969349152,0.14,True,True,
gain_coupling_shift,6605,frozen,validation,9,rolling_fixed_holdout,-0.3,0.0,-0.35,-0.1186857784372,0.02068342517962935,-0.24666788298137793,-0.3008942692692129,-0.006275251560585607,-0.2952439880199517,0.10927584506650698,0.14,True,True,
gain_coupling_shift,6606,frozen,validation,9,rolling_fixed_holdout,-0.3,0.0,-0.35,-0.1786040517804997,-0.019175544571339378,-0.2501989275121555,-0.3108244261547717,-0.014429589618938268,-0.30036004486779794,0.12118506615548305,0.14,True,True,
gain_coupling_shift,6607,frozen,validation,9,rolling_fixed_holdout,-0.3,0.0,-0.35,-0.14441825749003437,0.032889496821458385,-0.2538666895723773,-0.3010158159349394,-0.0026808267109509495,-0.29650177109089904,0.11285619008770499,0.14,True,True,
gain_coupling_shift,6608,frozen,validation,9,rolling_fixed_holdout,-0.3,0.0,-0.35,-0.12153772645908216,0.0095654153463319,-0.18528722160566252,-0.3083368392092861,-0.009671188679163672,-0.2987961972521328,0.11502312696108986,0.14,True,True,
gain_coupling_shift,6609,frozen,validation,9,rolling_fixed_holdout,-0.3,0.0,-0.35,-0.06459351396388943,0.037295477724526196,-0.17162969180918147,-0.3167776054586937,0.002683617816231688,-0.3105663971474227,0.14123423968352422,0.14,True,True,
gain_coupling_shift,6610,frozen,validation,9,rolling_fixed_holdout,-0.3,0.0,-0.35,-0.07871121692386641,0.02976222073300617,-0.19457071608682314,-0.30953854646515766,-0.0017116401976044074,-0.29495977906510756,0.11707908526394115,0.14,True,True,
gain_coupling_shift,6611,frozen,validation,9,rolling_fixed_holdout,-0.3,0.0,-0.35,-0.09941504589291711,0.017621580614391875,-0.18245746899076054,-0.3109416471832364,0.00287699918298625,-0.3121797089292899,0.12025923646850087,0.14,True,True,
gain_coupling_shift,6612,frozen,validation,9,rolling_fixed_holdout,-0.3,0.0,-0.35,-0.07381333163206588,0.0313372640152396,-0.19093838560143203,-0.3073336733149682,-0.004059210393044896,-0.2971611384469141,0.129429426809155,0.14,True,True,
gain_coupling_shift,6613,frozen,validation,9,rolling_fixed_holdout,-0.3,0.0,-0.35,-0.10490411298606045,0.012828782328805551,-0.20890354584104512,-0.295032999678847,-0.00945248311344187,-0.2922470385554587,0.12370830877542896,0.14,True,True,
gain_coupling_shift,6614,frozen,validation,9,rolling_fixed_holdout,-0.3,0.0,-0.35,-0.14400260706280735,-0.015756226031541157,-0.22308443023157656,-0.3073302480666393,0.0019438269493121077,-0.2846708058432617,0.09578541342870989,0.075,False,True,
gain_coupling_shift,6615,frozen,validation,9,rolling_fixed_holdout,-0.3,0.0,-0.35,-0.13204627950159478,0.010455012001756251,-0.15825083568557347,-0.29890766682719677,0.0015894614584038593,-0.29037007788397634,0.12653550053657497,0.14,True,True,
gain_coupling_shift,6616,frozen,validation,9,rolling_fixed_holdout,-0.3,0.0,-0.35,-0.14514586113557643,-0.020393115238570417,-0.25219185332335614,-0.3119206720080422,-0.010836340708831034,-0.32252075338502617,0.11621072443592328,0.14,True,True,
gain_coupling_shift,6617,frozen,validation,9,rolling_fixed_holdout,-0.3,0.0,-0.35,-0.22923549540688748,-0.023401699564795715,-0.23834942994378486,-0.3038336857510342,-0.002823251728069675,-0.2944663802413682,0.1051386419573915,0.14,True,True,
gain_coupling_shift,6618,frozen,validation,9,rolling_fixed_holdout,-0.3,0.0,-0.35,-0.22651531964870258,-0.03324842293390626,-0.22855981762539404,-0.3143268757213498,0.0003683227973163803,-0.3137036208182246,0.11355058840804856,0.14,True,True,
gain_coupling_shift,6619,frozen,validation,9,rolling_fixed_holdout,-0.3,0.0,-0.35,-0.1165784968044706,0.01935140293129773,-0.2360557434751225,-0.3001127626809546,-0.0013858798019317515,-0.29838265898808275,0.1170684758351669,0.14,True,True,
gain_coupling_shift,6620,frozen,validation,9,rolling_fixed_holdout,-0.3,0.0,-0.35,-0.13986378088360948,0.01816147955186296,-0.19407312495294587,-0.2884836241432844,0.0034236802611469852,-0.30583006994974143,0.09276445561492713,0.14,True,True,
gain_coupling_shift,6601,frozen,adaptation,10,fixed,-0.28,-0.14,0.3,-0.21869630168975435,-0.09771742582352713,0.17011401878060015,nan,nan,nan,nan,0.14,False,True,
gain_coupling_shift,6602,frozen,adaptation,10,fixed,-0.28,-0.14,0.3,-0.0773026813495667,-0.009458242578191433,0.060627517570430105,nan,nan,nan,nan,0.14,False,True,
gain_coupling_shift,6603,frozen,adaptation,10,fixed,-0.28,-0.14,0.3,-0.07144636962625747,0.0020689298516542954,0.06753962563156252,nan,nan,nan,nan,0.14,False,True,
gain_coupling_shift,6604,frozen,adaptation,10,fixed,-0.28,-0.14,0.3,-0.0967198263963004,-0.08146441466625674,0.15630975984786616,nan,nan,nan,nan,0.14,False,True,
gain_coupling_shift,6605,frozen,adaptation,10,fixed,-0.28,-0.14,0.3,-0.09021910569516549,-0.05225711673623549,0.12466235291607618,nan,nan,nan,nan,0.14,False,True,
gain_coupling_shift,6606,frozen,adaptation,10,fixed,-0.28,-0.14,0.3,-0.09502642819585999,-0.046787982361751405,0.13261973929437196,nan,nan,nan,nan,0.14,False,True,
gain_coupling_shift,6607,frozen,adaptation,10,fixed,-0.28,-0.14,0.3,-0.08632279442796734,-0.06281238520465555,0.1264694849283655,nan,nan,nan,nan,0.14,False,True,
gain_coupling_shift,6608,frozen,adaptation,10,fixed,-0.28,-0.14,0.3,-0.10498729772069325,-0.07795991281282912,0.16265229733895287,nan,nan,nan,nan,0.14,False,True,
gain_coupling_shift,6609,frozen,adaptation,10,fixed,-0.28,-0.14,0.3,-0.1800826591875492,-0.14455583711348938,0.2625174614098732,nan,nan,nan,nan,0.14,False,True,
gain_coupling_shift,6610,frozen,adaptation,10,fixed,-0.28,-0.14,0.3,-0.0478644446798469,0.002301298388466464,0.08673931970689785,nan,nan,nan,nan,0.14,False,True,
gain_coupling_shift,6611,frozen,adaptation,10,fixed,-0.28,-0.14,0.3,-0.04285316422844944,0.0015454857922732178,0.07193565439990825,nan,nan,nan,nan,0.14,False,True,
gain_coupling_shift,6612,frozen,adaptation,10,fixed,-0.28,-0.14,0.3,-0.05612974429460389,0.0007966901137100102,0.09761170663623382,nan,nan,nan,nan,0.14,False,True,
gain_coupling_shift,6613,frozen,adaptation,10,fixed,-0.28,-0.14,0.3,-0.18405779183743734,-0.1301599754292357,0.212709857527623,nan,nan,nan,nan,0.14,False,True,
gain_coupling_shift,6614,frozen,adaptation,10,fixed,-0.28,-0.14,0.3,-0.03597187352178743,-0.0003750641392511319,0.09758670895279414,nan,nan,nan,nan,0.075,False,True,
gain_coupling_shift,6615,frozen,adaptation,10,fixed,-0.28,-0.14,0.3,-0.05837042737472689,0.0018905695572850245,0.07819304795559914,nan,nan,nan,nan,0.14,False,True,
gain_coupling_shift,6616,frozen,adaptation,10,fixed,-0.28,-0.14,0.3,-0.07367626470972835,-0.009470648895270937,0.09262241784963356,nan,nan,nan,nan,0.14,False,True,
gain_coupling_shift,6617,frozen,adaptation,10,fixed,-0.28,-0.14,0.3,-0.13215846332102205,-0.13894548756261954,0.17876362051811767,nan,nan,nan,nan,0.14,False,True,
gain_coupling_shift,6618,frozen,adaptation,10,fixed,-0.28,-0.14,0.3,-0.16496995796564798,-0.12564560445036602,0.20310607650308968,nan,nan,nan,nan,0.14,False,True,
gain_coupling_shift,6619,frozen,adaptation,10,fixed,-0.28,-0.14,0.3,-0.06304781579650096,0.0031726204248820064,0.09763952508892418,nan,nan,nan,nan,0.14,False,True,
gain_coupling_shift,6620,frozen,adaptation,10,fixed,-0.28,-0.14,0.3,-0.07832477323231254,-0.006055349375952791,0.1079103994209043,nan,nan,nan,nan,0.14,False,True,
gain_coupling_shift,6601,frozen,validation,10,rolling_fixed_holdout,-0.3,0.0,0.35,0.00038340784377654586,0.010597496812564097,0.06648981736398545,-0.31610951473947674,-0.0012273894896013442,0.32078867693964164,0.15751728901580614,0.14,True,True,
gain_coupling_shift,6602,frozen,validation,10,rolling_fixed_holdout,-0.3,0.0,0.35,-0.016674856843157733,0.00805579472673507,0.053277950944251494,-0.30567869501154366,-0.01059781349835981,0.3488155675505389,0.17101701284396018,0.14,True,True,
gain_coupling_shift,6603,frozen,validation,10,rolling_fixed_holdout,-0.3,0.0,0.35,-0.04855784427355495,0.001284868268073549,0.08077250788207396,-0.29561975819567754,-0.0037600523191051753,0.3147140375551857,0.14957870918992264,0.14,True,True,
gain_coupling_shift,6604,frozen,validation,10,rolling_fixed_holdout,-0.3,0.0,0.35,-0.04621033755500078,0.00842229858680649,0.10680341427901059,-0.2597997721034359,0.0034190691386937924,0.31314129828012566,0.146003674368267,0.14,True,True,
gain_coupling_shift,6605,frozen,validation,10,rolling_fixed_holdout,-0.3,0.0,0.35,-0.03640887983484593,0.00520576815478901,0.10534113260787864,-0.2992829650441699,-0.005986273638682168,0.29758858589117443,0.1357559811358269,0.14,True,True,
gain_coupling_shift,6606,frozen,validation,10,rolling_fixed_holdout,-0.3,0.0,0.35,-0.03353389980016077,0.010215196586050074,0.10153352761071122,-0.3086461909782915,-0.005291105384634525,0.30385521277321853,0.15394183969761943,0.14,True,True,
gain_coupling_shift,6607,frozen,validation,10,rolling_fixed_holdout,-0.3,0.0,0.35,-0.03051061983424992,0.00644613851292727,0.10264612312507915,-0.29954527176817836,-0.005246096049193799,0.29742284048220446,0.1335153307066708,0.14,True,True,
gain_coupling_shift,6608,frozen,validation,10,rolling_fixed_holdout,-0.3,0.0,0.35,-0.043980010087638306,0.0046185902179248575,0.03961583243058183,-0.30265525200037663,-0.01096101854204555,0.3379675057910558,0.15934047118912717,0.14,True,True,
gain_coupling_shift,6609,frozen,validation,10,rolling_fixed_holdout,-0.3,0.0,0.35,-0.03627523077397905,0.003581411755861702,0.05787602656083271,-0.3151894003431848,-0.01092105777205656,0.34320865802581724,0.16964098729112487,0.14,True,True,
gain_coupling_shift,6610,frozen,validation,10,rolling_fixed_holdout,-0.3,0.0,0.35,-0.03026899750325595,0.00585812982394042,0.08822194845500562,-0.3143706046715039,0.0007869279999188308,0.2931206146873517,0.15284735742460553,0.14,True,True,
gain_coupling_shift,6611,frozen,validation,10,rolling_fixed_holdout,-0.3,0.0,0.35,-0.007848866190493919,0.005250964360290939,0.07586102328552163,-0.3023091211545735,0.0018833523426780919,0.3269841666005729,0.1614344011337619,0.14,True,True,
gain_coupling_shift,6612,frozen,validation,10,rolling_fixed_holdout,-0.3,0.0,0.35,-0.0356175304332053,0.00625983366239082,0.08877205679990752,-0.3074224427036064,0.0007122587518701364,0.29428868449996903,0.14969874529131943,0.14,True,True,
gain_coupling_shift,6613,frozen,validation,10,rolling_fixed_holdout,-0.3,0.0,0.35,-0.03379440692024468,0.007942575809597296,0.09304747590334121,-0.2873535266412121,9.526472919892444e-05,0.28669539585084075,0.14008583301764277,0.14,True,True,
gain_coupling_shift,6614,frozen,validation,10,rolling_fixed_holdout,-0.3,0.0,0.35,-0.014135045854231264,0.007033099359790772,0.11467263191324764,-0.3116624984888254,-0.000996351513619957,0.2917211120068015,0.1315626252928253,0.075,False,True,
gain_coupling_shift,6615,frozen,validation,10,rolling_fixed_holdout,-0.3,0.0,0.35,-0.028628169299722124,0.0010006935657254131,0.07762399719878749,-0.3020150819349028,0.004223665346368524,0.29094247495576064,0.15140597401473693,0.14,True,True,
gain_coupling_shift,6616,frozen,validation,10,rolling_fixed_holdout,-0.3,0.0,0.35,-0.02250542750290742,0.01213195063720429,0.08181407513089757,-0.303114891189074,-0.008208167812773356,0.33607783454175505,0.15382787427214753,0.14,True,True,
gain_coupling_shift,6617,frozen,validation,10,rolling_fixed_holdout,-0.3,0.0,0.35,-0.034451905358442884,0.006005605100184635,0.10368091345054115,-0.3011960793626663,-0.005695386462781974,0.29960453800617964,0.12812149037719744,0.14,True,True,
gain_coupling_shift,6618,frozen,validation,10,rolling_fixed_holdout,-0.3,0.0,0.35,-0.018402454061236497,0.007272905378318377,0.07833757136216185,-0.3119192947273387,-0.008188978336114091,0.33168950239093614,0.15819936177650362,0.14,True,True,
gain_coupling_shift,6619,frozen,validation,10,rolling_fixed_holdout,-0.3,0.0,0.35,-0.03438583026491152,0.0061494961399567475,0.10321150691067947,-0.3026280406309193,0.00905135815329983,0.2947038614059694,0.14950691839581157,0.14,True,True,
gain_coupling_shift,6620,frozen,validation,10,rolling_fixed_holdout,-0.3,0.0,0.35,-0.042059793162647074,-0.0003437416455230957,0.11224215242594969,-0.27303726177667564,0.014628635190613559,0.2883622900080285,0.12325316221311382,0.14,True,True,
gain_coupling_shift,6601,frozen,adaptation,11,fixed,0.15,-0.18,0.6,-0.0033618240768969227,0.014086415336233069,0.14443747616453195,nan,nan,nan,nan,0.14,False,True,
gain_coupling_shift,6602,frozen,adaptation,11,fixed,0.15,-0.18,0.6,0.016604849567717624,-0.07286225167357568,0.33715562014843126,nan,nan,nan,nan,0.14,False,False,
gain_coupling_shift,6603,frozen,adaptation,11,fixed,0.15,-0.18,0.6,0.14387413844561764,-0.07105329288895726,0.403860020566321,nan,nan,nan,nan,0.14,False,True,
gain_coupling_shift,6604,frozen,adaptation,11,fixed,0.15,-0.18,0.6,0.09524590556533677,-0.13332610726682564,0.36170345980653273,nan,nan,nan,nan,0.14,False,True,
gain_coupling_shift,6605,frozen,adaptation,11,fixed,0.15,-0.18,0.6,0.06905035348478632,-0.04672348654900077,0.3033434359549155,nan,nan,nan,nan,0.14,False,True,
gain_coupling_shift,6606,frozen,adaptation,11,fixed,0.15,-0.18,0.6,0.10052704959251353,-0.026728996677392033,0.3163659979418539,nan,nan,nan,nan,0.14,False,True,
gain_coupling_shift,6607,frozen,adaptation,11,fixed,0.15,-0.18,0.6,0.08493577479695484,-0.10830091387282983,0.35419765322537655,nan,nan,nan,nan,0.14,False,True,
gain_coupling_shift,6608,frozen,adaptation,11,fixed,0.15,-0.18,0.6,0.08379715613043352,-0.11497017110188357,0.4276721759719437,nan,nan,nan,nan,0.14,False,True,
gain_coupling_shift,6609,frozen,adaptation,11,fixed,0.15,-0.18,0.6,0.1127367934731997,-0.1434299695910765,0.4752069840411579,nan,nan,nan,nan,0.14,False,True,
gain_coupling_shift,6610,frozen,adaptation,11,fixed,0.15,-0.18,0.6,0.12921241467444214,-0.06494672776391723,0.3670699436960864,nan,nan,nan,nan,0.14,False,True,
gain_coupling_shift,6611,frozen,adaptation,11,fixed,0.15,-0.18,0.6,0.010078385596553842,-0.02554239823680544,0.2875110504196389,nan,nan,nan,nan,0.14,False,True,
gain_coupling_shift,6612,frozen,adaptation,11,fixed,0.15,-0.18,0.6,0.11564433017956605,-0.11940790175723154,0.4071066228872345,nan,nan,nan,nan,0.14,False,True,
gain_coupling_shift,6613,frozen,adaptation,11,fixed,0.15,-0.18,0.6,0.053576513858777944,-0.12672200888691634,0.4355572770484532,nan,nan,nan,nan,0.14,False,True,
gain_coupling_shift,6614,frozen,adaptation,11,fixed,0.15,-0.18,0.6,-0.010660078218021942,-0.019268653340671384,0.24328876530458057,nan,nan,nan,nan,0.075,False,True,
gain_coupling_shift,6615,frozen,adaptation,11,fixed,0.15,-0.18,0.6,0.09686521323602083,-0.1184253137570871,0.4467990991163258,nan,nan,nan,nan,0.14,False,True,
gain_coupling_shift,6616,frozen,adaptation,11,fixed,0.15,-0.18,0.6,0.05662793456451182,-0.03970682821365056,0.303876617037586,nan,nan,nan,nan,0.14,False,True,
gain_coupling_shift,6617,frozen,adaptation,11,fixed,0.15,-0.18,0.6,0.11305082726329996,-0.09580931599157717,0.3333506425459187,nan,nan,nan,nan,0.14,False,True,
gain_coupling_shift,6618,frozen,adaptation,11,fixed,0.15,-0.18,0.6,0.09545004141927356,-0.024777926926551137,0.2633313511504034,nan,nan,nan,nan,0.14,False,True,
gain_coupling_shift,6619,frozen,adaptation,11,fixed,0.15,-0.18,0.6,0.06401854030934677,0.0002661826911223581,0.28918392738774457,nan,nan,nan,nan,0.14,False,True,
gain_coupling_shift,6620,frozen,adaptation,11,fixed,0.15,-0.18,0.6,0.16535847275417132,-0.0465991221964125,0.35530611940970874,nan,nan,nan,nan,0.14,False,True,
gain_coupling_shift,6601,frozen,validation,11,rolling_fixed_holdout,0.2,-0.18,-0.3,0.11864662011768151,-0.1567860037332863,-0.11073212393732716,0.2029977611328543,-0.18041727893856171,-0.2596994112016665,0.15191749737716795,0.14,True,True,
gain_coupling_shift,6602,frozen,validation,11,rolling_fixed_holdout,0.2,-0.18,-0.3,0.1278888827623254,-0.14866548785211237,-0.117013652376431,0.20237511733115987,-0.18936477924847764,-0.2732995123423999,0.1661841072155129,0.14,True,True,
gain_coupling_shift,6603,frozen,validation,11,rolling_fixed_holdout,0.2,-0.18,-0.3,0.10624246207925085,-0.08016038093332707,-0.10709118230669683,0.20871849967172051,-0.16366011043485945,-0.25279546831839883,0.14399744056031305,0.14,True,True,
gain_coupling_shift,6604,frozen,validation,11,rolling_fixed_holdout,0.2,-0.18,-0.3,0.11207221287305165,-0.1277250848628927,-0.18124038523916983,0.18372951534033044,-0.1942694653763332,-0.2687510717003316,0.14478815934153222,0.14,True,True,
gain_coupling_shift,6605,frozen,validation,11,rolling_fixed_holdout,0.2,-0.18,-0.3,0.09121036747878962,-0.07226440619275651,-0.1672753616557121,0.19800091015096163,-0.1779813606370145,-0.2591803368135861,0.13571715461549969,0.14,True,True,
gain_coupling_shift,6606,frozen,validation,11,rolling_fixed_holdout,0.2,-0.18,-0.3,0.1332840581665197,-0.16173406271578145,-0.08573006012185073,0.21098749686273544,-0.1991584925707254,-0.25359114722515963,0.1431631886366421,0.14,True,True,
gain_coupling_shift,6607,frozen,validation,11,rolling_fixed_holdout,0.2,-0.18,-0.3,0.08533179889261965,-0.07438649538927178,-0.16100750269300676,0.1997685495578158,-0.18193501122849406,-0.260126318793826,0.129362398121798,0.14,True,True,
gain_coupling_shift,6608,frozen,validation,11,rolling_fixed_holdout,0.2,-0.18,-0.3,0.12003706362439019,-0.08054856535296752,-0.12877698376415642,0.20464317546624114,-0.17967013958219022,-0.26432514298147197,0.1568041862463782,0.14,True,True,
gain_coupling_shift,6609,frozen,validation,11,rolling_fixed_holdout,0.2,-0.18,-0.3,0.061696876687906986,-0.0627321437698861,-0.1418932945489365,0.1969455197091908,-0.18192909098215185,-0.2804076431675136,0.17213272587841963,0.14,True,True,
gain_coupling_shift,6610,frozen,validation,11,rolling_fixed_holdout,0.2,-0.18,-0.3,0.10195691702774064,-0.08353884262436458,-0.1496360099704591,0.2046037621058982,-0.17544970644144614,-0.255572423421325,0.1440851085336031,0.14,True,True,
gain_coupling_shift,6611,frozen,validation,11,rolling_fixed_holdout,0.2,-0.18,-0.3,0.10531227899258869,-0.08885965661592862,-0.13814352713324474,0.20324675712317872,-0.17488819547779738,-0.2678874564097833,0.15963875342803488,0.14,True,True,
gain_coupling_shift,6612,frozen,validation,11,rolling_fixed_holdout,0.2,-0.18,-0.3,0.0859890023146314,-0.08515995248625013,-0.134658801106728,0.20035054486837417,-0.1854482807293038,-0.253226168201104,0.1454611996650387,0.14,True,True,
gain_coupling_shift,6613,frozen,validation,11,rolling_fixed_holdout,0.2,-0.18,-0.3,0.1410166816421883,-0.09954580932981609,-0.14390226056977345,0.20677664749059713,-0.18337023053506227,-0.2568124278396385,0.14149332860729763,0.14,True,True,
gain_coupling_shift,6614,frozen,validation,11,rolling_fixed_holdout,0.2,-0.18,-0.3,0.11693780029142241,-0.10413199443132058,-0.1719612839211126,0.2025227851838967,-0.1771962613556136,-0.2594226273426672,0.13067460046355103,0.075,False,True,
gain_coupling_shift,6615,frozen,validation,11,rolling_fixed_holdout,0.2,-0.18,-0.3,0.1291619933661201,-0.06768894132352096,-0.11203463692155165,0.21074722413064573,-0.16653660357596914,-0.2458092315065304,0.14271804071361205,0.14,True,True,
gain_coupling_shift,6616,frozen,validation,11,rolling_fixed_holdout,0.2,-0.18,-0.3,0.13658942905870658,-0.16293369306348854,-0.13159775748029873,0.2048486612915172,-0.19542753722033576,-0.2793390745754198,0.1446374820648648,0.14,True,True,
gain_coupling_shift,6617,frozen,validation,11,rolling_fixed_holdout,0.2,-0.18,-0.3,0.1010422247633666,-0.10715773596235155,-0.19707811767592315,0.19696434457645207,-0.18435096689477076,-0.2680338116129617,0.12340979513129294,0.14,True,True,
gain_coupling_shift,6618,frozen,validation,11,rolling_fixed_holdout,0.2,-0.18,-0.3,0.0960496067168714,-0.1419215126105668,-0.13655594783496594,0.20281888540286902,-0.18541838524915535,-0.2728249645771459,0.15165642840976645,0.14,True,True,
gain_coupling_shift,6619,frozen,validation,11,rolling_fixed_holdout,0.2,-0.18,-0.3,0.12715187202092215,-0.11104966172922759,-0.11741918753107793,0.2115417799945106,-0.17463866411819762,-0.2515931656660119,0.14755040604075426,0.14,True,True,
gain_coupling_shift,6620,frozen,validation,11,rolling_fixed_holdout,0.2,-0.18,-0.3,0.11170222348424644,-0.11955227184697674,-0.149645632504841,0.2041034330558187,-0.17224040398968335,-0.25081208481037676,0.1175384964492579,0.14,True,True,
gain_coupling_shift,6601,frozen,adaptation,12,fixed,-0.15,0.18,-0.6,-0.05996525553008562,-0.03316627097337327,-0.23097301409389884,nan,nan,nan,nan,0.14,False,True,
gain_coupling_shift,6602,frozen,adaptation,12,fixed,-0.15,0.18,-0.6,-0.05499154955171876,-0.022244748793386043,-0.18235972080046406,nan,nan,nan,nan,0.14,False,True,
gain_coupling_shift,6603,frozen,adaptation,12,fixed,-0.15,0.18,-0.6,-0.11876725349926084,0.04087480784294071,-0.3151758767455936,nan,nan,nan,nan,0.14,False,True,
gain_coupling_shift,6604,frozen,adaptation,12,fixed,-0.15,0.18,-0.6,-0.07623297082931825,-0.027874211506637502,-0.18911182100576915,nan,nan,nan,nan,0.14,False,True,
gain_coupling_shift,6605,frozen,adaptation,12,fixed,-0.15,0.18,-0.6,-0.0716219682649376,-0.020708888690883887,-0.15895050386787196,nan,nan,nan,nan,0.14,False,True,
gain_coupling_shift,6606,frozen,adaptation,12,fixed,-0.15,0.18,-0.6,-0.08958568000818287,-0.01666981060870266,-0.24118222646992096,nan,nan,nan,nan,0.14,False,True,
gain_coupling_shift,6607,frozen,adaptation,12,fixed,-0.15,0.18,-0.6,-0.18189904185041253,0.11582094990138281,-0.39001654939046876,nan,nan,nan,nan,0.14,False,True,
gain_coupling_shift,6608,frozen,adaptation,12,fixed,-0.15,0.18,-0.6,-0.06901829073898515,-0.027421950644616083,-0.17049765430515637,nan,nan,nan,nan,0.14,False,True,
gain_coupling_shift,6609,frozen,adaptation,12,fixed,-0.15,0.18,-0.6,-0.15638697639154686,0.12037711854406286,-0.3832371839358661,nan,nan,nan,nan,0.14,False,True,
gain_coupling_shift,6610,frozen,adaptation,12,fixed,-0.15,0.18,-0.6,-0.13760569609725562,0.06959056198514396,-0.34427769862189145,nan,nan,nan,nan,0.14,False,True,
gain_coupling_shift,6611,frozen,adaptation,12,fixed,-0.15,0.18,-0.6,-0.06077139828348538,-0.03650342139285828,-0.21414759395914507,nan,nan,nan,nan,0.14,False,True,
gain_coupling_shift,6612,frozen,adaptation,12,fixed,-0.15,0.18,-0.6,-0.14201769788466118,0.060199964807320545,-0.33627671697740413,nan,nan,nan,nan,0.14,False,True,
gain_coupling_shift,6613,frozen,adaptation,12,fixed,-0.15,0.18,-0.6,-0.042543870645825224,-0.010021742882419383,-0.17824423139022064,nan,nan,nan,nan,0.14,False,True,
gain_coupling_shift,6614,frozen,adaptation,12,fixed,-0.15,0.18,-0.6,-0.05746218900933388,-0.026031523406266167,-0.17906305797169486,nan,nan,nan,nan,0.075,False,True,
gain_coupling_shift,6615,frozen,adaptation,12,fixed,-0.15,0.18,-0.6,-0.1299641368923309,0.16131354770095152,-0.4199150768175318,nan,nan,nan,nan,0.14,False,True,
gain_coupling_shift,6616,frozen,adaptation,12,fixed,-0.15,0.18,-0.6,-0.05887602976914456,-0.012427504331931793,-0.2434394236911587,nan,nan,nan,nan,0.14,False,True,
gain_coupling_shift,6617,frozen,adaptation,12,fixed,-0.15,0.18,-0.6,-0.08449744341699195,0.0012442573216907091,-0.15695177854499556,nan,nan,nan,nan,0.14,False,True,
gain_coupling_shift,6618,frozen,adaptation,12,fixed,-0.15,0.18,-0.6,-0.07469667307339871,-0.012531395574227205,-0.1874115842106528,nan,nan,nan,nan,0.14,False,True,
gain_coupling_shift,6619,frozen,adaptation,12,fixed,-0.15,0.18,-0.6,-0.07236620736976497,-0.03456111986613532,-0.22631307749049076,nan,nan,nan,nan,0.14,False,True,
gain_coupling_shift,6620,frozen,adaptation,12,fixed,-0.15,0.18,-0.6,-0.09185145204144539,-0.01727762776488605,-0.20238775833748954,nan,nan,nan,nan,0.14,False,True,
gain_coupling_shift,6601,frozen,validation,12,rolling_fixed_holdout,0.2,-0.18,0.3,0.031005576955229378,-0.00628472425639414,0.03521516671250507,0.20407934741398726,-0.1740060517411579,0.2971421421575723,0.17430285925048022,0.14,True,True,
gain_coupling_shift,6602,frozen,validation,12,rolling_fixed_holdout,0.2,-0.18,0.3,0.08332788695890224,-0.13032549379457525,0.24423977304796773,0.20515184010177026,-0.1888654526857171,0.3045686588525121,0.15505140628846587,0.14,True,True,
gain_coupling_shift,6603,frozen,validation,12,rolling_fixed_holdout,0.2,-0.18,0.3,0.14125491073958582,-0.0729807262094526,0.19086780384412602,0.215233090724931,-0.1568317251839429,0.2949728681627606,0.13730788745831904,0.14,True,True,
gain_coupling_shift,6604,frozen,validation,12,rolling_fixed_holdout,0.2,-0.18,0.3,0.1533903809298392,-0.08815344646922618,0.10334957350879428,0.2158694960289419,-0.19228139064782887,0.28872040201320437,0.12774809145137275,0.14,True,True,
gain_coupling_shift,6605,frozen,validation,12,rolling_fixed_holdout,0.2,-0.18,0.3,0.12797650204419844,-0.06969725073269341,0.1228312230739528,0.20618103439729277,-0.17434188698140266,0.28025147171976617,0.1339613982059436,0.14,True,True,
gain_coupling_shift,6606,frozen,validation,12,rolling_fixed_holdout,0.2,-0.18,0.3,0.13202850973676636,-0.06144334255420416,0.21537231627971656,0.22552637025588876,-0.18753749237719916,0.29981251800766817,0.13047019478771002,0.14,True,True,
gain_coupling_shift,6607,frozen,validation,12,rolling_fixed_holdout,0.2,-0.18,0.3,0.1584146143312232,-0.0994602997586993,0.18180851044481489,0.20611487994511288,-0.17541919029385122,0.2767396362329631,0.12569940838481425,0.14,True,True,
gain_coupling_shift,6608,frozen,validation,12,rolling_fixed_holdout,0.2,-0.18,0.3,0.11958749853287264,-0.08001034372402717,0.16413164783868772,0.21586317211578093,-0.16930281463316624,0.2973005901431828,0.15128622733663066,0.14,True,True,
gain_coupling_shift,6609,frozen,validation,12,rolling_fixed_holdout,0.2,-0.18,0.3,0.11784470347303934,-0.11415562903029997,0.21469679627907884,0.1987222818864156,-0.1810510312477924,0.2883360341600831,0.1611525153510992,0.14,True,True,
gain_coupling_shift,6610,frozen,validation,12,rolling_fixed_holdout,0.2,-0.18,0.3,0.14704295433780104,-0.06553710291949316,0.11494884377449115,0.20444203868594593,-0.1623791917121304,0.2728673747594719,0.14574250710274728,0.14,True,True,
gain_coupling_shift,6611,frozen,validation,12,rolling_fixed_holdout,0.2,-0.18,0.3,0.07019583299832409,-0.03134214520721579,0.05750383030125889,0.20167275465292817,-0.1638952682840841,0.2839198646444116,0.1662117303333188,0.14,True,True,
gain_coupling_shift,6612,frozen,validation,12,rolling_fixed_holdout,0.2,-0.18,0.3,0.13658537627964235,-0.07032998299558116,0.1513091743410239,0.20979782888608015,-0.18245281683823728,0.28333902138218675,0.14599420910811362,0.14,True,True,
gain_coupling_shift,6613,frozen,validation,12,rolling_fixed_holdout,0.2,-0.18,0.3,0.112313919733222,-0.11039984957890182,0.19286372206165722,0.20701089658318475,-0.18035430840104535,0.28211586513189885,0.12628394324411063,0.14,True,True,
gain_coupling_shift,6614,frozen,validation,12,rolling_fixed_holdout,0.2,-0.18,0.3,0.06630145447529552,-0.025102090557912737,0.0039465732174227665,0.1983496898535275,-0.16025227227777133,0.2603385685252026,0.1506837582447189,0.075,False,True,
gain_coupling_shift,6615,frozen,validation,12,rolling_fixed_holdout,0.2,-0.18,0.3,0.12388012650597738,-0.08861264921254718,0.15998036718901032,0.21060030900168653,-0.15785842957890314,0.2867929426029865,0.13794679802596574,0.14,True,True,
gain_coupling_shift,6616,frozen,validation,12,rolling_fixed_holdout,0.2,-0.18,0.3,0.06653151155274173,-0.057613368323447364,0.14289882512785598,0.20479596058007257,-0.16783381405304718,0.29082377244446184,0.1464430602013885,0.14,True,True,
gain_coupling_shift,6617,frozen,validation,12,rolling_fixed_holdout,0.2,-0.18,0.3,0.1461149981191041,-0.08078391843422521,0.110847879398219,0.197829055281255,-0.17505144541125756,0.2589394114256041,0.11989553770488598,0.14,True,True,
gain_coupling_shift,6618,frozen,validation,12,rolling_fixed_holdout,0.2,-0.18,0.3,0.06794724206233035,-0.02314550003684094,0.03322392496585741,0.20891837976102925,-0.18168402033269157,0.2971898538839197,0.16155882989120907,0.14,True,True,
gain_coupling_shift,6619,frozen,validation,12,rolling_fixed_holdout,0.2,-0.18,0.3,0.10449380486674309,-0.08116020039103189,0.11921076339920722,0.21834145226912308,-0.15808431096196413,0.2845327845757571,0.1360174567815738,0.14,True,True,
gain_coupling_shift,6620,frozen,validation,12,rolling_fixed_holdout,0.2,-0.18,0.3,0.15735389285651832,-0.04582842930492869,0.16837878208471696,0.21650357691564145,-0.1560600241188035,0.29020946648512985,0.11952294772097158,0.14,True,True,
