family,method,seed,primary_crossing_trial,audit_rmse,audit_rmse_vx,audit_rmse_vy,audit_rmse_wz,audit_coverage_vx,audit_coverage_vy,audit_coverage_wz
affine,active,1001,18,0.01717166909888787,0.010299248495844729,0.01563755287830782,0.02310824699807558,0.8931841302136317,0.9379450661241099,0.9552390640895219
affine,active,1002,18,0.018303875060386637,0.012663269148549504,0.01397446417787935,0.025484338172518693,0.9593082400813835,0.9582909460834181,0.9908443540183113
affine,active,1003,18,0.012658022829766316,0.007874685090334227,0.010838716212053645,0.017354774313695042,0.9888097660223805,0.8850457782299085,0.8921668362156663
affine,active,1004,18,0.012161307422774704,0.010897413829385513,0.012672069698002518,0.012820187833795137,0.9857578840284842,0.8911495422177009,0.960325534079349
affine,active,1005,18,0.019810708219475618,0.02112552365316726,0.0095669033164805,0.025289900984072296,0.9755849440488301,0.930824008138352,0.9725330620549338
affine,active,1006,18,0.021110840139953412,0.01886933067804826,0.013640140334274011,0.02819392923428344,0.9755849440488301,0.9562563580874873,0.9776195320447609
affine,active,1007,18,0.024028728689388296,0.013209632605960395,0.010578933819055083,0.038022771768406065,0.9287894201424212,0.8942014242115972,0.943031536113937
affine,active,1008,18,0.01736993513309364,0.0201812367832735,0.012920591210342025,0.018191205134798584,0.9155645981688708,0.9816887080366226,0.9735503560528993
affine,active,1009,18,0.014509097876329171,0.018010557812478983,0.014844783004746584,0.009316329125789717,0.9552390640895219,0.9664292980671414,0.9572736520854527
affine,active,1010,18,0.015446672476519673,0.019669617832696232,0.00887367755024826,0.01581654364393528,0.9837232960325534,0.9837232960325534,0.9928789420142421
affine,active,1011,18,0.015483731405015966,0.014106212386113271,0.012890454971102406,0.018817246276325323,0.9450661241098678,0.982706002034588,0.9277721261444557
affine,active,1012,18,0.01686651395436178,0.015899570895194136,0.013998666652694263,0.02011663133363745,0.9318413021363174,0.8870803662258393,0.9715157680569685
affine,active,1013,18,0.02254260598626827,0.019580520663924964,0.0193325907690541,0.027701288754177204,0.9766022380467956,0.9471007121057986,0.9664292980671414
affine,active,1014,18,0.019340364798005456,0.011275663299634083,0.011737041483542052,0.029278838875998532,0.9816887080366226,0.9796541200406917,0.9715157680569685
affine,active,1015,18,0.01456123594679405,0.014032901386635342,0.01147635972789412,0.017534526596505524,0.9847405900305188,0.9816887080366226,0.9155645981688708
affine,active,1016,18,0.018318293287021756,0.013516154630410204,0.013200147663913335,0.025490179922977453,0.9847405900305188,0.960325534079349,0.965412004069176
affine,active,1017,18,0.014956759696756609,0.022399726237542286,0.0040139452395094016,0.012379599750272537,0.9755849440488301,0.9867751780264497,0.9552390640895219
affine,active,1018,18,0.018546205460937198,0.009354196464594998,0.019281563765678824,0.023929177132732942,0.9664292980671414,0.9257375381485249,0.9155645981688708
affine,active,1019,18,0.022016588877515588,0.015227274949016021,0.011459794188104671,0.03303019485558603,0.8880976602238047,0.982706002034588,0.91353001017294
affine,active,1020,18,0.023906214732932852,0.03325518808471767,0.014539499982962358,0.019930296391844682,0.8392675483214649,0.965412004069176,0.9898270600203459
affine,active_no_task,1001,23,0.014135013260621334,0.015413449418093694,0.013395588718404487,0.013504798390092472,0.9643947100712106,0.9338758901322483,0.9613428280773143
affine,active_no_task,1002,23,0.018496077264662483,0.01271371760384107,0.01941680596276633,0.02208310787536838,0.9450661241098678,0.9399796541200407,0.9643947100712106
affine,active_no_task,1003,23,0.017742607063446846,0.007260405270214061,0.02379526123787858,0.01804085292210382,0.9867751780264497,0.9084435401831129,0.9623601220752798
affine,active_no_task,1004,23,0.0217959724720007,0.016642193662230454,0.013041311215230647,0.03127546706121193,0.960325534079349,0.9623601220752798,0.9145473041709054
affine,active_no_task,1005,23,0.017864034322293155,0.014393163460318364,0.018377585338867304,0.020309415784837567,0.9521871820956256,0.9735503560528993,0.965412004069176
affine,active_no_task,1006,23,0.02678525446327707,0.03422971215468718,0.012783035724344263,0.02858794104976631,0.8992878942014242,0.9623601220752798,0.970498474059003
affine,active_no_task,1007,23,0.02716087424095903,0.0321042523103154,0.020158754762680812,0.027858227844090814,0.9247202441505595,0.9155645981688708,0.940996948118006
affine,active_no_task,1008,23,0.020904318231629016,0.026194619297363456,0.016952130526769964,0.01836950605370762,0.9175991861648016,0.9471007121057986,0.9521871820956256
affine,active_no_task,1009,23,0.017451314176888763,0.00985033644399924,0.007293110208641789,0.027630173993771028,0.987792472024415,0.9501525940996948,0.9582909460834181
affine,active_no_task,1010,23,0.019042989148329782,0.028104881722106283,0.007581254623720759,0.01550956185154645,0.9623601220752798,0.9593082400813835,0.9735503560528993
affine,active_no_task,1011,23,0.021897895748973353,0.012856828211705758,0.022732475500653167,0.027504364029106453,0.9745676500508647,0.9501525940996948,0.943031536113937
affine,active_no_task,1012,23,0.019537216260371786,0.024940024501939797,0.012810314957923317,0.01894728123333416,0.9471007121057986,0.9735503560528993,0.970498474059003
affine,active_no_task,1013,23,0.02402688724265823,0.01916821435134462,0.024669350321008043,0.027493210889863798,0.9287894201424212,0.91353001017294,0.948118006103764
affine,active_no_task,1014,23,0.012414834090047754,0.01092550777282375,0.010012910179419743,0.015580732527550682,0.9735503560528993,0.9562563580874873,0.9511698880976602
affine,active_no_task,1015,23,0.0214570249146983,0.029269874800377158,0.006370366481593708,0.021997832043871634,0.9389623601220752,0.9776195320447609,0.9359104781281791
affine,active_no_task,1016,23,0.028367926930060947,0.015522100242077631,0.019248865952589952,0.04245896134553869,0.9643947100712106,0.9277721261444557,0.9338758901322483
affine,active_no_task,1017,23,0.02396197766800619,0.02544508545191181,0.010542560052659826,0.031047241023431534,0.9216683621566633,0.965412004069176,0.9460834181078331
affine,active_no_task,1018,23,0.014787650183425953,0.018265500003580425,0.011079115157587978,0.014129703138645228,0.9562563580874873,0.9521871820956256,0.9643947100712106
affine,active_no_task,1019,23,0.01607566818832785,0.024705998506977106,0.0077095366212652705,0.010269274850848163,0.9389623601220752,0.9796541200406917,0.9633774160732451
affine,active_no_task,1020,23,0.01649910726785758,0.013017356133271681,0.011075141394749667,0.022903085038804012,0.9552390640895219,0.9298067141403866,0.9613428280773143
affine,d_opt,1001,19,0.018724215627072955,0.018861077167872962,0.018252039791923226,0.01905023790006206,0.9389623601220752,0.9664292980671414,0.9582909460834181
affine,d_opt,1002,19,0.02650387383400502,0.030566800229496004,0.006092151197843613,0.033703447926573676,0.9287894201424212,0.9735503560528993,0.9643947100712106
affine,d_opt,1003,19,0.018809918783576476,0.004886891113562061,0.013858281338331575,0.02907757671344138,0.9816887080366226,0.8433367243133265,0.9460834181078331
affine,d_opt,1004,19,0.021886378480877558,0.017240344042943088,0.013082417117404774,0.031123328688812374,0.9562563580874873,0.965412004069176,0.91353001017294
affine,d_opt,1005,19,0.01867249592176671,0.02270404522141405,0.009748769945655532,0.02086801684338626,0.9399796541200407,0.9776195320447609,0.9816887080366226
affine,d_opt,1006,19,0.023748854660399978,0.028686406842508085,0.015187444387619323,0.025267684667999977,0.943031536113937,0.9694811800610377,0.9511698880976602
affine,d_opt,1007,19,0.031097501213647592,0.009232162425125718,0.007097530980326306,0.05258855366082856,0.9745676500508647,0.9684638860630722,0.9084435401831129
affine,d_opt,1008,19,0.02022125281909487,0.02939469762533641,0.011579255876866349,0.015118524450962626,0.9165818921668362,0.9593082400813835,0.9816887080366226
affine,d_opt,1009,19,0.021600638815197224,0.030605228876802396,0.007340027794026103,0.02022885931176741,0.9633774160732451,0.953204476093591,0.8769074262461851
affine,d_opt,1010,19,0.01722053446202771,0.019389810043521947,0.010309803804422663,0.020183746764763453,0.9471007121057986,0.953204476093591,0.9725330620549338
affine,d_opt,1011,19,0.020237295613963913,0.017891192810672817,0.010021754565245325,0.02842734698395548,0.9735503560528993,0.943031536113937,0.9369277721261444
affine,d_opt,1012,19,0.024647232739119024,0.02731755614560413,0.0175945542875552,0.027688283275474873,0.8830111902339777,0.9593082400813835,0.9633774160732451
affine,d_opt,1013,19,0.020470264233692116,0.016939757855860136,0.026335957872718748,0.01663000541499405,0.965412004069176,0.9318413021363174,0.9745676500508647
affine,d_opt,1014,19,0.015342679530475951,0.013172001718472312,0.0069963118638923846,0.0219941682397034,0.9664292980671414,0.9694811800610377,0.9511698880976602
affine,d_opt,1015,19,0.01807592830462899,0.022138800254111073,0.011120496965376219,0.01914224706699535,0.9521871820956256,0.9674465920651069,0.960325534079349
affine,d_opt,1016,19,0.030364452010450873,0.014435644686920214,0.0063043859997833525,0.05017834908926009,0.9786368260427264,0.9715157680569685,0.9277721261444557
affine,d_opt,1017,19,0.019942413048078096,0.01642986929769126,0.014861258541970799,0.026500979301715414,0.960325534079349,0.9511698880976602,0.9165818921668362
affine,d_opt,1018,19,0.015180084488589412,0.010758485470067306,0.022420249982374393,0.008537697368748208,0.9745676500508647,0.9257375381485249,0.9633774160732451
affine,d_opt,1019,19,0.019979158212458544,0.01235563782920738,0.011763330992502012,0.030107516444065105,0.970498474059003,0.9786368260427264,0.9338758901322483
affine,d_opt,1020,19,0.01762954899059101,0.01600054363477959,0.006291131960878133,0.025235040219450344,0.9338758901322483,0.948118006103764,0.9715157680569685
affine,lhs,1001,32,0.01983298277517356,0.018336826727292237,0.009929121912642187,0.027298625256560877,0.9511698880976602,0.9593082400813835,0.9582909460834181
affine,lhs,1002,31,0.018820695285974697,0.022559301185631084,0.008262523834688798,0.02203325538906391,0.9399796541200407,0.970498474059003,0.9715157680569685
affine,lhs,1003,30,0.021252509032353147,0.017233852932084338,0.014858365563893677,0.0289349391980654,0.9562563580874873,0.9643947100712106,0.9420142421159715
affine,lhs,1004,26,0.024779031586776724,0.017761379353156324,0.007905349254453603,0.038262776634397797,0.9694811800610377,0.9745676500508647,0.9379450661241099
affine,lhs,1005,32,0.021207509522969712,0.029381764549153387,0.005041353972465322,0.02146094225804109,0.8819938962360122,0.9806714140386572,0.8952187182095626
affine,lhs,1006,29,0.02680417410588644,0.026739489954715038,0.016578879451016385,0.03413988403035924,0.948118006103764,0.9389623601220752,0.9715157680569685
affine,lhs,1007,27,0.014600475583333907,0.011241537988119093,0.009991161648295678,0.02033042484450066,0.9104781281790437,0.9552390640895219,0.9094608341810784
affine,lhs,1008,29,0.015258830348363296,0.01581371249626801,0.012677660163395617,0.016961696279182304,0.953204476093591,0.9582909460834181,0.9796541200406917
affine,lhs,1009,28,0.02276670067474356,0.016223030027893583,0.010972913793855218,0.03422537711153513,0.9816887080366226,0.960325534079349,0.9582909460834181
affine,lhs,1010,27,0.020690123759856096,0.01401830527710291,0.007170209429683002,0.0321919070184871,0.953204476093591,0.9694811800610377,0.9582909460834181
affine,lhs,1011,25,0.019782535847526997,0.013582209888404492,0.015977156917919323,0.027097974187078665,0.9471007121057986,0.9471007121057986,0.9389623601220752
affine,lhs,1012,23,0.016797640949618033,0.019070212742041147,0.008264779371131374,0.02035933771851794,0.8779247202441506,0.9338758901322483,0.948118006103764
affine,lhs,1013,26,0.016844724590035113,0.012883500694689215,0.021348751207281576,0.015148612850090847,0.9460834181078331,0.9613428280773143,0.9847405900305188
affine,lhs,1014,35,0.01705950089660354,0.019949771567861114,0.0142079424921642,0.01652938888928341,0.9226856561546287,0.9450661241098678,0.9521871820956256
affine,lhs,1015,22,0.026958905959088345,0.029073188313165087,0.009844804945103258,0.035187744577239076,0.866734486266531,0.9816887080366226,0.9501525940996948
affine,lhs,1016,28,0.022097131344954793,0.022886324096403465,0.016141820807728184,0.02608653735922279,0.9338758901322483,0.9643947100712106,0.9582909460834181
affine,lhs,1017,27,0.02319743825731257,0.03240529820746848,0.018263678485863046,0.015188749828591855,0.9064089521871821,0.9287894201424212,0.965412004069176
affine,lhs,1018,32,0.026148168116239802,0.031126870726643174,0.016871645255939767,0.028242620144561446,0.9389623601220752,0.9247202441505595,0.9633774160732451
affine,lhs,1019,23,0.018164100166204292,0.01710332990930869,0.00831229968736636,0.025063626722094008,0.8809766022380467,0.9796541200406917,0.9674465920651069
affine,lhs,1020,25,0.015531057868757121,0.01994976571155938,0.009320905480662174,0.015452146926640912,0.9003051881993896,0.9674465920651069,0.9796541200406917
deadzone,active,1001,18,0.021626850071007016,0.011053625545604807,0.015769369248689883,0.03212952361578794,0.8687690742624619,0.960325534079349,0.7446592065106816
deadzone,active,1002,18,0.017758317053051465,0.014047733481795695,0.01545090928401924,0.02258326947081711,0.960325534079349,0.9420142421159715,0.9898270600203459
deadzone,active,1003,18,0.021640468872323564,0.008741783486436353,0.015923350080449275,0.03278654941792047,0.987792472024415,0.9165818921668362,0.6449643947100712
deadzone,active,1004,18,0.01596006447144845,0.010483694678465676,0.01857110908876541,0.017589116717455115,0.982706002034588,0.8911495422177009,0.9674465920651069
deadzone,active,1005,18,0.021010814075788784,0.021390542598774973,0.013890010883015133,0.02595910648273176,0.9755849440488301,0.9298067141403866,0.982706002034588
deadzone,active,1006,18,0.02013356278615467,0.0186889584762273,0.010883123731615159,0.027356196744216896,0.970498474059003,0.9572736520854527,0.9796541200406917
deadzone,active,1007,18,0.025013187102734803,0.013178928664740804,0.015582075769454466,0.03821640146682975,0.9247202441505595,0.8168870803662258,0.9471007121057986
deadzone,active,1008,18,0.021449839272674305,0.01948571956136992,0.018792708785169646,0.02544459950877859,0.91353001017294,0.9542217700915565,0.960325534079349
deadzone,active,1009,18,0.019650896306746986,0.01899426528300297,0.019262572674228814,0.020655371149038437,0.953204476093591,0.9643947100712106,0.9664292980671414
deadzone,active,1010,18,0.0188747616632376,0.020008283168272686,0.013892071749235787,0.021804789168996155,0.982706002034588,0.9776195320447609,0.982706002034588
deadzone,active,1011,18,0.017672454783071945,0.01391743194502603,0.016552673348941182,0.02166243447163752,0.9471007121057986,0.9491353001017294,0.9450661241098678
deadzone,active,1012,18,0.020066772540022863,0.016741354151260875,0.015914471238558096,0.025970805665173624,0.9247202441505595,0.8891149542217701,0.9114954221770092
deadzone,active,1013,18,0.022191194871952622,0.020008458006585298,0.018973450291494685,0.026777176508545896,0.9735503560528993,0.9511698880976602,0.9766022380467956
deadzone,active,1014,18,0.02047981864798082,0.012021990729199043,0.01088328034868153,0.03154829414281548,0.9806714140386572,0.970498474059003,0.9664292980671414
deadzone,active,1015,18,0.014735565428087126,0.014239992748418194,0.01024051267991983,0.018540905372546074,0.9745676500508647,0.9796541200406917,0.9298067141403866
deadzone,active,1016,18,0.02012451353634154,0.013879003552209043,0.018742277452260547,0.025905374568290573,0.9888097660223805,0.7985757884028484,0.9633774160732451
deadzone,active,1017,18,0.02099152571324133,0.022887447915941297,0.008039951152428483,0.027082399610644785,0.960325534079349,0.9847405900305188,0.768056968463886
deadzone,active,1018,18,0.02040011449267086,0.01011926487075654,0.019030581446095072,0.02799877608470151,0.960325534079349,0.9257375381485249,0.8992878942014242
deadzone,active,1019,18,0.022124549046141164,0.01565155803919638,0.012075455742741312,0.032828327874506215,0.8850457782299085,0.982706002034588,0.9582909460834181
deadzone,active,1020,18,0.031799973268313575,0.0344832681390854,0.01923134479661888,0.03840279280674608,0.8290946083418108,0.9582909460834181,0.8565615462868769
deadzone,active_no_task,1001,23,0.023719978318318603,0.025929712454808598,0.012051632679475871,0.02950119109518202,0.8311291963377416,0.9287894201424212,0.8870803662258393
deadzone,active_no_task,1002,23,0.017792677405914507,0.011944820973139567,0.013596814863313496,0.024943656213659685,0.948118006103764,0.9175991861648016,0.9643947100712106
deadzone,active_no_task,1003,23,0.021038641882639875,0.012157476384226814,0.02521111795005403,0.02333385215675579,0.9633774160732451,0.9043743641912513,0.8880976602238047
deadzone,active_no_task,1004,23,0.02177116102317335,0.017119627538735402,0.0119050353120292,0.03141876579442831,0.9582909460834181,0.9237029501525941,0.91353001017294
deadzone,active_no_task,1005,23,0.019697654228461477,0.01671760914669493,0.018463635855141866,0.02331541210742676,0.9440488301119023,0.9766022380467956,0.9511698880976602
deadzone,active_no_task,1006,23,0.028183961625652627,0.03583398200109108,0.01605032938422259,0.029005512223579513,0.8982706002034588,0.9562563580874873,0.9643947100712106
deadzone,active_no_task,1007,23,0.02935996557816986,0.031010068598203645,0.02795682001692594,0.029031269285545724,0.9267548321464903,0.8331637843336724,0.9440488301119023
deadzone,active_no_task,1008,23,0.020425301687079508,0.02562110104983742,0.01249003360194264,0.02095559802632703,0.9043743641912513,0.8769074262461851,0.953204476093591
deadzone,active_no_task,1009,23,0.019340453251370942,0.00830096878298938,0.00984940372416978,0.030923171885295666,0.9867751780264497,0.9359104781281791,0.9267548321464903
deadzone,active_no_task,1010,23,0.020807566590465447,0.029566265951080743,0.009358394625055923,0.01836085101518033,0.960325534079349,0.9237029501525941,0.9694811800610377
deadzone,active_no_task,1011,23,0.022315051089829997,0.01185799517513379,0.022459171628809164,0.029135169050468316,0.9745676500508647,0.8708036622583927,0.948118006103764
deadzone,active_no_task,1012,23,0.024813056514491248,0.024916065120535704,0.01433656945236453,0.031948643101402,0.9328585961342828,0.9735503560528993,0.9084435401831129
deadzone,active_no_task,1013,23,0.02500581727250795,0.018982470662730913,0.02630450726148909,0.028698630588705764,0.9348931841302136,0.9023397761953205,0.940996948118006
deadzone,active_no_task,1014,23,0.013594935887682817,0.009952366197533377,0.012215046749376693,0.017498853829647127,0.9674465920651069,0.9572736520854527,0.953204476093591
deadzone,active_no_task,1015,23,0.020880907254768124,0.02727171158580396,0.00585627759501451,0.023021612090762502,0.9053916581892166,0.9766022380467956,0.9298067141403866
deadzone,active_no_task,1016,23,0.029183809379455118,0.015147228983069526,0.02296997011237198,0.042403138054397736,0.9572736520854527,0.8779247202441506,0.9267548321464903
deadzone,active_no_task,1017,23,0.036004368943914546,0.0267355764609244,0.012306289431378454,0.054979159150370466,0.8982706002034588,0.965412004069176,0.8494404883011191
deadzone,active_no_task,1018,23,0.015918757648606077,0.018720642598070967,0.010052655913595164,0.01756992273811453,0.953204476093591,0.9460834181078331,0.9623601220752798
deadzone,active_no_task,1019,23,0.020004630296390147,0.02373600171301695,0.010269188403278302,0.02305865763879983,0.9389623601220752,0.9745676500508647,0.91353001017294
deadzone,active_no_task,1020,23,0.020946515987371968,0.01377946958061566,0.013796443372316468,0.030594999009299535,0.9521871820956256,0.9267548321464903,0.8860630722278738
deadzone,d_opt,1001,19,0.030943974966450308,0.03132217625496635,0.018711227355051253,0.03926066741273402,0.8158697863682605,0.9175991861648016,0.8331637843336724
deadzone,d_opt,1002,19,0.029597539142253926,0.0283579290022813,0.01824515209297816,0.038613278255509816,0.91353001017294,0.896236012207528,0.9542217700915565
deadzone,d_opt,1003,19,0.034127547074565716,0.008909068668138662,0.024403458745845756,0.053095838864135936,0.9715157680569685,0.775178026449644,0.7822990844354019
deadzone,d_opt,1004,19,0.024192110027593357,0.016102014339866907,0.02137367434530944,0.03224384812550962,0.9501525940996948,0.9064089521871821,0.9155645981688708
deadzone,d_opt,1005,19,0.020734114642484047,0.019795424633866115,0.01594675516386443,0.02536834037401153,0.9247202441505595,0.9664292980671414,0.9420142421159715
deadzone,d_opt,1006,19,0.02305042345938954,0.02954281652030439,0.012857325588488351,0.023577048919039067,0.9450661241098678,0.9745676500508647,0.9501525940996948
deadzone,d_opt,1007,19,0.029267789376155567,0.006456321947152465,0.012303292662826985,0.048751978231334994,0.9766022380467956,0.7985757884028484,0.9186164801627671
deadzone,d_opt,1008,19,0.02836326548652293,0.03181929251189795,0.033665108591563186,0.01635902120352815,0.91353001017294,0.7741607324516785,0.9776195320447609
deadzone,d_opt,1009,19,0.028428317736480604,0.028113540514972037,0.019521461371057133,0.03539843405618731,0.9633774160732451,0.9369277721261444,0.8036622583926755
deadzone,d_opt,1010,19,0.019751045723671378,0.018891728896383176,0.019622517923382758,0.02069712035979295,0.9420142421159715,0.8728382502543235,0.9725330620549338
deadzone,d_opt,1011,19,0.02585019370226623,0.021045872486713798,0.028068145775298807,0.02781992069261903,0.9552390640895219,0.8474059003051883,0.9440488301119023
deadzone,d_opt,1012,19,0.027780607121677615,0.03076542795825709,0.016825584385330418,0.03294957585135857,0.82706002034588,0.953204476093591,0.9440488301119023
deadzone,d_opt,1013,19,0.019501953366342965,0.015236113582458473,0.02293549238808471,0.019565341477407933,0.9572736520854527,0.9369277721261444,0.970498474059003
deadzone,d_opt,1014,19,0.016188293748742765,0.010818830423999401,0.010259894021940998,0.02374594799964903,0.9593082400813835,0.9623601220752798,0.9420142421159715
deadzone,d_opt,1015,19,0.016542436231987027,0.01849100906164508,0.009826387555110113,0.019557128648321764,0.8494404883011191,0.9684638860630722,0.9613428280773143
deadzone,d_opt,1016,19,0.029422636362734497,0.015042321986999547,0.013250641415922084,0.04685321379486363,0.9694811800610377,0.9053916581892166,0.9338758901322483
deadzone,d_opt,1017,19,0.044223979739806685,0.013170003005995759,0.01944044541633609,0.07291022736843589,0.9287894201424212,0.9460834181078331,0.7405900305188199
deadzone,d_opt,1018,19,0.016923920257079055,0.010816790119347795,0.022262541892919218,0.015704569735714175,0.9745676500508647,0.930824008138352,0.9542217700915565
deadzone,d_opt,1019,19,0.0356724296573367,0.014667086755415499,0.010438485213088131,0.05910567913101215,0.9623601220752798,0.9816887080366226,0.775178026449644
deadzone,d_opt,1020,19,0.024490621432903047,0.015885241834500054,0.01159131001442177,0.03758553230324568,0.9247202441505595,0.953204476093591,0.854526958290946
deadzone,lhs,1001,32,0.019070102335878875,0.01803297349594987,0.010169022784211241,0.025737312443439794,0.9440488301119023,0.953204476093591,0.9287894201424212
deadzone,lhs,1002,31,0.02089026878211199,0.02267518997717348,0.015070979576391365,0.023830890110814882,0.9318413021363174,0.9216683621566633,0.9694811800610377
deadzone,lhs,1003,30,0.02104619572548859,0.012287461353515949,0.01517046622511299,0.030784774021345045,0.965412004069176,0.9542217700915565,0.9043743641912513
deadzone,lhs,1004,26,0.022975631506297816,0.01842545775248028,0.010042601618112521,0.03381253596953359,0.960325534079349,0.948118006103764,0.9450661241098678
deadzone,lhs,1005,32,0.02215072483357986,0.027931692048414565,0.00872404328045826,0.024812808791270256,0.8718209562563581,0.9806714140386572,0.8819938962360122
deadzone,lhs,1006,29,0.02787265816791615,0.027307588858174556,0.016372481035303997,0.03628901590754453,0.9389623601220752,0.9338758901322483,0.9664292980671414
deadzone,lhs,1007,27,0.01736356237932567,0.011096355270691872,0.015276893678663174,0.023408701688466427,0.9043743641912513,0.9125127161749745,0.8942014242115972
deadzone,lhs,1008,29,0.019575341445100005,0.019328449396071822,0.0121286712123576,0.025077646553111163,0.9460834181078331,0.8819938962360122,0.9806714140386572
deadzone,lhs,1009,28,0.024422935188406634,0.015699533812196558,0.010598244927566522,0.03782381699652138,0.9806714140386572,0.948118006103764,0.9043743641912513
deadzone,lhs,1010,27,0.019538857709458256,0.012297929688212207,0.007906042944720514,0.030521407112244874,0.9572736520854527,0.8799593082400814,0.9613428280773143
deadzone,lhs,1011,25,0.023400798850927215,0.014965440498496125,0.026987626632182127,0.026277286009642888,0.9471007121057986,0.8789420142421159,0.9237029501525941
deadzone,lhs,1012,23,0.01925106587968177,0.02010389216158686,0.00881929298714508,0.02509709552266402,0.8697863682604272,0.9074262461851476,0.948118006103764
deadzone,lhs,1013,26,0.01834033993301115,0.012187806893189613,0.024664827152964402,0.015881053844878184,0.9389623601220752,0.9552390640895219,0.9837232960325534
deadzone,lhs,1014,35,0.020027238905705996,0.022404636255335827,0.018342512532172266,0.01910118851882958,0.9104781281790437,0.9399796541200407,0.9511698880976602
deadzone,lhs,1015,22,0.03059364014175549,0.030183796311147548,0.010749020384905047,0.042205561865490536,0.8474059003051883,0.9776195320447609,0.9440488301119023
deadzone,lhs,1016,28,0.022058081680005944,0.021709571191544378,0.019340263555745186,0.024785593123405822,0.9318413021363174,0.9216683621566633,0.9623601220752798
deadzone,lhs,1017,27,0.02852355772225058,0.030619440017344617,0.016098168410738363,0.03527150269335605,0.8891149542217701,0.9389623601220752,0.8952187182095626
deadzone,lhs,1018,32,0.025085778656073573,0.03225972784374653,0.01439556793905615,0.02529755829134448,0.9277721261444557,0.9298067141403866,0.9643947100712106
deadzone,lhs,1019,23,0.020803431672453902,0.01689399523557669,0.009125275091733767,0.030490499955426603,0.8758901322482198,0.9766022380467956,0.9542217700915565
deadzone,lhs,1020,25,0.023336984839085455,0.016543203281327835,0.011568796363454576,0.03501899427500305,0.9125127161749745,0.965412004069176,0.9196337741607324
heteroscedastic,active,1001,20,0.027818666786585837,0.024330636556800365,0.01536304403995098,0.03864753120079858,0.9277721261444557,0.940996948118006,0.9318413021363174
heteroscedastic,active,1002,20,0.026953261165128015,0.033952938055831786,0.013207877856646073,0.02919220481922462,0.7924720244150559,0.953204476093591,0.9745676500508647
heteroscedastic,active,1003,20,0.015111273977010257,0.008787444662808497,0.009395457208081543,0.0227938150333372,0.9898270600203459,0.8596134282807731,0.884028484231943
heteroscedastic,active,1004,20,0.02625504276571949,0.016350427891551687,0.013107740578279164,0.04035879652052299,0.9542217700915565,0.9125127161749745,0.8565615462868769
heteroscedastic,active,1005,20,0.02226574566734403,0.029185198496556753,0.013587491752884965,0.0212342776413612,0.9837232960325534,0.9725330620549338,0.9837232960325534
heteroscedastic,active,1006,20,0.024013643509366765,0.024138716286219025,0.011065341180896367,0.032013213278092534,0.9643947100712106,0.8992878942014242,0.9776195320447609
heteroscedastic,active,1007,20,0.02298007621309437,0.02375715999614194,0.014632377914920391,0.028385605044662008,0.9420142421159715,0.930824008138352,0.9186164801627671
heteroscedastic,active,1008,20,0.02119850226899937,0.02687010116732847,0.012676678579839376,0.021573803067314958,0.9725330620549338,0.9725330620549338,0.9867751780264497
heteroscedastic,active,1009,20,0.016119570163452033,0.018144524813892244,0.01278596483954761,0.01693567090974727,0.9918616480162767,0.9694811800610377,0.9613428280773143
heteroscedastic,active,1010,20,0.01564844297055412,0.014380475782344923,0.00879232231004412,0.021225416059002133,0.987792472024415,0.9867751780264497,0.9908443540183113
heteroscedastic,active,1011,20,0.02171817981103427,0.013865010279216881,0.016650683653294092,0.030749865475289268,0.9582909460834181,0.943031536113937,0.9450661241098678
heteroscedastic,active,1012,20,0.022863736955976547,0.01944183073505054,0.014646802504210457,0.031236801962565907,0.884028484231943,0.8911495422177009,0.9318413021363174
heteroscedastic,active,1013,20,0.029048210299825926,0.01886711041425163,0.02124424104680935,0.04152240277043513,0.9125127161749745,0.9674465920651069,0.9633774160732451
heteroscedastic,active,1014,20,0.02262753671260822,0.017443933123825285,0.011376079742545132,0.033201058114223775,0.9298067141403866,0.9766022380467956,0.9664292980671414
heteroscedastic,active,1015,20,0.021780548494217976,0.01961029659937292,0.009123825608735966,0.030909043202159127,0.9684638860630722,0.930824008138352,0.9237029501525941
heteroscedastic,active,1016,20,0.024488483055692938,0.011036492900156018,0.018274043529191545,0.03665122869243128,0.987792472024415,0.9684638860630722,0.9511698880976602
heteroscedastic,active,1017,20,0.024309256222518616,0.028390244051248417,0.009754767551243004,0.02952386097731714,0.9542217700915565,0.9766022380467956,0.9440488301119023
heteroscedastic,active,1018,20,0.027476214241110363,0.02132705191148639,0.01824241002104267,0.03843433855888658,0.9725330620549338,0.8809766022380467,0.8158697863682605
heteroscedastic,active,1019,20,0.02385675008758444,0.023440949488386077,0.014846136088086907,0.03061940078710418,0.8789420142421159,0.9226856561546287,0.9613428280773143
heteroscedastic,active,1020,20,0.026405998027885236,0.0352909934931445,0.013413727342385757,0.025815652085450003,0.9318413021363174,0.9593082400813835,0.9857578840284842
heteroscedastic,active_no_task,1001,31,0.02611535286034916,0.018143766268025437,0.014071672073007361,0.038972127934495025,0.9643947100712106,0.9460834181078331,0.9074262461851476
heteroscedastic,active_no_task,1002,31,0.019439402254425368,0.020612445802174004,0.022097144501092885,0.014849726023679156,0.9084435401831129,0.9277721261444557,0.9694811800610377
heteroscedastic,active_no_task,1003,31,0.01789653290533093,0.009630695835864575,0.01863636268292028,0.022820897304060925,0.9755849440488301,0.948118006103764,0.9572736520854527
heteroscedastic,active_no_task,1004,31,0.014128503641753566,0.017601601508348354,0.010741571465952471,0.013177485050201205,0.9521871820956256,0.9613428280773143,0.9450661241098678
heteroscedastic,active_no_task,1005,31,0.016804268918850816,0.017153401164147954,0.011569416883230984,0.020470949737981976,0.9348931841302136,0.9613428280773143,0.960325534079349
heteroscedastic,active_no_task,1006,31,0.027110139911988428,0.0187782228232757,0.00937186387084569,0.04200506604361561,0.9542217700915565,0.9735503560528993,0.948118006103764
heteroscedastic,active_no_task,1007,31,0.029280213875301362,0.024608297417266157,0.01021233287965262,0.043152435958224995,0.9165818921668362,0.9521871820956256,0.8952187182095626
heteroscedastic,active_no_task,1008,31,0.026404681350167353,0.03477724802479556,0.006020807901114924,0.02908460905103166,0.8809766022380467,0.9664292980671414,0.953204476093591
heteroscedastic,active_no_task,1009,31,0.02959588922904004,0.014253870092350135,0.015247682319497278,0.04681971111665387,0.9613428280773143,0.9318413021363174,0.9084435401831129
heteroscedastic,active_no_task,1010,31,0.020528568694410866,0.02346255869726555,0.018632140757192026,0.019147273124520633,0.9389623601220752,0.930824008138352,0.9521871820956256
heteroscedastic,active_no_task,1011,31,0.024288650447137194,0.014946964288096987,0.020513093599058594,0.033550214175117665,0.953204476093591,0.9440488301119023,0.9613428280773143
heteroscedastic,active_no_task,1012,31,0.01781943932647477,0.02398413784944352,0.008245189962291614,0.017589065575929905,0.9247202441505595,0.9745676500508647,0.9613428280773143
heteroscedastic,active_no_task,1013,31,0.021645998736185255,0.02666938377680555,0.008369182061732105,0.02498696749195157,0.9226856561546287,0.9471007121057986,0.9460834181078331
heteroscedastic,active_no_task,1014,31,0.02152336349915103,0.01833074317425205,0.01098607025906082,0.03054595953464796,0.9623601220752798,0.9399796541200407,0.9420142421159715
heteroscedastic,active_no_task,1015,31,0.029695558853197034,0.03815802792903031,0.01267972777361397,0.032072855422700525,0.896236012207528,0.9745676500508647,0.9450661241098678
heteroscedastic,active_no_task,1016,31,0.029759202860875755,0.005928154278938755,0.015670011849009173,0.048745647808202126,0.9806714140386572,0.9420142421159715,0.9379450661241099
heteroscedastic,active_no_task,1017,31,0.026280911306486937,0.01790971970083711,0.011153317319537275,0.0403349023837353,0.9328585961342828,0.9593082400813835,0.9298067141403866
heteroscedastic,active_no_task,1018,31,0.01937480880882818,0.022563513901538754,0.012307479656762009,0.021576919011976562,0.9287894201424212,0.9613428280773143,0.9613428280773143
heteroscedastic,active_no_task,1019,31,0.018259973259627253,0.007825423457046949,0.008680584826065343,0.029388604341177734,0.943031536113937,0.9562563580874873,0.9440488301119023
heteroscedastic,active_no_task,1020,31,0.019298318122044158,0.014379379537514786,0.011892578273435562,0.02773220642403274,0.9521871820956256,0.9521871820956256,0.9552390640895219
heteroscedastic,d_opt,1001,31,0.024593329336292692,0.022519577225624872,0.013153991442529673,0.033679915294416024,0.9491353001017294,0.9379450661241099,0.948118006103764
heteroscedastic,d_opt,1002,31,0.02537107405967812,0.022643573649421152,0.01002353071272318,0.03630250130857858,0.9471007121057986,0.953204476093591,0.953204476093591
heteroscedastic,d_opt,1003,31,0.0193730036667931,0.015042859770216193,0.015939840125879918,0.02540814200046388,0.9460834181078331,0.9471007121057986,0.9562563580874873
heteroscedastic,d_opt,1004,31,0.012846433333883751,0.01133112890841378,0.012409763373449975,0.014584095408411454,0.9633774160732451,0.9593082400813835,0.9450661241098678
heteroscedastic,d_opt,1005,31,0.028206726418358852,0.021724695875207325,0.012775670595671822,0.04185305336150595,0.9033570701932858,0.970498474059003,0.9399796541200407
heteroscedastic,d_opt,1006,31,0.02274340547581871,0.023882364947381534,0.008522820243303305,0.0301460056646469,0.9633774160732451,0.9674465920651069,0.940996948118006
heteroscedastic,d_opt,1007,31,0.025683156251131108,0.014396600650879025,0.010261844457805445,0.04082041135367162,0.9359104781281791,0.965412004069176,0.9287894201424212
heteroscedastic,d_opt,1008,31,0.01534629554561118,0.014058048740243072,0.009898685270482575,0.02027100531430592,0.9501525940996948,0.9593082400813835,0.965412004069176
heteroscedastic,d_opt,1009,31,0.02336081890394479,0.019436459795293855,0.016524209923295327,0.03140633847849038,0.9674465920651069,0.9328585961342828,0.8636826042726348
heteroscedastic,d_opt,1010,31,0.020738464513701354,0.020647667075456812,0.010910584833253544,0.02729257617183886,0.9389623601220752,0.9420142421159715,0.9460834181078331
heteroscedastic,d_opt,1011,31,0.015979310467782275,0.015367223940829126,0.009505074858303994,0.020964662395749994,0.9542217700915565,0.9511698880976602,0.943031536113937
heteroscedastic,d_opt,1012,31,0.020754175625988972,0.02294167476601699,0.01491006485711312,0.023314736597915154,0.9277721261444557,0.943031536113937,0.9593082400813835
heteroscedastic,d_opt,1013,31,0.01836657061973979,0.01877677588110611,0.01450951399585609,0.021187247110099852,0.9359104781281791,0.9491353001017294,0.9633774160732451
heteroscedastic,d_opt,1014,31,0.016817389190536457,0.006650387808808858,0.015036376181419474,0.024044822122053763,0.9623601220752798,0.9318413021363174,0.948118006103764
heteroscedastic,d_opt,1015,31,0.023472353296258748,0.02149848699079224,0.009734368106886396,0.033104550177574334,0.9501525940996948,0.9582909460834181,0.9582909460834181
heteroscedastic,d_opt,1016,31,0.019083894446969642,0.008085260597947747,0.01360105150611918,0.029021113706755,0.9796541200406917,0.9369277721261444,0.9582909460834181
heteroscedastic,d_opt,1017,31,0.022921995082959088,0.018874006189869542,0.010636560055207939,0.03326994223449033,0.9369277721261444,0.9593082400813835,0.9084435401831129
heteroscedastic,d_opt,1018,31,0.01882467074126616,0.01651365363596199,0.017192507622616968,0.022244586100644444,0.9450661241098678,0.9379450661241099,0.9460834181078331
heteroscedastic,d_opt,1019,31,0.018764881680239633,0.006744143922780904,0.009364911595398973,0.030383832986958015,0.9674465920651069,0.960325534079349,0.9501525940996948
heteroscedastic,d_opt,1020,31,0.02074460821298683,0.024663259815827922,0.009533015670513867,0.024328204562064724,0.9257375381485249,0.948118006103764,0.9572736520854527
heteroscedastic,lhs,1001,40,0.025532554684337707,0.012673509633897014,0.011464429830958108,0.040788270965274376,0.9542217700915565,0.960325534079349,0.943031536113937
heteroscedastic,lhs,1002,36,0.021232625903258428,0.025330179157354003,0.012933395387353061,0.023314856119090805,0.8982706002034588,0.9511698880976602,0.9755849440488301
heteroscedastic,lhs,1003,40,0.01969384372183398,0.022040376762806825,0.019927389705035024,0.01675301087319077,0.9501525940996948,0.9593082400813835,0.9643947100712106
heteroscedastic,lhs,1004,34,0.02020142513381827,0.025439415609457054,0.011329012893887032,0.02118448329818901,0.943031536113937,0.9542217700915565,0.9664292980671414
heteroscedastic,lhs,1005,43,0.01847825983248462,0.015320402491208666,0.009860227865364616,0.02631348386779861,0.960325534079349,0.9684638860630722,0.960325534079349
heteroscedastic,lhs,1006,41,0.028243486354198332,0.03108032605562419,0.01411977671012974,0.03503896120394451,0.9420142421159715,0.9450661241098678,0.953204476093591
heteroscedastic,lhs,1007,37,0.020395510954865196,0.02155566250911841,0.013779037352661736,0.024360257485441694,0.8982706002034588,0.9420142421159715,0.9145473041709054
heteroscedastic,lhs,1008,37,0.018704817367312603,0.017369294140390384,0.01426617611461899,0.023332261321287153,0.9043743641912513,0.9399796541200407,0.9511698880976602
heteroscedastic,lhs,1009,42,0.03111865783018697,0.01473434279297387,0.010758263771356769,0.0507175659761174,0.9786368260427264,0.960325534079349,0.9226856561546287
heteroscedastic,lhs,1010,41,0.02300577863934455,0.009827486756509162,0.006881539337306609,0.03799819038858698,0.9542217700915565,0.9389623601220752,0.9379450661241099
heteroscedastic,lhs,1011,32,0.018597488132286375,0.013939816421126794,0.012647318981779242,0.026140515205519733,0.9450661241098678,0.9491353001017294,0.9338758901322483
heteroscedastic,lhs,1012,32,0.022549602956332473,0.021418804908762787,0.012950701326894874,0.029982793597105616,0.9542217700915565,0.9511698880976602,0.9694811800610377
heteroscedastic,lhs,1013,34,0.020731586861321823,0.018805991007546957,0.019215433768719252,0.023801216117451243,0.9145473041709054,0.9633774160732451,0.965412004069176
heteroscedastic,lhs,1014,45,0.02483399271184801,0.025771673890349702,0.019776420196975973,0.02819389315292354,0.9287894201424212,0.9369277721261444,0.9542217700915565
heteroscedastic,lhs,1015,30,0.024654247631400256,0.020783076927461508,0.011313307661441124,0.03554670958043812,0.943031536113937,0.9593082400813835,0.9552390640895219
heteroscedastic,lhs,1016,32,0.02340931241590754,0.015403138526074289,0.012626527121718162,0.035317160980857014,0.9643947100712106,0.9664292980671414,0.9460834181078331
heteroscedastic,lhs,1017,42,0.01951169509156759,0.018639799930148398,0.010818234913351541,0.026031565223061236,0.9572736520854527,0.9623601220752798,0.9369277721261444
heteroscedastic,lhs,1018,34,0.024753858187902333,0.027001277163185036,0.011034490515488327,0.03142342336825822,0.9471007121057986,0.930824008138352,0.9521871820956256
heteroscedastic,lhs,1019,30,0.030180952528105456,0.022984916077024627,0.011822855181008077,0.045437687163986606,0.9277721261444557,0.9684638860630722,0.9277721261444557
heteroscedastic,lhs,1020,36,0.018449273136306815,0.017877858725205215,0.010129233224464405,0.02447259363982837,0.9155645981688708,0.9633774160732451,0.9674465920651069
