planned_unit_id,block_id,position,method_id,route_order
NAV_BLOCK_01_B0_raw,NAV_BLOCK_01,1,B0_raw,AB
NAV_BLOCK_01_B1_dense,NAV_BLOCK_01,2,B1_dense,BA
NAV_BLOCK_01_B2_lhs,NAV_BLOCK_01,3,B2_lhs,AB
NAV_BLOCK_01_B3_sobol,NAV_BLOCK_01,4,B3_sobol,BA
NAV_BLOCK_01_B4_d_opt,NAV_BLOCK_01,5,B4_d_opt,AB
NAV_BLOCK_01_B5_active_no_task,NAV_BLOCK_01,6,B5_active_no_task,BA
NAV_BLOCK_01_B6_random,NAV_BLOCK_01,7,B6_random,AB
NAV_BLOCK_01_B8_full,NAV_BLOCK_01,8,B8_full,BA
NAV_BLOCK_02_B1_dense,NAV_BLOCK_02,1,B1_dense,AB
NAV_BLOCK_02_B2_lhs,NAV_BLOCK_02,2,B2_lhs,BA
NAV_BLOCK_02_B3_sobol,NAV_BLOCK_02,3,B3_sobol,AB
NAV_BLOCK_02_B4_d_opt,NAV_BLOCK_02,4,B4_d_opt,BA
NAV_BLOCK_02_B5_active_no_task,NAV_BLOCK_02,5,B5_active_no_task,AB
NAV_BLOCK_02_B6_random,NAV_BLOCK_02,6,B6_random,BA
NAV_BLOCK_02_B8_full,NAV_BLOCK_02,7,B8_full,AB
NAV_BLOCK_02_B0_raw,NAV_BLOCK_02,8,B0_raw,BA
NAV_BLOCK_03_B2_lhs,NAV_BLOCK_03,1,B2_lhs,AB
NAV_BLOCK_03_B3_sobol,NAV_BLOCK_03,2,B3_sobol,BA
NAV_BLOCK_03_B4_d_opt,NAV_BLOCK_03,3,B4_d_opt,AB
NAV_BLOCK_03_B5_active_no_task,NAV_BLOCK_03,4,B5_active_no_task,BA
NAV_BLOCK_03_B6_random,NAV_BLOCK_03,5,B6_random,AB
NAV_BLOCK_03_B8_full,NAV_BLOCK_03,6,B8_full,BA
NAV_BLOCK_03_B0_raw,NAV_BLOCK_03,7,B0_raw,AB
NAV_BLOCK_03_B1_dense,NAV_BLOCK_03,8,B1_dense,BA
NAV_BLOCK_04_B3_sobol,NAV_BLOCK_04,1,B3_sobol,AB
NAV_BLOCK_04_B4_d_opt,NAV_BLOCK_04,2,B4_d_opt,BA
NAV_BLOCK_04_B5_active_no_task,NAV_BLOCK_04,3,B5_active_no_task,AB
NAV_BLOCK_04_B6_random,NAV_BLOCK_04,4,B6_random,BA
NAV_BLOCK_04_B8_full,NAV_BLOCK_04,5,B8_full,AB
NAV_BLOCK_04_B0_raw,NAV_BLOCK_04,6,B0_raw,BA
NAV_BLOCK_04_B1_dense,NAV_BLOCK_04,7,B1_dense,AB
NAV_BLOCK_04_B2_lhs,NAV_BLOCK_04,8,B2_lhs,BA
NAV_BLOCK_05_B4_d_opt,NAV_BLOCK_05,1,B4_d_opt,AB
NAV_BLOCK_05_B5_active_no_task,NAV_BLOCK_05,2,B5_active_no_task,BA
NAV_BLOCK_05_B6_random,NAV_BLOCK_05,3,B6_random,AB
NAV_BLOCK_05_B8_full,NAV_BLOCK_05,4,B8_full,BA
NAV_BLOCK_05_B0_raw,NAV_BLOCK_05,5,B0_raw,AB
NAV_BLOCK_05_B1_dense,NAV_BLOCK_05,6,B1_dense,BA
NAV_BLOCK_05_B2_lhs,NAV_BLOCK_05,7,B2_lhs,AB
NAV_BLOCK_05_B3_sobol,NAV_BLOCK_05,8,B3_sobol,BA
NAV_BLOCK_06_B5_active_no_task,NAV_BLOCK_06,1,B5_active_no_task,AB
NAV_BLOCK_06_B6_random,NAV_BLOCK_06,2,B6_random,BA
NAV_BLOCK_06_B8_full,NAV_BLOCK_06,3,B8_full,AB
NAV_BLOCK_06_B0_raw,NAV_BLOCK_06,4,B0_raw,BA
NAV_BLOCK_06_B1_dense,NAV_BLOCK_06,5,B1_dense,AB
NAV_BLOCK_06_B2_lhs,NAV_BLOCK_06,6,B2_lhs,BA
NAV_BLOCK_06_B3_sobol,NAV_BLOCK_06,7,B3_sobol,AB
NAV_BLOCK_06_B4_d_opt,NAV_BLOCK_06,8,B4_d_opt,BA
NAV_BLOCK_07_B6_random,NAV_BLOCK_07,1,B6_random,AB
NAV_BLOCK_07_B8_full,NAV_BLOCK_07,2,B8_full,BA
NAV_BLOCK_07_B0_raw,NAV_BLOCK_07,3,B0_raw,AB
NAV_BLOCK_07_B1_dense,NAV_BLOCK_07,4,B1_dense,BA
NAV_BLOCK_07_B2_lhs,NAV_BLOCK_07,5,B2_lhs,AB
NAV_BLOCK_07_B3_sobol,NAV_BLOCK_07,6,B3_sobol,BA
NAV_BLOCK_07_B4_d_opt,NAV_BLOCK_07,7,B4_d_opt,AB
NAV_BLOCK_07_B5_active_no_task,NAV_BLOCK_07,8,B5_active_no_task,BA
NAV_BLOCK_08_B8_full,NAV_BLOCK_08,1,B8_full,AB
NAV_BLOCK_08_B0_raw,NAV_BLOCK_08,2,B0_raw,BA
NAV_BLOCK_08_B1_dense,NAV_BLOCK_08,3,B1_dense,AB
NAV_BLOCK_08_B2_lhs,NAV_BLOCK_08,4,B2_lhs,BA
NAV_BLOCK_08_B3_sobol,NAV_BLOCK_08,5,B3_sobol,AB
NAV_BLOCK_08_B4_d_opt,NAV_BLOCK_08,6,B4_d_opt,BA
NAV_BLOCK_08_B5_active_no_task,NAV_BLOCK_08,7,B5_active_no_task,AB
NAV_BLOCK_08_B6_random,NAV_BLOCK_08,8,B6_random,BA
NAV_BLOCK_09_B0_raw,NAV_BLOCK_09,1,B0_raw,AB
NAV_BLOCK_09_B1_dense,NAV_BLOCK_09,2,B1_dense,BA
NAV_BLOCK_09_B2_lhs,NAV_BLOCK_09,3,B2_lhs,AB
NAV_BLOCK_09_B3_sobol,NAV_BLOCK_09,4,B3_sobol,BA
NAV_BLOCK_09_B4_d_opt,NAV_BLOCK_09,5,B4_d_opt,AB
NAV_BLOCK_09_B5_active_no_task,NAV_BLOCK_09,6,B5_active_no_task,BA
NAV_BLOCK_09_B6_random,NAV_BLOCK_09,7,B6_random,AB
NAV_BLOCK_09_B8_full,NAV_BLOCK_09,8,B8_full,BA
NAV_BLOCK_10_B1_dense,NAV_BLOCK_10,1,B1_dense,AB
NAV_BLOCK_10_B2_lhs,NAV_BLOCK_10,2,B2_lhs,BA
NAV_BLOCK_10_B3_sobol,NAV_BLOCK_10,3,B3_sobol,AB
NAV_BLOCK_10_B4_d_opt,NAV_BLOCK_10,4,B4_d_opt,BA
NAV_BLOCK_10_B5_active_no_task,NAV_BLOCK_10,5,B5_active_no_task,AB
NAV_BLOCK_10_B6_random,NAV_BLOCK_10,6,B6_random,BA
NAV_BLOCK_10_B8_full,NAV_BLOCK_10,7,B8_full,AB
NAV_BLOCK_10_B0_raw,NAV_BLOCK_10,8,B0_raw,BA
NAV_BLOCK_11_B2_lhs,NAV_BLOCK_11,1,B2_lhs,AB
NAV_BLOCK_11_B3_sobol,NAV_BLOCK_11,2,B3_sobol,BA
NAV_BLOCK_11_B4_d_opt,NAV_BLOCK_11,3,B4_d_opt,AB
NAV_BLOCK_11_B5_active_no_task,NAV_BLOCK_11,4,B5_active_no_task,BA
NAV_BLOCK_11_B6_random,NAV_BLOCK_11,5,B6_random,AB
NAV_BLOCK_11_B8_full,NAV_BLOCK_11,6,B8_full,BA
NAV_BLOCK_11_B0_raw,NAV_BLOCK_11,7,B0_raw,AB
NAV_BLOCK_11_B1_dense,NAV_BLOCK_11,8,B1_dense,BA
NAV_BLOCK_12_B3_sobol,NAV_BLOCK_12,1,B3_sobol,AB
NAV_BLOCK_12_B4_d_opt,NAV_BLOCK_12,2,B4_d_opt,BA
NAV_BLOCK_12_B5_active_no_task,NAV_BLOCK_12,3,B5_active_no_task,AB
NAV_BLOCK_12_B6_random,NAV_BLOCK_12,4,B6_random,BA
NAV_BLOCK_12_B8_full,NAV_BLOCK_12,5,B8_full,AB
NAV_BLOCK_12_B0_raw,NAV_BLOCK_12,6,B0_raw,BA
NAV_BLOCK_12_B1_dense,NAV_BLOCK_12,7,B1_dense,AB
NAV_BLOCK_12_B2_lhs,NAV_BLOCK_12,8,B2_lhs,BA
NAV_BLOCK_13_B4_d_opt,NAV_BLOCK_13,1,B4_d_opt,AB
NAV_BLOCK_13_B5_active_no_task,NAV_BLOCK_13,2,B5_active_no_task,BA
NAV_BLOCK_13_B6_random,NAV_BLOCK_13,3,B6_random,AB
NAV_BLOCK_13_B8_full,NAV_BLOCK_13,4,B8_full,BA
NAV_BLOCK_13_B0_raw,NAV_BLOCK_13,5,B0_raw,AB
NAV_BLOCK_13_B1_dense,NAV_BLOCK_13,6,B1_dense,BA
NAV_BLOCK_13_B2_lhs,NAV_BLOCK_13,7,B2_lhs,AB
NAV_BLOCK_13_B3_sobol,NAV_BLOCK_13,8,B3_sobol,BA
NAV_BLOCK_14_B5_active_no_task,NAV_BLOCK_14,1,B5_active_no_task,AB
NAV_BLOCK_14_B6_random,NAV_BLOCK_14,2,B6_random,BA
NAV_BLOCK_14_B8_full,NAV_BLOCK_14,3,B8_full,AB
NAV_BLOCK_14_B0_raw,NAV_BLOCK_14,4,B0_raw,BA
NAV_BLOCK_14_B1_dense,NAV_BLOCK_14,5,B1_dense,AB
NAV_BLOCK_14_B2_lhs,NAV_BLOCK_14,6,B2_lhs,BA
NAV_BLOCK_14_B3_sobol,NAV_BLOCK_14,7,B3_sobol,AB
NAV_BLOCK_14_B4_d_opt,NAV_BLOCK_14,8,B4_d_opt,BA
NAV_BLOCK_15_B6_random,NAV_BLOCK_15,1,B6_random,AB
NAV_BLOCK_15_B8_full,NAV_BLOCK_15,2,B8_full,BA
NAV_BLOCK_15_B0_raw,NAV_BLOCK_15,3,B0_raw,AB
NAV_BLOCK_15_B1_dense,NAV_BLOCK_15,4,B1_dense,BA
NAV_BLOCK_15_B2_lhs,NAV_BLOCK_15,5,B2_lhs,AB
NAV_BLOCK_15_B3_sobol,NAV_BLOCK_15,6,B3_sobol,BA
NAV_BLOCK_15_B4_d_opt,NAV_BLOCK_15,7,B4_d_opt,AB
NAV_BLOCK_15_B5_active_no_task,NAV_BLOCK_15,8,B5_active_no_task,BA
NAV_BLOCK_16_B8_full,NAV_BLOCK_16,1,B8_full,AB
NAV_BLOCK_16_B0_raw,NAV_BLOCK_16,2,B0_raw,BA
NAV_BLOCK_16_B1_dense,NAV_BLOCK_16,3,B1_dense,AB
NAV_BLOCK_16_B2_lhs,NAV_BLOCK_16,4,B2_lhs,BA
NAV_BLOCK_16_B3_sobol,NAV_BLOCK_16,5,B3_sobol,AB
NAV_BLOCK_16_B4_d_opt,NAV_BLOCK_16,6,B4_d_opt,BA
NAV_BLOCK_16_B5_active_no_task,NAV_BLOCK_16,7,B5_active_no_task,AB
NAV_BLOCK_16_B6_random,NAV_BLOCK_16,8,B6_random,BA
NAV_BLOCK_17_B0_raw,NAV_BLOCK_17,1,B0_raw,AB
NAV_BLOCK_17_B1_dense,NAV_BLOCK_17,2,B1_dense,BA
NAV_BLOCK_17_B2_lhs,NAV_BLOCK_17,3,B2_lhs,AB
NAV_BLOCK_17_B3_sobol,NAV_BLOCK_17,4,B3_sobol,BA
NAV_BLOCK_17_B4_d_opt,NAV_BLOCK_17,5,B4_d_opt,AB
NAV_BLOCK_17_B5_active_no_task,NAV_BLOCK_17,6,B5_active_no_task,BA
NAV_BLOCK_17_B6_random,NAV_BLOCK_17,7,B6_random,AB
NAV_BLOCK_17_B8_full,NAV_BLOCK_17,8,B8_full,BA
NAV_BLOCK_18_B1_dense,NAV_BLOCK_18,1,B1_dense,AB
NAV_BLOCK_18_B2_lhs,NAV_BLOCK_18,2,B2_lhs,BA
NAV_BLOCK_18_B3_sobol,NAV_BLOCK_18,3,B3_sobol,AB
NAV_BLOCK_18_B4_d_opt,NAV_BLOCK_18,4,B4_d_opt,BA
NAV_BLOCK_18_B5_active_no_task,NAV_BLOCK_18,5,B5_active_no_task,AB
NAV_BLOCK_18_B6_random,NAV_BLOCK_18,6,B6_random,BA
NAV_BLOCK_18_B8_full,NAV_BLOCK_18,7,B8_full,AB
NAV_BLOCK_18_B0_raw,NAV_BLOCK_18,8,B0_raw,BA
NAV_BLOCK_19_B2_lhs,NAV_BLOCK_19,1,B2_lhs,AB
NAV_BLOCK_19_B3_sobol,NAV_BLOCK_19,2,B3_sobol,BA
NAV_BLOCK_19_B4_d_opt,NAV_BLOCK_19,3,B4_d_opt,AB
NAV_BLOCK_19_B5_active_no_task,NAV_BLOCK_19,4,B5_active_no_task,BA
NAV_BLOCK_19_B6_random,NAV_BLOCK_19,5,B6_random,AB
NAV_BLOCK_19_B8_full,NAV_BLOCK_19,6,B8_full,BA
NAV_BLOCK_19_B0_raw,NAV_BLOCK_19,7,B0_raw,AB
NAV_BLOCK_19_B1_dense,NAV_BLOCK_19,8,B1_dense,BA
NAV_BLOCK_20_B3_sobol,NAV_BLOCK_20,1,B3_sobol,AB
NAV_BLOCK_20_B4_d_opt,NAV_BLOCK_20,2,B4_d_opt,BA
NAV_BLOCK_20_B5_active_no_task,NAV_BLOCK_20,3,B5_active_no_task,AB
NAV_BLOCK_20_B6_random,NAV_BLOCK_20,4,B6_random,BA
NAV_BLOCK_20_B8_full,NAV_BLOCK_20,5,B8_full,AB
NAV_BLOCK_20_B0_raw,NAV_BLOCK_20,6,B0_raw,BA
NAV_BLOCK_20_B1_dense,NAV_BLOCK_20,7,B1_dense,AB
NAV_BLOCK_20_B2_lhs,NAV_BLOCK_20,8,B2_lhs,BA
NAV_BLOCK_21_B4_d_opt,NAV_BLOCK_21,1,B4_d_opt,AB
NAV_BLOCK_21_B5_active_no_task,NAV_BLOCK_21,2,B5_active_no_task,BA
NAV_BLOCK_21_B6_random,NAV_BLOCK_21,3,B6_random,AB
NAV_BLOCK_21_B8_full,NAV_BLOCK_21,4,B8_full,BA
NAV_BLOCK_21_B0_raw,NAV_BLOCK_21,5,B0_raw,AB
NAV_BLOCK_21_B1_dense,NAV_BLOCK_21,6,B1_dense,BA
NAV_BLOCK_21_B2_lhs,NAV_BLOCK_21,7,B2_lhs,AB
NAV_BLOCK_21_B3_sobol,NAV_BLOCK_21,8,B3_sobol,BA
NAV_BLOCK_22_B5_active_no_task,NAV_BLOCK_22,1,B5_active_no_task,AB
NAV_BLOCK_22_B6_random,NAV_BLOCK_22,2,B6_random,BA
NAV_BLOCK_22_B8_full,NAV_BLOCK_22,3,B8_full,AB
NAV_BLOCK_22_B0_raw,NAV_BLOCK_22,4,B0_raw,BA
NAV_BLOCK_22_B1_dense,NAV_BLOCK_22,5,B1_dense,AB
NAV_BLOCK_22_B2_lhs,NAV_BLOCK_22,6,B2_lhs,BA
NAV_BLOCK_22_B3_sobol,NAV_BLOCK_22,7,B3_sobol,AB
NAV_BLOCK_22_B4_d_opt,NAV_BLOCK_22,8,B4_d_opt,BA
NAV_BLOCK_23_B6_random,NAV_BLOCK_23,1,B6_random,AB
NAV_BLOCK_23_B8_full,NAV_BLOCK_23,2,B8_full,BA
NAV_BLOCK_23_B0_raw,NAV_BLOCK_23,3,B0_raw,AB
NAV_BLOCK_23_B1_dense,NAV_BLOCK_23,4,B1_dense,BA
NAV_BLOCK_23_B2_lhs,NAV_BLOCK_23,5,B2_lhs,AB
NAV_BLOCK_23_B3_sobol,NAV_BLOCK_23,6,B3_sobol,BA
NAV_BLOCK_23_B4_d_opt,NAV_BLOCK_23,7,B4_d_opt,AB
NAV_BLOCK_23_B5_active_no_task,NAV_BLOCK_23,8,B5_active_no_task,BA
NAV_BLOCK_24_B8_full,NAV_BLOCK_24,1,B8_full,AB
NAV_BLOCK_24_B0_raw,NAV_BLOCK_24,2,B0_raw,BA
NAV_BLOCK_24_B1_dense,NAV_BLOCK_24,3,B1_dense,AB
NAV_BLOCK_24_B2_lhs,NAV_BLOCK_24,4,B2_lhs,BA
NAV_BLOCK_24_B3_sobol,NAV_BLOCK_24,5,B3_sobol,AB
NAV_BLOCK_24_B4_d_opt,NAV_BLOCK_24,6,B4_d_opt,BA
NAV_BLOCK_24_B5_active_no_task,NAV_BLOCK_24,7,B5_active_no_task,AB
NAV_BLOCK_24_B6_random,NAV_BLOCK_24,8,B6_random,BA
NAV_BLOCK_25_B0_raw,NAV_BLOCK_25,1,B0_raw,AB
NAV_BLOCK_25_B1_dense,NAV_BLOCK_25,2,B1_dense,BA
NAV_BLOCK_25_B2_lhs,NAV_BLOCK_25,3,B2_lhs,AB
NAV_BLOCK_25_B3_sobol,NAV_BLOCK_25,4,B3_sobol,BA
NAV_BLOCK_25_B4_d_opt,NAV_BLOCK_25,5,B4_d_opt,AB
NAV_BLOCK_25_B5_active_no_task,NAV_BLOCK_25,6,B5_active_no_task,BA
NAV_BLOCK_25_B6_random,NAV_BLOCK_25,7,B6_random,AB
NAV_BLOCK_25_B8_full,NAV_BLOCK_25,8,B8_full,BA
NAV_BLOCK_26_B1_dense,NAV_BLOCK_26,1,B1_dense,AB
NAV_BLOCK_26_B2_lhs,NAV_BLOCK_26,2,B2_lhs,BA
NAV_BLOCK_26_B3_sobol,NAV_BLOCK_26,3,B3_sobol,AB
NAV_BLOCK_26_B4_d_opt,NAV_BLOCK_26,4,B4_d_opt,BA
NAV_BLOCK_26_B5_active_no_task,NAV_BLOCK_26,5,B5_active_no_task,AB
NAV_BLOCK_26_B6_random,NAV_BLOCK_26,6,B6_random,BA
NAV_BLOCK_26_B8_full,NAV_BLOCK_26,7,B8_full,AB
NAV_BLOCK_26_B0_raw,NAV_BLOCK_26,8,B0_raw,BA
NAV_BLOCK_27_B2_lhs,NAV_BLOCK_27,1,B2_lhs,AB
NAV_BLOCK_27_B3_sobol,NAV_BLOCK_27,2,B3_sobol,BA
NAV_BLOCK_27_B4_d_opt,NAV_BLOCK_27,3,B4_d_opt,AB
NAV_BLOCK_27_B5_active_no_task,NAV_BLOCK_27,4,B5_active_no_task,BA
NAV_BLOCK_27_B6_random,NAV_BLOCK_27,5,B6_random,AB
NAV_BLOCK_27_B8_full,NAV_BLOCK_27,6,B8_full,BA
NAV_BLOCK_27_B0_raw,NAV_BLOCK_27,7,B0_raw,AB
NAV_BLOCK_27_B1_dense,NAV_BLOCK_27,8,B1_dense,BA
NAV_BLOCK_28_B3_sobol,NAV_BLOCK_28,1,B3_sobol,AB
NAV_BLOCK_28_B4_d_opt,NAV_BLOCK_28,2,B4_d_opt,BA
NAV_BLOCK_28_B5_active_no_task,NAV_BLOCK_28,3,B5_active_no_task,AB
NAV_BLOCK_28_B6_random,NAV_BLOCK_28,4,B6_random,BA
NAV_BLOCK_28_B8_full,NAV_BLOCK_28,5,B8_full,AB
NAV_BLOCK_28_B0_raw,NAV_BLOCK_28,6,B0_raw,BA
NAV_BLOCK_28_B1_dense,NAV_BLOCK_28,7,B1_dense,AB
NAV_BLOCK_28_B2_lhs,NAV_BLOCK_28,8,B2_lhs,BA
NAV_BLOCK_29_B4_d_opt,NAV_BLOCK_29,1,B4_d_opt,AB
NAV_BLOCK_29_B5_active_no_task,NAV_BLOCK_29,2,B5_active_no_task,BA
NAV_BLOCK_29_B6_random,NAV_BLOCK_29,3,B6_random,AB
NAV_BLOCK_29_B8_full,NAV_BLOCK_29,4,B8_full,BA
NAV_BLOCK_29_B0_raw,NAV_BLOCK_29,5,B0_raw,AB
NAV_BLOCK_29_B1_dense,NAV_BLOCK_29,6,B1_dense,BA
NAV_BLOCK_29_B2_lhs,NAV_BLOCK_29,7,B2_lhs,AB
NAV_BLOCK_29_B3_sobol,NAV_BLOCK_29,8,B3_sobol,BA
NAV_BLOCK_30_B5_active_no_task,NAV_BLOCK_30,1,B5_active_no_task,AB
NAV_BLOCK_30_B6_random,NAV_BLOCK_30,2,B6_random,BA
NAV_BLOCK_30_B8_full,NAV_BLOCK_30,3,B8_full,AB
NAV_BLOCK_30_B0_raw,NAV_BLOCK_30,4,B0_raw,BA
NAV_BLOCK_30_B1_dense,NAV_BLOCK_30,5,B1_dense,AB
NAV_BLOCK_30_B2_lhs,NAV_BLOCK_30,6,B2_lhs,BA
NAV_BLOCK_30_B3_sobol,NAV_BLOCK_30,7,B3_sobol,AB
NAV_BLOCK_30_B4_d_opt,NAV_BLOCK_30,8,B4_d_opt,BA
