scenario,seed,method,context_stage,monitor_trial,cmd_vx,cmd_vy,cmd_wz,measured_vx,measured_vy,measured_wz,predicted_vx,predicted_vy,predicted_wz,normalized_nis,cusum,legacy_alarm,signature_distance,alarm,valid,safety_events
signature_pilot_payload_com_only,14201,frozen,pre_shift,1,-0.2,0.0,-0.2,-0.11685346792139441,0.029310312267127058,-0.20647149338382964,-0.20608270246057836,-0.0019352893261521517,-0.18339336912564866,1.0716769793365188,0.0,False,nan,False,True,
signature_pilot_payload_com_only,14202,frozen,pre_shift,1,-0.2,0.0,-0.2,-0.20663422704031675,-0.012441972858782114,-0.20570296021691412,-0.206042890852751,-0.001711950944525692,-0.18616943813137857,0.03750311023082981,0.0,False,nan,False,True,
signature_pilot_payload_com_only,14203,frozen,pre_shift,1,-0.2,0.0,-0.2,-0.13912490715340795,0.019175105597360916,-0.1928679452019368,-0.20292524944442927,-0.00466483894616922,-0.18691556344525664,0.5445262221586084,0.0,False,nan,False,True,
signature_pilot_payload_com_only,14204,frozen,pre_shift,1,-0.2,0.0,-0.2,-0.13457298853122107,0.019992282553056472,-0.22196845007319105,-0.20235660436810465,-0.0049083617226722935,-0.18766213377223126,0.6788980079457225,0.0,False,nan,False,True,
signature_pilot_payload_com_only,14205,frozen,pre_shift,1,-0.2,0.0,-0.2,-0.14510094355537448,0.013492153439877481,-0.19541914685786885,-0.20399949599118147,0.0005836195743864226,-0.18655032663212792,0.42713821671467533,0.0,False,nan,False,True,
signature_pilot_payload_com_only,14206,frozen,pre_shift,1,-0.2,0.0,-0.2,-0.11166349426785249,0.011187686089411562,-0.21053553476958226,-0.19973002058866202,-0.0007149630362034479,-0.1827335370902202,0.9822460153463348,0.0,False,nan,False,True,
signature_pilot_payload_com_only,14207,frozen,pre_shift,1,-0.2,0.0,-0.2,-0.12137080923027357,0.03054835797017619,-0.205585637401253,-0.20391369235396498,-0.005496373615069521,-0.18650910954161842,0.9600807836721175,0.0,False,nan,False,True,
signature_pilot_payload_com_only,14208,frozen,pre_shift,1,-0.2,0.0,-0.2,-0.13781677628532865,0.0177371416872795,-0.18521425908637956,-0.20120625260030128,0.0033236976146961065,-0.18262090539701512,0.49169780975526906,0.0,False,nan,False,True,
signature_pilot_payload_com_only,14201,frozen,pre_shift,2,-0.2,0.0,0.2,-0.022144990162853487,0.008974861948616863,0.08407756345614903,-0.20620794020407884,-0.005340405127078961,0.19849817128892383,4.897794207291426,3.397794207291426,False,nan,False,True,
signature_pilot_payload_com_only,14202,frozen,pre_shift,2,-0.2,0.0,0.2,-0.014033052499726894,0.010319522465109055,0.0902452188945315,-0.20515493832518783,-0.004560612376538083,0.19490592094860582,5.03961095771405,3.53961095771405,False,nan,False,True,
signature_pilot_payload_com_only,14203,frozen,pre_shift,2,-0.2,0.0,0.2,-0.03077646233730594,0.007169918234966943,0.08482522028616506,-0.2025908652276492,-0.008651294303888916,0.19983982511382417,4.383230245321384,2.883230245321384,False,nan,False,True,
signature_pilot_payload_com_only,14204,frozen,pre_shift,2,-0.2,0.0,0.2,-0.020372013959010088,0.008029963604694365,0.0922637265345577,-0.1991425817252336,-0.007084872106736851,0.19600925516400122,4.5226910822495645,3.0226910822495645,False,nan,False,True,
signature_pilot_payload_com_only,14205,frozen,pre_shift,2,-0.2,0.0,0.2,-0.012515096642156312,0.009016432304589874,0.09121137705753515,-0.2030234937701487,-0.002700039570195007,0.19455172542917193,4.984809463307514,3.4848094633075144,False,nan,False,True,
signature_pilot_payload_com_only,14206,frozen,pre_shift,2,-0.2,0.0,0.2,-0.033464178588332595,0.006656542314776458,0.10161614071284614,-0.19933530882784364,-0.001577626869906939,0.1860687997715226,3.743785622216808,2.243785622216808,False,nan,False,True,
signature_pilot_payload_com_only,14207,frozen,pre_shift,2,-0.2,0.0,0.2,-0.01535625241073668,0.011204617476696892,0.08785391205864501,-0.2035422385543302,-0.00831917014379389,0.19527296513493228,5.018060381876596,3.5180603818765963,False,nan,False,True,
signature_pilot_payload_com_only,14208,frozen,pre_shift,2,-0.2,0.0,0.2,-0.015838362106165405,0.002273181434292709,0.07653452066508916,-0.19910519194351475,9.697571757572495e-05,0.19754497063955312,4.939113686061101,3.439113686061101,False,nan,False,True,
signature_pilot_payload_com_only,14201,frozen,pre_shift,3,0.12,-0.1,-0.15,0.1159385641589398,-0.09217868319129953,-0.09602719587985398,0.12007355870990447,-0.10152512918962599,-0.1331521013674154,0.09703914533110986,1.994833352622536,False,nan,False,True,
signature_pilot_payload_com_only,14202,frozen,pre_shift,3,0.12,-0.1,-0.15,0.07983572069142138,-0.048244360169591514,-0.1354944182773626,0.11553162206458978,-0.10309056122876241,-0.1388159178091794,0.4927495689804163,2.5323605266944664,False,nan,False,True,
signature_pilot_payload_com_only,14203,frozen,pre_shift,3,0.12,-0.1,-0.15,0.11887377990437624,-0.11377647497466235,-0.07490822615344264,0.11971843578158604,-0.1067407711285055,-0.13171378696188732,0.20500077584480025,1.588231021166184,False,nan,False,True,
signature_pilot_payload_com_only,14204,frozen,pre_shift,3,0.12,-0.1,-0.15,0.08881155475100984,-0.05827143927359783,-0.1305981182191427,0.11207847324127855,-0.10463720197434134,-0.13117411482031868,0.3128183116898336,1.835509393939398,False,nan,False,True,
signature_pilot_payload_com_only,14205,frozen,pre_shift,3,0.12,-0.1,-0.15,0.0910305532625472,-0.06336887987180727,-0.12028034221412828,0.11595642288798635,-0.10137104673121879,-0.13421528543672165,0.2524261207817302,2.2372355840892446,False,nan,False,True,
signature_pilot_payload_com_only,14206,frozen,pre_shift,3,0.12,-0.1,-0.15,0.10453543176486674,-0.0937729784163089,-0.13232327751706852,0.11612678206312851,-0.0993319976694944,-0.13908397186168026,0.022188490041178944,0.7659741122579871,False,nan,False,True,
signature_pilot_payload_com_only,14207,frozen,pre_shift,3,0.12,-0.1,-0.15,0.0975633200119087,-0.0755736660147412,-0.12550977515764053,0.11122243574886628,-0.10620731662906716,-0.13315941787210053,0.13450333717779916,2.1525637190543954,False,nan,False,True,
signature_pilot_payload_com_only,14208,frozen,pre_shift,3,0.12,-0.1,-0.15,0.08582645775633407,-0.06848447096406829,-0.0913771017284065,0.11851793378327238,-0.09433883928601906,-0.12947980462117306,0.29396803787018033,2.2330817239312815,False,nan,False,True,
signature_pilot_payload_com_only,14201,frozen,pre_shift,4,0.12,0.1,0.15,0.042220211101172994,0.05173370373009689,0.06596329976272734,0.11556095356158466,0.09561841948849996,0.15072918156810283,1.2010234547378842,1.69585680736042,False,nan,False,True,
signature_pilot_payload_com_only,14202,frozen,pre_shift,4,0.12,0.1,0.15,0.04027910952070824,0.04828302610424798,0.06943577554876362,0.11465067607621318,0.09565538213792447,0.14793010867916878,1.2280057173054595,2.260366243999926,False,nan,False,True,
signature_pilot_payload_com_only,14203,frozen,pre_shift,4,0.12,0.1,0.15,0.06888701075512808,0.05873377777005829,0.11323760610743183,0.1173788534091316,0.09209861582655547,0.15560342537815802,0.49527128596839326,0.5835023071345773,False,nan,False,True,
signature_pilot_payload_com_only,14204,frozen,pre_shift,4,0.12,0.1,0.15,0.054557192600436025,0.05333713559397043,0.08639836942724358,0.11626313185899924,0.09775190775885975,0.15363486430705475,0.9018303782527114,1.2373397721921093,False,nan,False,True,
signature_pilot_payload_com_only,14205,frozen,pre_shift,4,0.12,0.1,0.15,0.039277055990918186,0.040812448567329296,0.08989358566589635,0.1174052170225061,0.09895854852819715,0.15006962911031174,1.2439364406320161,1.9811720247212607,False,nan,False,True,
signature_pilot_payload_com_only,14206,frozen,pre_shift,4,0.12,0.1,0.15,0.11422942090056112,0.10553391845007737,0.15412231432510495,0.11780054699002059,0.10148413429892833,0.13801067872518105,0.019400711174940553,0.0,False,nan,False,True,
signature_pilot_payload_com_only,14207,frozen,pre_shift,4,0.12,0.1,0.15,0.06342942286571995,0.05874861504716618,0.08713606452133753,0.11508214219563112,0.09302164843309803,0.14900881536532334,0.6558828543008103,1.3084465733552055,False,nan,False,True,
signature_pilot_payload_com_only,14208,frozen,pre_shift,4,0.12,0.1,0.15,0.10374263629397878,0.10693223978287059,0.22792842346983935,0.10975619039008189,0.09547340212608244,0.15424076011431476,0.35411229716089165,1.0871940210921731,False,nan,False,True,
signature_pilot_payload_com_only,14201,frozen,post_shift,1,-0.2,0.0,-0.2,-0.08484516725520491,0.0033275244484983644,-0.14651827014101612,-0.20608270246057836,-0.0019352893261521517,-0.18339336912564866,1.8410072050840867,2.0368640124445068,False,0.5183581140511568,False,True,
signature_pilot_payload_com_only,14202,frozen,post_shift,1,-0.2,0.0,-0.2,-0.10725332524886466,0.028710862682796028,-0.13576898131287332,-0.206042890852751,-0.001711950944525692,-0.18616943813137857,1.4243680321364147,2.1847342761363406,False,0.9588919853002893,False,True,
signature_pilot_payload_com_only,14203,frozen,post_shift,1,-0.2,0.0,-0.2,-0.09586753342762613,0.018517843420204058,-0.10702506479381442,-0.20292524944442927,-0.00466483894616922,-0.18691556344525664,1.8262764009412162,0.9097787080757935,False,0.5683090545039021,False,True,
signature_pilot_payload_com_only,14204,frozen,post_shift,1,-0.2,0.0,-0.2,-0.09236811245355506,0.020882456719415923,-0.09419557264161711,-0.20235660436810465,-0.0049083617226722935,-0.18766213377223126,2.0663364319130144,1.8036762041051237,False,0.7712911588497863,False,True,
signature_pilot_payload_com_only,14205,frozen,post_shift,1,-0.2,0.0,-0.2,-0.09885963358555562,0.013348406166322744,-0.0749738742279515,-0.20399949599118147,0.0005836195743864226,-0.18655032663212792,2.105635785163417,2.586807809884678,False,0.7462217782270988,False,True,
signature_pilot_payload_com_only,14206,frozen,post_shift,1,-0.2,0.0,-0.2,-0.096338061770941,0.014260807410559032,-0.07824641601925973,-0.19973002058866202,-0.0007149630362034479,-0.1827335370902202,1.9804948894539403,0.48049488945394025,False,0.7440395708325347,False,True,
signature_pilot_payload_com_only,14207,frozen,post_shift,1,-0.2,0.0,-0.2,-0.07851493427054018,0.013569015794640217,-0.11528696813615336,-0.20391369235396498,-0.005496373615069521,-0.18650910954161842,2.2356019170482084,2.044048490403414,False,0.6248311835857496,False,True,
signature_pilot_payload_com_only,14208,frozen,post_shift,1,-0.2,0.0,-0.2,-0.09651829600816157,0.020688932512749947,-0.07944851641474893,-0.20120625260030128,0.0033236976146961065,-0.18262090539701512,2.005030343496179,1.5922243645883523,False,0.6585127446952742,False,True,
signature_pilot_payload_com_only,14201,frozen,post_shift,2,-0.2,0.0,0.2,-0.10308076452321818,0.007359261501077163,0.050005131553268155,-0.20620794020407884,-0.005340405127078961,0.19849817128892383,2.6850994058462123,3.221963418290719,False,0.6086487443003116,False,True,
signature_pilot_payload_com_only,14202,frozen,post_shift,2,-0.2,0.0,0.2,-0.07883687554642542,0.01468028029614565,0.0969064097046494,-0.20515493832518783,-0.004560612376538083,0.19490592094860582,2.5289496545858454,3.213683930722186,False,0.46754976910930335,False,True,
signature_pilot_payload_com_only,14203,frozen,post_shift,2,-0.2,0.0,0.2,-0.05799929206647956,0.019533342661777087,0.10114412678589582,-0.2025908652276492,-0.008651294303888916,0.19983982511382417,3.2004787436797297,2.6102574517555235,False,0.264410951126041,False,True,
signature_pilot_payload_com_only,14204,frozen,post_shift,2,-0.2,0.0,0.2,-0.1030952523282288,-0.003366566839015421,0.11511004063705854,-0.1991425817252336,-0.007084872106736851,0.19600925516400122,1.509366712852949,1.8130429169580728,False,0.6209211570930013,False,True,
signature_pilot_payload_com_only,14205,frozen,post_shift,2,-0.2,0.0,0.2,-0.07664519726714876,0.005130469277348164,0.10376269533435234,-0.2030234937701487,-0.002700039570195007,0.19455172542917193,2.3854136228226204,3.472221432707298,False,0.46588817055269355,False,True,
signature_pilot_payload_com_only,14206,frozen,post_shift,2,-0.2,0.0,0.2,-0.060585198947104395,0.01787607546055535,0.09027758677944334,-0.19933530882784364,-0.001577626869906939,0.1860687997715226,2.890466062755372,1.8709609522093122,False,0.24731449952237586,False,True,
signature_pilot_payload_com_only,14207,frozen,post_shift,2,-0.2,0.0,0.2,-0.12386944746560034,0.009794565734062725,0.08369441332952912,-0.2035422385543302,-0.00831917014379389,0.19527296513493228,1.5753215840657282,2.119370074469142,False,0.775638933498187,False,True,
signature_pilot_payload_com_only,14208,frozen,post_shift,2,-0.2,0.0,0.2,-0.11311763769662066,0.0012088807060273812,0.13155189180638502,-0.19910519194351475,9.697571757572495e-05,0.19754497063955312,1.1296057308321867,1.221830095420539,False,0.7592229126419019,False,True,
signature_pilot_payload_com_only,14201,frozen,post_shift,3,0.12,-0.1,-0.15,0.11819426520261965,-0.08178513749615679,-0.03736029785473301,0.12007355870990447,-0.10152512918962599,-0.1331521013674154,0.610571413579409,2.3325348318701282,False,nan,False,False,BASE_HEIGHT_LIMIT
signature_pilot_payload_com_only,14202,frozen,post_shift,3,0.12,-0.1,-0.15,0.1015898775714783,-0.06137899621116115,-0.05888697455299414,0.11553162206458978,-0.10309056122876241,-0.1388159178091794,0.6213416787210327,2.335025609443219,False,0.4819064630530214,False,True,
signature_pilot_payload_com_only,14203,frozen,post_shift,3,0.12,-0.1,-0.15,0.09185500539653173,-0.06524526600975944,-0.08175038381510345,0.11971843578158604,-0.1067407711285055,-0.13171378696188732,0.446818014928314,1.5570754666838376,False,0.6377325128435909,False,True,
signature_pilot_payload_com_only,14204,frozen,post_shift,3,0.12,-0.1,-0.15,0.09107241214645649,-0.06788241377594312,-0.09249977395166584,0.11207847324127855,-0.10463720197434134,-0.13117411482031868,0.30188916099445856,0.6149320779525314,False,0.2439110816479211,False,True,
signature_pilot_payload_com_only,14205,frozen,post_shift,3,0.12,-0.1,-0.15,0.09841820678956349,-0.05245239267941871,-0.09536332003123332,0.11595642288798635,-0.10137104673121879,-0.13421528543672165,0.4093889187319812,2.3816103514392797,False,0.20141278691590195,False,True,
signature_pilot_payload_com_only,14206,frozen,post_shift,3,0.12,-0.1,-0.15,0.11622631211108711,-0.07899355194026264,-0.05169183121909438,0.11612678206312851,-0.0993319976694944,-0.13908397186168026,0.5169100867487854,0.8878710389580976,False,0.491695675784112,False,True,
signature_pilot_payload_com_only,14207,frozen,post_shift,3,0.12,-0.1,-0.15,0.11408330790018018,-0.07345132547546433,0.0022917673501166016,0.11122243574886628,-0.10620731662906716,-0.13315941787210053,1.2501336333144115,1.8695037077835535,False,0.7202360375544006,True,True,
signature_pilot_payload_com_only,14208,frozen,post_shift,3,0.12,-0.1,-0.15,0.08268899088699444,-0.06582147577668175,-0.060179398724155744,0.11851793378327238,-0.09433883928601906,-0.12947980462117306,0.5428750816403852,0.2647051770609242,False,0.17790532291882397,False,True,
signature_pilot_payload_com_only,14201,frozen,post_shift,4,0.12,0.1,0.15,0.06382834907572428,0.04932934482503733,0.04216378622831659,0.11556095356158466,0.09561841948849996,0.15072918156810283,1.242633666157624,2.075168498027752,False,0.2054441415373631,False,True,
signature_pilot_payload_com_only,14202,frozen,post_shift,4,0.12,0.1,0.15,0.09534587579601721,0.041631201071910415,0.14565591914725842,0.11465067607621318,0.09565538213792447,0.14793010867916878,0.3842289235232441,1.219254532966463,False,0.5838930576412357,False,True,
signature_pilot_payload_com_only,14203,frozen,post_shift,4,0.12,0.1,0.15,0.03533752690539822,0.04462869041719854,-0.0031441912134581996,0.1173788534091316,0.09209861582655547,0.15560342537815802,2.616203032318825,2.6732784990026626,False,0.711730576162762,False,True,
signature_pilot_payload_com_only,14204,frozen,post_shift,4,0.12,0.1,0.15,0.13913766006846034,0.04142318588136992,0.18432602758698374,0.11626313185899924,0.09775190775885975,0.15363486430705475,0.48481735642066165,0.0,False,0.8265309346379366,True,True,
signature_pilot_payload_com_only,14205,frozen,post_shift,4,0.12,0.1,0.15,0.028590789669047878,0.05090763500125167,0.021287056141231858,0.1174052170225061,0.09895854852819715,0.15006962911031174,2.0754899955905755,2.957100347029855,False,0.4086851411119787,False,True,
signature_pilot_payload_com_only,14206,frozen,post_shift,4,0.12,0.1,0.15,0.03350732018726536,0.02236883408227958,0.0030655904123446823,0.11780054699002059,0.10148413429892833,0.13801067872518105,2.684278043146213,2.072149082104311,False,1.455131502523383,True,True,
signature_pilot_payload_com_only,14207,frozen,post_shift,4,0.12,0.1,0.15,0.032481264415215594,0.035588649090309954,0.033028808068071916,0.11508214219563112,0.09302164843309803,0.14900881536532334,1.8838416143018104,2.253345322085364,False,0.4722654348706545,False,True,
signature_pilot_payload_com_only,14208,frozen,post_shift,4,0.12,0.1,0.15,0.13859198803367573,0.06562195583154946,0.17936211591505224,0.10975619039008189,0.09547340212608244,0.15424076011431476,0.24022779964334992,0.0,False,0.6335683801882681,False,True,
signature_pilot_payload_com_only,14201,frozen,post_shift,5,-0.2,0.0,-0.2,-0.08566133079205138,0.0028401280142565,-0.14644216758536927,-0.20608270246057836,-0.0019352893261521517,-0.18339336912564866,1.8172415697685336,2.392410067796286,False,0.5199421294085094,False,True,
signature_pilot_payload_com_only,14202,frozen,post_shift,5,-0.2,0.0,-0.2,-0.10654256926790802,0.02855792980609622,-0.13611602609387372,-0.206042890852751,-0.001711950944525692,-0.18616943813137857,1.4380596695744108,1.1573142025408738,False,0.960858875200278,False,True,
signature_pilot_payload_com_only,14203,frozen,post_shift,5,-0.2,0.0,-0.2,-0.09581736874593108,0.01852856788532841,-0.10706960194970741,-0.20292524944442927,-0.00466483894616922,-0.18691556344525664,1.8271679710126236,3.0004464700152864,False,0.568294478420805,False,True,
signature_pilot_payload_com_only,14204,frozen,post_shift,5,-0.2,0.0,-0.2,-0.09231895028328183,0.020902038544948612,-0.09423985399201827,-0.20235660436810465,-0.0049083617226722935,-0.18766213377223126,2.0672323237767265,0.5672323237767265,False,0.7712056852725593,False,True,
signature_pilot_payload_com_only,14205,frozen,post_shift,5,-0.2,0.0,-0.2,-0.0996769465376796,0.012932933264726386,-0.07486398552579226,-0.20399949599118147,0.0005836195743864226,-0.18655032663212792,2.0854217125315686,3.5425220595614237,False,0.7442362195121542,False,True,
signature_pilot_payload_com_only,14206,frozen,post_shift,5,-0.2,0.0,-0.2,-0.09641229593982713,0.014061281731355896,-0.07509866556654143,-0.19973002058866202,-0.0007149630362034479,-0.1827335370902202,2.0177675661433243,2.5899166482476352,False,0.7611202324518311,False,True,
signature_pilot_payload_com_only,14207,frozen,post_shift,5,-0.2,0.0,-0.2,-0.07845812756186421,0.013455691988692184,-0.11511283402295085,-0.20391369235396498,-0.005496373615069521,-0.18650910954161842,2.238341797360064,2.991687119445428,False,0.6262886370499413,False,True,
signature_pilot_payload_com_only,14208,frozen,post_shift,5,-0.2,0.0,-0.2,-0.09555033134840343,0.02188475860878211,-0.07958473628479065,-0.20120625260030128,0.0033236976146961065,-0.18262090539701512,2.0336289800164296,0.5336289800164296,False,0.6619695646513386,False,True,
